tool_used,link,link,creation_date,Stars,Watchers,Forks,Releases,packages,Contributors,openIssues,closedIssues,OpenPullRequests,ClosedPullRequests,Commits,type
spdx-maven-plugin,https://github.com/zvr/hub-spdx,https://github.com/zvr/hub-spdx,2018-04-24T17:17:46Z,81,14,79,32,,15,194,407,7,321,766,SPDX
bom,https://github.com/Zolko-123/FreeCAD_Assembly4,https://github.com/Zolko-123/FreeCAD_Assembly4,2019-03-10T11:58:17Z,7,10,3,,0,2,0,3,0,2,122,SPDX
ko-build/ko,https://github.com/zdharma-continuum/zinit,https://github.com/zdharma-continuum/zinit,2021-10-30T01:07:44Z,2,3,2,16,0,2,2,12,1,36,148,SPDX
cyclonedx-python,https://github.com/zama-ai/concrete-numpy,https://github.com/zama-ai/concrete-numpy,2021-09-06T07:59:31Z,474,14,53,29,0,28,92,301,5,680,588,SPDX
cyclonedx-gomod,https://github.com/zabbix/zabbix,https://github.com/zabbix/zabbix,2014-02-27T15:36:03Z,6000,128,748,68,8,178,338,1169,16,2485,"1,739",SPDX
sbom-tool,https://github.com/yuuki1967/https-gintro-to-dotnet-web-dev,https://github.com/yuuki1967/https-gintro-to-dotnet-web-dev,2023-07-04T13:35:53Z,0,0,0,,0,2,0,2,0,39,68,SPDX
cyclonedx-maven-plugin,https://github.com/Yong-An-Dang/nuclei-plus,https://github.com/Yong-An-Dang/nuclei-plus,2022-09-28T01:59:16Z,11,2,6,18,0,5,8,10,7,235,609,SPDX
bom,https://github.com/yirutang/insert-id,https://github.com/yirutang/insert-id,2019-12-12T01:08:50Z,135000,202,29000,267,1,770,851,4504,46,5488,"4,724",SPDX
spdx-maven-plugin,https://github.com/yevster/spdx-edit,https://github.com/yevster/spdx-edit,2015-07-01T07:04:46Z,24,11,14,34,,16,28,181,3,317,664,SPDX
cyclonedx-go,https://github.com/yaklang/yaklang,https://github.com/yaklang/yaklang,2023-04-29T05:21:07Z,7,3,1,,,,0,0,0,0,148,SPDX
bom,https://github.com/xsm110/Beam15.0,https://github.com/xsm110/Beam15.0,2019-08-26T09:56:51Z,26,3,12,,0,52,15,16,0,11,"6,617",SPDX
cyclonedx-go,https://github.com/XmirrorSecurity/OpenSCA-cli,https://github.com/XmirrorSecurity/OpenSCA-cli,2021-12-30T04:44:37Z,81,4,41,,0,29,12,12,11,294,257,SPDX
build-info-go,https://github.com/xhcoding/.emacs.d,https://github.com/xhcoding/.emacs.d,2023-01-20T15:53:05Z,0,2,7,,0,6,14,24,1,54,130,SPDX
cyclonedx-go,https://github.com/xeol-io/xeol,https://github.com/xeol-io/xeol,2022-12-23T17:52:15Z,47,5,9,5,0,3,3,9,0,17,57,SPDX
ko-build/ko,https://github.com/X-lab2017/open-digger,https://github.com/X-lab2017/open-digger,2020-08-18T11:03:58Z,14,2,3,11,4,4,25,45,9,344,553,SPDX
gh-dotnet-generate-sbom,https://github.com/wulfland/AccelerateDevOps,https://github.com/wulfland/AccelerateDevOps,2021-07-07T08:01:50Z,4,3,0,2,,2,0,0,0,5,9,SPDX
cyclonedx-maven-plugin,https://github.com/wso2/security-tools,https://github.com/wso2/security-tools,2015-11-23T04:43:14Z,677,59,358,41,0,108,356,916,28,1230,"9,499",SPDX
ko-build/ko,https://github.com/wolfi-dev/os,https://github.com/wolfi-dev/os,2022-09-07T19:46:09Z,24000,50,184,,0,39,22,27,50,416,322,SPDX
ort,https://github.com/wings-software/platform-demo2,https://github.com/wings-software/platform-demo2,2021-07-26T22:24:10Z,13,4,10,,0,26,0,3,0,3,"1,462",SPDX
ort,https://github.com/wings-software/payment-service,https://github.com/wings-software/payment-service,2021-08-18T18:55:11Z,141,13,49,,7,36,97,258,2,727,640,SPDX
sbom-tool,https://github.com/wabbit-networks/net-monitor,https://github.com/wabbit-networks/net-monitor,2021-03-02T18:38:13Z,43,6,31,16,0,11,10,50,2,62,215,SPDX
tools-golang,https://github.com/w3c-ccg/traceability-vocab,https://github.com/w3c-ccg/traceability-vocab,2020-10-13T16:30:53Z,140,23,38,19,0,9,6,101,2,45,879,SPDX
tools-python,https://github.com/vu-ls/advise,https://github.com/vu-ls/advise,2023-03-07T15:34:26Z,0,0,0,,0,3,0,0,0,0,57,SPDX
cyclonedx-gomod,https://github.com/volution/z-scratchpad,https://github.com/volution/z-scratchpad,2021-08-05T19:06:27Z,8,5,5,2,1,4,5,2,2,5,29,SPDX
cyclonedx-gomod,https://github.com/volution/z-run,https://github.com/volution/z-run,2019-08-04T15:58:09Z,2,1,0,9,0,3,0,1,0,3,50,SPDX
cyclonedx-gomod,https://github.com/volution/kawipiko,https://github.com/volution/kawipiko,2018-11-09T16:05:54Z,0,22,0,,0,2,0,0,0,4,41,SPDX
tools-golang,https://github.com/vmware-samples/sbom-composer,https://github.com/vmware-samples/sbom-composer,2022-07-20T13:22:52Z,3,2,1,,0,,2,0,0,2,6,SPDX
ort,https://github.com/vinland-technology/compliance-tool-collection,https://github.com/vinland-technology/compliance-tool-collection,2021-05-02T21:59:04Z,393,8,37,,3,20,24,90,26,774,"1,346",SPDX
cyclonedx-maven-plugin,https://github.com/vaadin/platform,https://github.com/vaadin/platform,2017-05-19T16:34:14Z,30,29,32,,0,26,60,236,0,581,"2,813",SPDX
bom,https://github.com/uservers/miniprow,https://github.com/uservers/miniprow,2021-03-31T19:57:40Z,100,10,44,14,,28,24,51,2,193,827,SPDX
cyclonedx-cli,https://github.com/trustification/trustification,https://github.com/trustification/trustification,2023-05-03T16:03:26Z,131,13,65,109,0,51,8,265,5,1805,"3,296",SPDX
sbom-tool,https://github.com/togglz/togglz,https://github.com/togglz/togglz,2011-12-21T16:49:03Z,0,3,0,,0,2,0,0,3,19,200,SPDX
ort,https://github.com/todogroup/ospolandscape,https://github.com/todogroup/ospolandscape,2021-02-17T17:04:51Z,1,3,0,,0,5,4,1,0,1,44,SPDX
ko-build/ko,https://github.com/tilt-dev/ctlptl,https://github.com/tilt-dev/ctlptl,2020-10-16T18:30:00Z,2,0,1,,,3,0,0,0,3,26,SPDX
pip-audit,https://github.com/tern-tools/tern,https://github.com/tern-tools/tern,2017-11-27T23:32:17Z,36,10,10,9,0,11,2,75,0,80,283,SPDX
ko-build/ko,https://github.com/tektoncd/catalog,https://github.com/tektoncd/catalog,2019-04-25T19:54:27Z,435,12,68,74,2,8,36,45,1,46,263,SPDX
cyclonedx-go,https://github.com/tap8stry/orion,https://github.com/tap8stry/orion,2021-11-09T14:14:29Z,230,12,68,10,0,29,6,186,2,257,909,SPDX
bom,https://github.com/syspack/pakages,https://github.com/syspack/pakages,2022-05-13T23:45:30Z,2,3,1,,0,2,0,0,0,0,2,SPDX
bom,https://github.com/syself/cluster-api-provider-hetzner,https://github.com/syself/cluster-api-provider-hetzner,2021-08-25T11:32:07Z,9,3,3,,0,19,0,0,74,53,909,SPDX
syft,https://github.com/synapsecns/sanguine,https://github.com/synapsecns/sanguine,2022-05-24T08:16:06Z,3,3,3,4,0,3,2,6,5,20,111,SPDX
tools-golang,https://github.com/swinslow/kernel-spdx-ids,https://github.com/swinslow/spdx-oin,2018-12-09T23:15:32Z,8,9,12,,0,6,1,0,0,35,139,SPDX
tools-golang,https://github.com/swinslow/cncf-exceptions-maker,https://github.com/swinslow/cncf-exceptions-maker,2019-11-01T17:16:44Z,11,3,6,5,0,4,2,23,0,91,73,SPDX
cyclonedx-python,https://github.com/supakeen/pinnwand,https://github.com/supakeen/pinnwand,2019-02-20T16:52:16Z,92,11,41,,0,9,9,23,0,38,81,SPDX
build-info-go,https://github.com/sublimelsp/LSP-json,https://github.com/sublimelsp/LSP-json,2019-03-10T23:45:34Z,3,2,25,,0,7,0,0,0,687,812,SPDX
bom,https://github.com/spidernet-io/spiderpool,https://github.com/spidernet-io/spiderpool,2022-03-07T03:45:43Z,270,9,53,,1,38,58,64,19,578,"1,502",SPDX
bom,https://github.com/spidernet-io/spiderdoctor,https://github.com/spidernet-io/spiderdoctor,2022-11-11T03:27:17Z,2,2,3,,0,,0,0,0,0,54,SPDX
bom,https://github.com/spidernet-io/rocktemplate,https://github.com/spidernet-io/rocktemplate,2022-10-12T13:24:15Z,2,9,0,,0,,0,0,0,0,3,SPDX
bom,https://github.com/spidernet-io/egressgateway,https://github.com/spidernet-io/egressgateway,2022-10-24T07:14:58Z,0,1,0,,0,677,0,0,1,0,"29,100",SPDX
Spdx-Java-Library,https://github.com/spdx/tools-java,https://github.com/spdx/tools-java,2020-01-06T18:02:19Z,7,2,0,4,0,3,1,0,0,0,55,SPDX
Spdx-Java-Library,https://github.com/spdx/tools-golang,https://github.com/spdx/tools-golang,2019-01-10T21:31:26Z,13,7,4,,,6,1,2,2,3,11,SPDX
spdx-maven-plugin,https://github.com/spdx/tools,https://github.com/spdx/tools,2015-03-23T21:46:19Z,2,6,1,,0,235,1,0,7,7,"4,879",SPDX
tools-java,https://github.com/spdx/spdx-to-osv,https://github.com/spdx/spdx-to-osv,2021-09-29T18:40:04Z,2,5,2,,0,259,0,0,3,21,"5,808",SPDX
Spdx-Java-Library,https://github.com/spdx/spdx-testbed,https://github.com/spdx/spdx-testbed,2022-09-08T14:28:31Z,4,57,0,71,0,16,1,2,2,491,601,SPDX
tools-java,https://github.com/spdx/spdx-online-tools,https://github.com/spdx/spdx-online-tools,2017-05-22T23:58:36Z,0,1,1,3,6,3,5,44,9,267,542,SPDX
Spdx-Java-Library,https://github.com/spdx/spdx-maven-plugin,https://github.com/spdx/spdx-maven-plugin,2014-01-13T19:55:58Z,0,0,0,,0,555,0,0,0,0,"85,435",SPDX
spdx-maven-plugin,https://github.com/spdx/spdx-java-spreadsheet-store,https://github.com/spdx/spdx-java-spreadsheet-store,2020-05-12T03:20:45Z,0,0,0,,0,11,0,0,0,0,"1,206",SPDX
spdx-maven-plugin,https://github.com/spdx/spdx-java-rdf-store,https://github.com/spdx/spdx-java-rdf-store,2019-12-06T23:06:03Z,24,13,35,,0,35,3,34,1,138,770,SPDX
spdx-maven-plugin,https://github.com/spdx/spdx-java-jackson-store,https://github.com/spdx/spdx-java-jackson-store,2020-01-17T23:36:22Z,128,2,10,6,5,9,43,157,17,596,744,SPDX
tools-java,https://github.com/spdx/spdx-examples,https://github.com/spdx/spdx-examples,2020-07-17T22:49:19Z,1,1,0,,0,,0,0,0,0,3,SPDX
tools-python,https://github.com/spdx/ntia-conformance-checker,https://github.com/spdx/ntia-conformance-checker,2022-07-18T21:32:45Z,1,14,1,,0,2,3,0,0,8,18,SPDX
tools-golang,https://github.com/spdx/gordf,https://github.com/spdx/gordf,2020-08-19T15:52:57Z,2,5,3,2,0,3,0,0,1,21,459,SPDX
spdx-maven-plugin,https://github.com/spdx/cdx2spdx,https://github.com/spdx/cdx2spdx,2021-07-15T20:12:13Z,0,1,0,,0,,0,0,0,0,11,SPDX
bom,https://github.com/SovereignCloudStack/cluster-stack-operator,https://github.com/SovereignCloudStack/cluster-stack-operator,2023-05-22T07:28:41Z,110,18,75,23,0,19,25,111,3,166,"1,015",SPDX
swift-package-sbom,https://github.com/sonatype-nexus-community/cargo-pants,https://github.com/sonatype-nexus-community/search-maven-org,2018-02-22T22:42:35Z,1,3,2,13,0,3,1,6,0,19,81,SPDX
cyclonedx-cli,https://github.com/SonarSource/sonar-scanner-vsts,https://github.com/SonarSource/sonar-scanner-vsts,2017-04-12T09:19:42Z,142000,192,42000,323,1,1113,2612,4061,375,7055,"5,887",SPDX
cyclonedx-go,https://github.com/snyk/parlay,https://github.com/snyk/parlay,2023-04-19T07:39:38Z,13,2,3,57,,2,3,8,10,158,382,SPDX
cyclonedx-webpack-plugin,https://github.com/silk-framework/silk,https://github.com/silk-framework/silk,2014-02-13T15:28:36Z,0,1,0,,0,,0,0,0,0,"23,197",SPDX
cyclonedx-maven-plugin,https://github.com/siemens/continuous-clearing,https://github.com/siemens/continuous-clearing,2023-02-10T10:43:09Z,4,2,3,3,,4,6,3,0,43,222,SPDX
ko-build/ko,https://github.com/shipwright-io/build,https://github.com/shipwright-io/build,2020-02-06T03:14:59Z,1,2,3,1,0,5,0,0,0,3,47,SPDX
tools-python,https://github.com/sethmlarson/cpython-sbom,https://github.com/sethmlarson/cpython-sbom,2023-08-30T21:40:14Z,2,2,2,,2,4,4,2,6,48,109,SPDX
bom,https://github.com/sdbs-uni-p/json-schema-corpus,https://github.com/sdbs-uni-p/json-schema-corpus,2021-03-26T13:49:23Z,571,14,85,12,,35,21,194,3,1676,"1,948",SPDX
ko-build/ko,https://github.com/ScoopInstaller/Main,https://github.com/ScoopInstaller/Main,2019-01-31T07:05:24Z,867,31,270,29,0,95,54,283,12,770,"1,463",SPDX
build-info-go,https://github.com/SchemaStore/schemastore,https://github.com/SchemaStore/schemastore,2014-11-18T01:02:10Z,0,2,1,,0,,0,0,0,1,2,SPDX
cyclonedx-cli,https://github.com/scanoss/scanoss.py,https://github.com/scanoss/scanoss.py,2021-06-15T19:29:33Z,164000,194,977,,0,123,70,451,2,872,"1,574",SPDX
cyclonedx-maven-plugin,https://github.com/SAP/jenkins-library,https://github.com/SAP/jenkins-library,2017-10-17T20:14:48Z,4,1,2,43,0,6,7,29,4,1453,"1,980",SPDX
bom,https://github.com/samuelmoss572/dataflowworkshop,https://github.com/samuelmoss572/dataflowworkshop,2019-08-07T15:07:50Z,6,5,3,,,4,3,1,3,15,208,SPDX
cyclonedx-gradle-plugin,https://github.com/samrocketman/jervis,https://github.com/samrocketman/jervis,2014-11-22T04:58:13Z,0,2,0,,0,469,0,0,11,13,"22,614",SPDX
ko-build/ko,https://github.com/salaboy/platforms-on-k8s,https://github.com/salaboy/platforms-on-k8s,2023-05-09T07:48:19Z,91,12,51,10,0,19,27,69,2,126,456,SPDX
cyclonedx-go,https://github.com/safedep/vet,https://github.com/safedep/vet,2022-12-30T03:39:03Z,0,2,1,5,0,,0,0,5,45,22,SPDX
bom,https://github.com/rohankumardubey/beam,https://github.com/rohankumardubey/beam,2021-09-21T06:14:15Z,2,1,1,1,0,2,2,0,0,0,2,SPDX
sbom-tool,https://github.com/rod4n4m1/hashi-vault-js,https://github.com/rod4n4m1/hashi-vault-js,2020-07-01T17:56:03Z,8,2,4,,0,,0,20,0,10,126,SPDX
bom,https://github.com/robertwb/beam-javascript,https://github.com/robertwb/beam-javascript,2022-01-04T00:51:30Z,6,1,1,,0,,0,0,0,0,57,SPDX
cyclonedx-maven-plugin,https://github.com/rmkanda/secure-pipeline-java-demo,https://github.com/rmkanda/secure-pipeline-java-demo,2020-05-28T10:31:01Z,1,4,5,,0,2,0,0,0,4,11,SPDX
tools-golang,https://github.com/riehlegroup/product-model-toolkit,https://github.com/riehlegroup/product-model-toolkit,2020-02-19T16:15:59Z,3,3,0,,1,2,0,0,0,0,21,SPDX
bom,https://github.com/RetireJS/retire.js,https://github.com/RetireJS/retire.js,2013-08-30T21:43:44Z,49,10,2,,0,,1,0,0,2,80,SPDX
build-info-go,https://github.com/remcohaszing/vscode-schemastore,https://github.com/remcohaszing/vscode-schemastore,2022-07-30T11:44:17Z,4,3,5,15,0,3,4,20,1,36,137,SPDX
bom,https://github.com/rancher/elemental-operator,https://github.com/rancher/elemental-operator,2022-05-25T10:23:32Z,0,1,0,1,0,,0,0,0,0,46,SPDX
cyclonedx-php-composer,https://github.com/Quobis/action-owasp-dependecy-track-check,https://github.com/Quobis/action-owasp-dependecy-track-check,2021-05-15T17:32:57Z,10,27,23,,0,69,2,92,2,92,"1,890",SPDX
tools-golang,https://github.com/QMSTR/qmstr,https://github.com/QMSTR/qmstr,2018-01-19T09:50:33Z,0,1,0,2,0,2,0,0,0,0,6,SPDX
cyclonedx-python-lib,https://github.com/pypi-data/pypi-json-data,https://github.com/pypi-data/pypi-json-data,2022-07-21T12:56:42Z,5,1,1,1,0,,0,0,1,5,"1,107",SPDX
cyclonedx-python-lib,https://github.com/pypa/pip-audit,https://github.com/pypa/pip-audit,2021-09-02T15:19:39Z,133,0,11,3,4,6,16,41,14,158,173,SPDX
cyclonedx-cli,https://github.com/puzzle/skills,https://github.com/puzzle/skills,2018-02-27T16:13:22Z,1,1,3,,0,2,0,0,0,0,17,SPDX
tools-golang,https://github.com/purpleidea/yesiscan,https://github.com/purpleidea/yesiscan,2021-05-05T16:08:26Z,3,4,11,,0,9,5,7,4,264,649,SPDX
bom,https://github.com/puerco/supply-chain-demo,https://github.com/puerco/supply-chain-demo,2022-03-08T07:37:36Z,47,12,14,,0,2,4,10,0,2,46,SPDX
bom,https://github.com/puerco/release-actions,https://github.com/puerco/release-actions,2023-12-02T20:32:00Z,0,1,0,,0,,0,0,0,0,15,SPDX
bom,https://github.com/Prow-Cluster-Bot/prow-config,https://github.com/Prow-Cluster-Bot/prow-config,2023-04-07T09:39:23Z,73000,97,35000,,0,2361,774,2282,517,116934,"105,871",SPDX
tools-golang,https://github.com/project-stacker/stacker-bom,https://github.com/project-stacker/stacker-bom,2023-02-09T19:02:46Z,31,5,21,14,0,15,7,33,0,90,223,SPDX
ort,https://github.com/privacy-tech-lab/privacy-pioneer-machine-learning,https://github.com/privacy-tech-lab/privacy-pioneer-machine-learning,2022-02-05T15:17:30Z,5,7,0,,0,2,3,4,0,2,129,SPDX
ort,https://github.com/porscheofficial/porscheofficial.github.io,https://github.com/porscheofficial/porscheofficial.github.io,2023-05-10T08:20:43Z,0,19,1,1,,6,0,18,0,18,22,SPDX
ort,https://github.com/porscheofficial/cookie-consent-banner,https://github.com/porscheofficial/cookie-consent-banner,2021-09-14T14:12:42Z,1,2,0,,0,,1,0,1,2,58,SPDX
ort,https://github.com/porscheofficial/.github,https://github.com/porscheofficial/.github,2021-09-21T12:57:50Z,25,2,16,,,2,0,0,0,1,22,SPDX
bom,https://github.com/pombredanne/gitlab.com-hoppr-hoppr-cyclonedx-models,https://github.com/pombredanne/gitlab.com-hoppr-hoppr-cyclonedx-models,2023-01-19T18:45:33Z,257,10,33,9,,28,8,54,0,286,891,SPDX
cyclonedx-maven-plugin,https://github.com/pmckeown/dependency-track-maven-plugin,https://github.com/pmckeown/dependency-track-maven-plugin,2019-06-29T22:02:31Z,18,4,0,36,,,0,1,0,0,321,SPDX
cyclonedx-python,https://github.com/planetmint/planetmint-driver-python,https://github.com/planetmint/planetmint-driver-python,2022-01-24T08:13:21Z,459000,15000,57000,210,0,607,165,4995,165,4995,"104,983",SPDX
cyclonedx-node-npm,https://github.com/phylum-dev/cli,https://github.com/phylum-dev/cli,2021-03-19T14:21:50Z,0,1,0,,0,,0,0,0,0,15,SPDX
bom,https://github.com/philipwig/ledcube,https://github.com/philipwig/ledcube,2021-08-11T16:14:53Z,0,1,0,,0,,0,0,0,0,8,SPDX
ort,https://github.com/philips-software/spdx-builder,https://github.com/philips-software/spdx-builder,2020-07-16T06:14:32Z,24,2,8,7,,5,9,12,1,55,321,SPDX
sbom-tool,https://github.com/philips-software/post-to-medium-action,https://github.com/philips-software/post-to-medium-action,2021-10-27T07:49:02Z,20,4,7,5,0,3,3,11,0,20,74,SPDX
cyclonedx-python,https://github.com/pgjones/tozo,https://github.com/pgjones/tozo,2022-07-22T09:20:17Z,10,8,5,,0,3,0,5,0,3,68,SPDX
cyclonedx-python-lib,https://github.com/pfsense/FreeBSD-ports,https://github.com/pfsense/FreeBSD-ports,2015-08-20T20:02:11Z,4,1,12,,0,5,0,0,2,4,88,SPDX
spdx-maven-plugin,https://github.com/pezra/pretty-printer,https://github.com/pezra/pretty-printer,2011-03-30T15:21:38Z,79,18,25,6,0,16,15,28,1,109,206,SPDX
cyclonedx-python-lib,https://github.com/pentagridsec/smsgate,https://github.com/pentagridsec/smsgate,2022-11-16T11:16:45Z,52,14,59,4,0,29,43,186,14,251,"1,170",SPDX
gh-dotnet-generate-sbom,https://github.com/paralax/ObsidianSailboat,https://github.com/paralax/ObsidianSailboat,2019-02-27T01:34:33Z,1,11,1,,0,2,0,0,0,0,44,SPDX
cyclonedx-go,https://github.com/paketo-buildpacks/packit,https://github.com/paketo-buildpacks/packit,2019-10-10T19:20:22Z,0,2,0,,0,,0,0,0,0,132,SPDX
sbom-cli,https://github.com/oxsecurity/megalinter,https://github.com/oxsecurity/megalinter,2020-10-17T08:16:25Z,17,7,5,1396,11,14,27,39,22,1317,"1,271",SPDX
bom,https://github.com/owasp-dep-scan/dep-scan,https://github.com/owasp-dep-scan/dep-scan,2020-01-28T20:41:58Z,22000,35,684,61,2,218,272,752,45,1741,"1,447",SPDX
cyclonedx-gomod,https://github.com/owasp-amass/amass,https://github.com/owasp-amass/amass,2018-07-10T16:05:08Z,3,1,0,,,,0,1,0,0,6,SPDX
build-info-go,https://github.com/ovh/cds,https://github.com/ovh/cds,2016-10-11T08:28:23Z,1,1,0,,0,817,0,0,0,0,"32,994",SPDX
dtrack-audit,https://github.com/oss-compass/compass-web,https://github.com/oss-compass/compass-web,2022-09-29T09:44:01Z,0,2,1,,0,2,0,0,17,140,61,SPDX
cyclonedx-maven-plugin,https://github.com/oracle/tribuo,https://github.com/oracle/tribuo,2020-06-16T09:59:48Z,7,4,1,10,1,3,7,13,0,13,73,SPDX
cyclonedx-gradle-plugin,https://github.com/oracle/okafka,https://github.com/oracle/okafka,2020-04-24T21:12:09Z,0,1,5,427,0,3,33,10,59,131,922,SPDX
cyclonedx-python,https://github.com/oracle/oci-python-sdk,https://github.com/oracle/oci-python-sdk,2016-11-04T04:50:20Z,34000,87,430,11,0,95,2,230,0,186,844,SPDX
cyclonedx-maven-plugin,https://github.com/oracle/oci-java-sdk,https://github.com/oracle/oci-java-sdk,2016-12-06T04:05:39Z,4,3,3,4,0,6,0,1,0,13,64,SPDX
cyclonedx-python,https://github.com/oracle/oci-ansible-collection,https://github.com/oracle/oci-ansible-collection,2020-04-23T16:48:27Z,0,3,4,6,0,10,3,40,3,40,39,SPDX
cyclonedx-maven-plugin,https://github.com/oracle/nosql-java-sdk,https://github.com/oracle/nosql-java-sdk,2020-09-27T00:05:54Z,7,6,7,,0,901,0,0,0,16,"35,634",SPDX
cyclonedx-maven-plugin,https://github.com/oracle/macaron,https://github.com/oracle/macaron,2022-12-05T07:16:28Z,46,2,12,,0,9,12,13,1,59,108,SPDX
cyclonedx-cli,https://github.com/oracle/hiq,https://github.com/oracle/hiq,2022-03-04T08:59:02Z,0,2,0,,0,,0,0,0,0,5,SPDX
cyclonedx-python,https://github.com/oracle/dbt-oracle,https://github.com/oracle/dbt-oracle,2022-04-11T07:06:04Z,25,6,8,,0,7,0,9,0,53,"1,417",SPDX
spdx-maven-plugin,https://github.com/opossum-tool/OpossumUI,https://github.com/opossum-tool/OpossumUI,2021-09-21T14:45:15Z,25,17,9,13,13,11,4,9,2,156,133,SPDX
tools-python,https://github.com/opossum-tool/opossum.lib.py,https://github.com/opossum-tool/opossum.lib.py,2023-03-06T12:34:09Z,3,9,14,23,0,14,3,412,3,412,"2,259",SPDX
tools-java,https://github.com/opossum-tool/examples,https://github.com/opossum-tool/examples,2021-09-20T06:27:47Z,420,62,738,,0,513,0,13,0,13,"85,611",SPDX
cyclonedx-python-lib,https://github.com/opnsense/ports,https://github.com/opnsense/ports,2014-12-13T15:19:32Z,4,1,0,3,,2,0,0,0,1,44,SPDX
sbom-cli-plugin,https://github.com/opnfv/releng,https://github.com/opnfv/releng,2016-11-03T17:45:08Z,6,10,11,71,0,6,3,298,3,298,242,SPDX
spdx-maven-plugin,https://github.com/OpenTOSCA/license-engine,https://github.com/OpenTOSCA/license-engine,2020-11-20T15:21:48Z,0,3,0,,0,,0,0,0,0,176,SPDX
cyclonedx-cli,https://github.com/opensourceways/sbom-tools,https://github.com/opensourceways/sbom-tools,2022-08-05T03:45:05Z,2,1,0,,0,3,0,0,33,23,103,SPDX
tools-golang,https://github.com/opensbom-generator/sbom-composer,https://github.com/opensbom-generator/sbom-composer,2023-03-17T14:16:51Z,373,5,55,41,5,29,52,534,13,1765,"2,649",SPDX
sbom-cli,https://github.com/opendevstack/ods-jenkins-shared-library,https://github.com/opendevstack/ods-jenkins-shared-library,2018-07-27T11:44:32Z,2,1,0,,0,2,0,0,0,0,109,SPDX
cyclonedx-go,https://github.com/openclarity/vmclarity,https://github.com/openclarity/vmclarity,2022-11-04T16:06:44Z,0,2,0,,0,,1,0,0,0,2,SPDX
tools-java,https://github.com/Open-Source-Compliance/package-analysis,https://github.com/Open-Source-Compliance/package-analysis,2022-03-02T09:01:20Z,33000,58,378,36,1,78,92,259,9,362,633,SPDX
cyclonedx-gomod,https://github.com/open-feature/go-sdk,https://github.com/open-feature/go-sdk,2022-04-28T21:00:52Z,8,3,7,6,1,3,4,16,0,17,84,SPDX
cyclonedx-gomod,https://github.com/open-feature/flagd,https://github.com/open-feature/flagd,2022-05-26T12:05:42Z,4,10,4,54,0,10,0,1,2,861,"1,211",SPDX
cyclonedx-python-lib,https://github.com/on-nix/pkgs,https://github.com/on-nix/pkgs,2021-10-18T06:23:33Z,0,1,2,2,,8,0,3,6,34,58,SPDX
sbom-tool,https://github.com/OKiMaureen/test,https://github.com/OKiMaureen/test,2019-03-21T13:39:25Z,66,7,7,,0,2,0,1,0,17,"1,005",SPDX
cyclonedx-go,https://github.com/ocurity/dracon,https://github.com/ocurity/dracon,2023-02-13T17:16:44Z,48000,124,1000,184,0,282,67,1209,50,5985,"8,333",SPDX
sbom-tool,https://github.com/octodemo/sbom-dependency-submission,https://github.com/octodemo/sbom-dependency-submission,2022-10-03T22:33:03Z,0,2,0,,0,,0,0,0,0,1,SPDX
bom,https://github.com/oasis-open/openc2-jadn-software,https://github.com/oasis-open/openc2-jadn-software,2017-08-28T18:45:52Z,1,2,0,,0,2,0,0,4,18,"26,882",SPDX
tools-golang,https://github.com/nydusaccelerator/buildkit,https://github.com/nydusaccelerator/buildkit,2023-01-05T03:50:05Z,9,6,9,,0,3,1,1,0,6,34,SPDX
bom,https://github.com/numaproj/numaflow,https://github.com/numaproj/numaflow,2022-05-20T22:05:07Z,15,9,10,8,0,22,36,49,3,57,506,SPDX
cyclonedx-gomod,https://github.com/nscuro/dtapac,https://github.com/nscuro/dtapac,2022-04-15T15:56:50Z,1,3,15,2,0,8,2,1,1,15,94,SPDX
sbom-cli-plugin,https://github.com/noironetworks/aci-containers,https://github.com/noironetworks/aci-containers,2016-09-01T20:40:29Z,58,5,170,,0,11,16,7,23,9,"1,216",SPDX
cyclonedx-node-npm,https://github.com/nodeshift/faas-js-runtime,https://github.com/nodeshift/faas-js-runtime,2019-10-16T03:01:12Z,0,1,0,2,0,,1,0,0,3,2,SPDX
spdx-maven-plugin,https://github.com/NodeSecure/licenses-conformance,https://github.com/NodeSecure/licenses-conformance,2021-08-30T20:47:45Z,47,10,50,,0,30,26,114,1,503,"3,333",SPDX
cyclonedx-python-lib,https://github.com/NixOS/nixpkgs,https://github.com/NixOS/nixpkgs,2012-06-04T02:49:46Z,0,1,0,,,3,4,19,7,173,666,SPDX
cyclonedx-python,https://github.com/nix-community/poetry2nix,https://github.com/nix-community/poetry2nix,2019-06-17T15:26:38Z,15,4,2,,0,3,10,1,3,9,40,SPDX
bom,https://github.com/nix-community/nur-combined,https://github.com/nix-community/nur-combined,2018-08-04T16:29:54Z,0,2,0,,0,,0,0,0,0,1,SPDX
sbom-cli,https://github.com/nicholasdille/container-slides,https://github.com/nicholasdille/container-slides,2019-11-17T12:38:41Z,0,1,0,,,,1,0,0,0,3,SPDX
bom,https://github.com/nexB/scancode.io,https://github.com/nexB/scancode.io,2020-09-10T15:06:52Z,0,2,1,,0,,0,0,0,0,2,SPDX
tools-python,https://github.com/nexB/scancode-toolkit,https://github.com/nexB/scancode-toolkit,2015-07-01T13:43:06Z,1,7,1,,0,5,12,0,2,4,201,SPDX
tools-python,https://github.com/nexB/python-inspector,https://github.com/nexB/python-inspector,2022-05-12T19:42:57Z,1,0,3,106,0,6,9,2,0,67,464,SPDX
build-info-go,https://github.com/neoclide/coc-json,https://github.com/neoclide/coc-json,2018-09-07T08:04:25Z,2,2,0,4,7,,0,2,0,21,45,SPDX
cyclonedx-python,https://github.com/NC3-LU/Fit4Cybersecurity,https://github.com/NC3-LU/Fit4Cybersecurity,2019-07-09T07:40:36Z,18000,69,504,68,,314,861,1412,18,1167,"10,739",SPDX
bom,https://github.com/MrWenBo/mescep,https://github.com/MrWenBo/mescep,2017-05-19T14:29:48Z,48,2,25,71,0,21,72,135,9,1839,"3,482",SPDX
build-info-go,https://github.com/mrtazz/dotfiles,https://github.com/mrtazz/dotfiles,2012-08-25T22:52:09Z,3,7,0,2,2,4,19,11,1,72,175,SPDX
cyclonedx-gomod,https://github.com/mostafa/xk6-kafka,https://github.com/mostafa/xk6-kafka,2020-05-09T13:13:04Z,0,0,0,,0,,0,0,0,0,15,SPDX
spdx-maven-plugin,https://github.com/moleske/geode-protobuf,https://github.com/moleske/geode-protobuf,2021-05-05T22:59:53Z,0,2,0,,0,4,0,0,0,0,144,SPDX
cyclonedx-node-npm,https://github.com/MO-Movia/licit,https://github.com/MO-Movia/licit,2020-09-19T22:57:43Z,5,1,2,,0,4,0,0,15,14,334,SPDX
tools-golang,https://github.com/mmogylenko/rules_deb_packages,https://github.com/mmogylenko/rules_deb_packages,2023-06-09T20:44:51Z,13,7,7,,,6,3,2,0,63,222,SPDX
sbom-tool,https://github.com/mluker/secure-supply-chain,https://github.com/mluker/secure-supply-chain,2023-02-24T16:29:47Z,413,32,157,104,0,82,52,65,16,3334,"9,917",SPDX
sbom-tool,https://github.com/mluker/artifact-signing,https://github.com/mluker/artifact-signing,2022-11-17T19:47:55Z,1,0,0,,0,,0,0,0,0,75,SPDX
cyclonedx-cli,https://github.com/mlieberman85/supply-chain-examples,https://github.com/mlieberman85/supply-chain-examples,2021-08-28T19:07:59Z,69,4,6,13,,4,3,14,0,8,120,SPDX
cyclonedx-maven-plugin,https://github.com/Mixeway/MixewayScanner,https://github.com/Mixeway/MixewayScanner,2020-08-18T11:13:35Z,102,22,41,,0,19,9,22,7,330,748,SPDX
bom,https://github.com/mil-oss/spdx-xsd,https://github.com/mil-oss/spdx-xsd,2018-05-30T03:35:15Z,0,1,2,,0,2,0,0,0,2,2,SPDX
bom,https://github.com/midokura/gha-devops,https://github.com/midokura/gha-devops,2022-04-12T08:38:19Z,31,1,1,,0,11,58,123,2,365,"1,219",SPDX
sbom-tool,https://github.com/microsoft/winget-pkgs,https://github.com/microsoft/winget-pkgs,2019-07-16T22:21:48Z,0,8,1,,0,4,16,11,0,30,130,SPDX
sbom-tool,https://github.com/microsoft/promptflow,https://github.com/microsoft/promptflow,2023-06-30T06:03:06Z,24,11,34,,0,26,121,329,6,886,664,SPDX
bom,https://github.com/Micronaet/micronaet-sql,https://github.com/Micronaet/micronaet-sql,2015-02-18T08:13:23Z,4,4,4,,3,3,1,4,1,41,286,SPDX
tools-golang,https://github.com/mchmarny/disco,https://github.com/mchmarny/disco,2022-12-23T13:18:03Z,0,1,0,,0,475,0,0,12,13,"22,855",SPDX
ort,https://github.com/maxhbr/myconfig,https://github.com/maxhbr/myconfig,2012-12-04T18:26:32Z,87,9,12,,0,2,2,6,0,5,"35,581",SPDX
ort,https://github.com/maxhbr/benchmark,https://github.com/maxhbr/benchmark,2017-05-20T15:42:08Z,72000,259,4000,33,0,1136,4131,1908,123,22474,"40,491",SPDX
spdx-sbomgenerator,https://github.com/MaibornWolff/OSSLR,https://github.com/MaibornWolff/OSSLR,2021-08-24T09:45:38Z,0,2,1,,0,2,0,0,0,1,29,SPDX
cyclonedx-python,https://github.com/madpah/vexy,https://github.com/madpah/vexy,2022-07-04T14:37:59Z,2,2,2,,0,2,0,17,0,4,"1,035",SPDX
bom,https://github.com/MadhavJivrajani/owners-counts,https://github.com/MadhavJivrajani/owners-counts,2023-03-20T16:23:57Z,234000,977,58000,,0,1969,13,3609,13,3609,"111,285",SPDX
cyclonedx-python,https://github.com/luismayta/dotfiles,https://github.com/luismayta/dotfiles,2014-11-17T11:24:08Z,3,3,44,,0,3,0,0,604,67,26,SPDX
ort,https://github.com/LoremLabs/kudos-for-code-action,https://github.com/LoremLabs/kudos-for-code-action,2023-03-14T14:20:52Z,165000,310,24000,250,,645,913,7319,187,19797,"25,670",SPDX
cyclonedx-php-composer,https://github.com/lockys/Awesome.json,https://github.com/lockys/Awesome.json,2015-10-05T16:11:59Z,0,2,0,,0,4,1,0,7,149,393,SPDX
tools-python,https://github.com/LLNL/Surfactant,https://github.com/LLNL/Surfactant,2023-06-27T18:03:31Z,2,2,0,,0,535,0,0,10,14,"24,635",SPDX
spdx-sbomgenerator,https://github.com/LLNL/llnl.github.io,https://github.com/LLNL/llnl.github.io,2016-01-10T22:04:39Z,57,6,47,,0,25,21,41,10,257,938,SPDX
cyclonedx-gomod,https://github.com/lkarlslund/Adalanche,https://github.com/lkarlslund/Adalanche,2020-10-07T10:07:22Z,103,27,87,25,4,45,345,732,18,939,"1,831",SPDX
ort,https://github.com/linagora/Lincompliance,https://github.com/linagora/Lincompliance,2022-01-26T15:32:32Z,0,1,0,,0,,0,0,0,0,97,SPDX
spdx-sbomgenerator,https://github.com/lfit/releng-global-jjb,https://github.com/lfit/releng-global-jjb,2017-06-27T16:32:33Z,21,2,3,1,0,5,8,3,2,2,42,SPDX
tools-golang,https://github.com/lf-edge/eve,https://github.com/lf-edge/eve,2019-04-19T04:01:17Z,2,1,0,,0,2,0,0,90,34,29,SPDX
bom,https://github.com/leoluz/go-experiments,https://github.com/leoluz/go-experiments,2015-02-23T16:22:40Z,5,9,1,,0,2,1,9,0,6,31,SPDX
cyclonedx-python,https://github.com/Lee-W/cookiecutter-python-template,https://github.com/Lee-W/cookiecutter-python-template,2018-06-12T03:16:39Z,4,1,1,,0,557,0,0,1,0,"145,892",SPDX
bom,https://github.com/LArkema/dctransistor-project,https://github.com/LArkema/dctransistor-project,2021-10-18T20:45:45Z,4,8,7,18,,10,2,9,0,79,192,SPDX
bom,https://github.com/l2x6/cq-maven-plugin,https://github.com/l2x6/cq-maven-plugin,2020-03-16T20:41:40Z,0,2,3,,0,12,10,8,3,26,357,SPDX
cyclonedx-gomod,https://github.com/kyverno/policy-reporter-ui,https://github.com/kyverno/policy-reporter-ui,2021-03-13T16:20:46Z,4,3,0,,0,3,0,0,0,43,90,SPDX
bom,https://github.com/kubewarden/github-actions,https://github.com/kubewarden/github-actions,2022-01-20T13:31:23Z,1,1,0,,0,3,0,1,0,1,29,SPDX
ko-build/ko,https://github.com/kubernetes/release,https://github.com/kubernetes/release,2016-03-23T22:11:59Z,37,8,9,4,0,8,6,22,0,16,153,SPDX
ko-build/ko,https://github.com/kubernetes/cloud-provider-gcp,https://github.com/kubernetes/cloud-provider-gcp,2018-03-21T07:01:09Z,0,1,0,,0,11,0,0,0,0,105,SPDX
bom,https://github.com/kubernetes-sigs/security-profiles-operator,https://github.com/kubernetes-sigs/security-profiles-operator,2020-04-24T09:37:15Z,3,5,0,,3,3,1,0,0,6,6,SPDX
ko-build/ko,https://github.com/kubernetes-sigs/release-utils,https://github.com/kubernetes-sigs/release-utils,2021-03-04T01:01:28Z,15,2,0,,0,2,0,0,7,67,36,CycloneDX
tools-java,https://github.com/kubernetes-sigs/bom,https://github.com/kubernetes-sigs/bom,2021-11-19T13:06:36Z,19,5,14,11,0,,0,3,5,2,10,CycloneDX
cyclonedx-go,https://github.com/ksoclabs/kbom,https://github.com/ksoclabs/kbom,2023-04-24T12:10:52Z,87,7,13,6,2,11,81,65,17,314,271,CycloneDX
sbom-tool,https://github.com/kolaczyn/typescript-template,https://github.com/kolaczyn/typescript-template,2022-08-27T08:24:40Z,22,1,4,21,0,5,0,12,0,158,506,CycloneDX
ko-build/ko,https://github.com/ko-build/terraform-provider-ko,https://github.com/ko-build/terraform-provider-ko,2022-06-24T17:35:35Z,42,4,19,,0,10,5,2,3,39,331,CycloneDX
cyclonedx-cli,https://github.com/ko-build/ko,https://github.com/ko-build/ko,2019-03-21T19:24:01Z,109,3,24,122,6,7,0,20,0,209,413,CycloneDX
ko-build/ko,https://github.com/knative-extensions/eventing-rabbitmq,https://github.com/knative-extensions/eventing-rabbitmq,2020-05-07T21:25:50Z,2000,40,186,14,,11,18,165,0,597,"3,573",CycloneDX
bom,https://github.com/kdoctor-io/kdoctor,https://github.com/kdoctor-io/kdoctor,2023-06-05T03:59:18Z,83,10,60,46,0,36,8,192,2,1035,902,CycloneDX
bom,https://github.com/kbob/LED-Cube,https://github.com/kbob/LED-Cube,2019-03-17T12:10:36Z,29,4,55,12,2,7,48,40,15,763,414,CycloneDX
cyclonedx-maven-plugin,https://github.com/jvm-repo-rebuild/reproducible-central,https://github.com/jvm-repo-rebuild/reproducible-central,2019-01-16T01:54:48Z,33,5,3,7,,,14,22,0,0,657,CycloneDX
cyclonedx-node-npm,https://github.com/juice-shop/juice-shop,https://github.com/juice-shop/juice-shop,2014-09-19T14:53:06Z,892,30,187,23,0,65,49,473,2,707,"1,101",CycloneDX
cyclonedx-gradle-plugin,https://github.com/jreleaser/jreleaser,https://github.com/jreleaser/jreleaser,2020-11-28T14:33:15Z,17,4,4,14,0,4,7,5,7,107,146,CycloneDX
tools-python,https://github.com/jotterson/sbom-validator,https://github.com/jotterson/sbom-validator,2021-09-17T17:11:47Z,210,5,10,22,4,11,57,66,1,236,223,CycloneDX
sbom-tool,https://github.com/johnterickson/cargo2junit,https://github.com/johnterickson/cargo2junit,2019-02-16T18:00:02Z,15000,14,192,137,129,98,48,641,12,2237,"2,575",CycloneDX
cyclonedx-python,https://github.com/john-sandall/python-productivity-powerups,https://github.com/john-sandall/python-productivity-powerups,2020-05-05T16:26:11Z,453000,663,295000,,,1,703,7221,207,56365,"84,804",CycloneDX
cyclonedx-node-npm,https://github.com/joeferner/redis-commander,https://github.com/joeferner/redis-commander,2012-06-18T14:30:04Z,14,3,6,,,5,20,66,1,150,572,CycloneDX
build-info-go,https://github.com/jfrog/jfrog-client-go,https://github.com/jfrog/jfrog-client-go,2018-06-17T15:46:41Z,45,76,76,,0,36,4,1631,4,1631,814,CycloneDX
build-info-go,https://github.com/jfrog/jfrog-cli-plugins,https://github.com/jfrog/jfrog-cli-plugins,2020-10-26T07:57:42Z,127000,299,118000,,,14,27,5199,93,140539,"406,640",CycloneDX
build-info-go,https://github.com/jfrog/jfrog-cli-core,https://github.com/jfrog/jfrog-cli-core,2020-09-08T10:56:52Z,272,26,47,4,,11,69,126,8,97,627,CycloneDX
build-info-go,https://github.com/jfrog/jfrog-cli,https://github.com/jfrog/jfrog-cli,2015-08-18T20:49:18Z,87000,151,78000,202,,110,9,761,0,1318,"19,304",CycloneDX
cyclonedx-go,https://github.com/jetstack/tally,https://github.com/jetstack/tally,2022-09-07T09:00:43Z,26,3,16,,0,,0,0,0,0,164,CycloneDX
spdx-maven-plugin,https://github.com/JetBrains/kotlin,https://github.com/JetBrains/kotlin,2012-02-13T17:29:58Z,19,1,2,,0,2,4,0,1,13,48,CycloneDX
tools-golang,https://github.com/jasona7/ChatCVE,https://github.com/jasona7/ChatCVE,2023-05-25T14:16:44Z,454,10,27,19,0,3,0,6,0,315,"1,030",CycloneDX
swift-package-sbom,https://github.com/istio/release-builder,https://github.com/istio/release-builder,2019-08-19T22:52:41Z,19,11,21,17,0,11,1,4,1,80,229,CycloneDX
cyclonedx-gomod,https://github.com/interlynk-io/sbomqs,https://github.com/interlynk-io/sbomqs,2023-01-31T22:59:22Z,229,16,121,164,0,69,61,33,9,729,"1,374",CycloneDX
cyclonedx-go,https://github.com/interlynk-io/sbomasm,https://github.com/interlynk-io/sbomasm,2023-05-03T22:09:00Z,26,9,8,9,0,10,7,27,2,34,192,CycloneDX
sbom-cli,https://github.com/intelops/kubviz,https://github.com/intelops/kubviz,2021-12-19T06:21:54Z,27,4,13,,0,4,2,7,5,14,9,CycloneDX
tools-golang,https://github.com/in-toto/in-toto-golang,https://github.com/in-toto/in-toto-golang,2018-10-15T15:18:06Z,27,3,2,3,0,63,0,0,0,23,"11,676",CycloneDX
cyclonedx-node-npm,https://github.com/hyperledger/fabric-gateway,https://github.com/hyperledger/fabric-gateway,2020-09-15T09:49:35Z,115,9,82,13,1,15,17,133,2,444,465,CycloneDX
cyclonedx-python,https://github.com/HumbleData/beginners-data-workshop,https://github.com/HumbleData/beginners-data-workshop,2020-05-08T09:52:21Z,93,10,4,12,0,7,0,0,7,101,368,CycloneDX
cyclonedx-python,https://github.com/huggingface/datasets-server,https://github.com/huggingface/datasets-server,2021-07-26T09:00:53Z,65000,70,445,107,1,71,209,439,11,844,"1,036",CycloneDX
cyclonedx-gomod,https://github.com/Homebrew/homebrew-core,https://github.com/Homebrew/homebrew-core,2016-03-01T06:58:36Z,23,2,11,18,0,7,8,4,1,89,193,CycloneDX
bom,https://github.com/hivelocity/cluster-api-provider-hivelocity,https://github.com/hivelocity/cluster-api-provider-hivelocity,2022-10-21T14:25:15Z,25000,34,14000,,0,1183,51,400,12,2789,"3,072",CycloneDX
bom,https://github.com/helm/chartmuseum,https://github.com/helm/chartmuseum,2017-09-19T05:48:21Z,111,5,10,,0,,1,3,0,0,67,CycloneDX
ko-build/ko,https://github.com/gythialy/golang-cross,https://github.com/gythialy/golang-cross,2019-08-22T02:13:33Z,22,35,42,5,0,27,2,7,0,66,165,CycloneDX
cyclonedx-python-lib,https://github.com/guacsec/guac,https://github.com/guacsec/guac,2022-06-10T17:28:07Z,14,2,2,,,,0,0,0,0,"1,032",CycloneDX
cyclonedx-python,https://github.com/gromgit/homebrew-core-mojave,https://github.com/gromgit/homebrew-core-mojave,2021-11-16T10:03:08Z,13,1,1,4,0,2,1,6,5,84,186,CycloneDX
cyclonedx-gradle-plugin,https://github.com/groboclown/p4ic4idea,https://github.com/groboclown/p4ic4idea,2015-02-03T18:51:06Z,2000,18,120,5,1,58,60,134,22,309,"3,814",CycloneDX
sbom-tool,https://github.com/greenbone/actions,https://github.com/greenbone/actions,2021-05-22T15:42:03Z,129,28,105,,0,8,4,115,0,47,"26,176",CycloneDX
ko-build/ko,https://github.com/GoogleContainerTools/skaffold,https://github.com/GoogleContainerTools/skaffold,2018-01-23T18:51:29Z,333,33,277,262,0,29,29,229,7,313,594,CycloneDX
tools-golang,https://github.com/GoogleContainerTools/distroless,https://github.com/GoogleContainerTools/distroless,2017-04-18T22:02:38Z,18,5,5,2,0,5,1,9,0,287,404,CycloneDX
cyclonedx-go,https://github.com/google/osv-scanner,https://github.com/google/osv-scanner,2022-11-14T01:05:20Z,27,6,5,5,4,18,43,113,0,670,"1,237",CycloneDX
tools-java,https://github.com/goneall/spdx-model-to-java,https://github.com/goneall/spdx-model-to-java,2023-07-09T00:34:24Z,28,5,11,,0,700,0,38,0,38,"1,199,202",CycloneDX
sbom-tool,https://github.com/gon1942/how2github,https://github.com/gon1942/how2github,2023-09-17T13:51:33Z,252,19,76,2,,39,20,488,2,872,775,CycloneDX
sbom-tool,https://github.com/gon1942/git_command,https://github.com/gon1942/git_command,2018-07-04T08:05:08Z,366,14,40,15,,6,0,12,0,12,"3,124",CycloneDX
tools-golang,https://github.com/gnoliyil/fuchsia,https://github.com/gnoliyil/fuchsia,2022-01-08T16:09:33Z,46,14,31,,0,18,18,13,8,141,598,CycloneDX
bom,https://github.com/gitlabhq/gitlabhq,https://github.com/gitlabhq/gitlabhq,2011-10-02T16:25:27Z,103000,329,11000,98,0,119,62,492,20,1174,"1,377",CycloneDX
cyclonedx-python-lib,https://github.com/ghostbsd/ghostbsd-ports,https://github.com/ghostbsd/ghostbsd-ports,2019-08-22T16:53:53Z,33000,125,881,,0,26,68,42,68,42,"83,819",CycloneDX
cyclonedx-gomod,https://github.com/gatewayd-io/gatewayd,https://github.com/gatewayd-io/gatewayd,2022-07-14T18:54:38Z,88,7,10,110,,21,22,383,2,827,844,CycloneDX
cyclonedx-maven-plugin,https://github.com/G3G4X5X6/ultimate-cube,https://github.com/G3G4X5X6/ultimate-cube,2021-08-24T01:35:03Z,51,22,43,,0,657,1,85,1,85,"634,668",CycloneDX
cyclonedx-go,https://github.com/future-architect/vuls,https://github.com/future-architect/vuls,2016-03-27T02:29:09Z,35,4,33,,0,2,0,0,0,2,45,CycloneDX
tools-golang,https://github.com/fullsushidev/qmstr-1,https://github.com/fullsushidev/qmstr-1,2020-12-09T15:40:11Z,53000,59,283,13,1,42,61,92,9,381,337,CycloneDX
cyclonedx-python,https://github.com/FrodeHus/ludvig,https://github.com/FrodeHus/ludvig,2022-12-28T20:10:54Z,155,15,59,50,,30,26,101,19,430,538,CycloneDX
cyclonedx-python-lib,https://github.com/freebsd/freebsd-ports-kde,https://github.com/freebsd/freebsd-ports-kde,2017-05-21T10:48:44Z,61,10,19,16,,18,3,60,6,157,188,CycloneDX
cyclonedx-python-lib,https://github.com/freebsd/freebsd-ports,https://github.com/freebsd/freebsd-ports,2011-05-26T11:15:35Z,21,3,16,32,1,5,1,15,0,10,218,CycloneDX
ort,https://github.com/frazrepo/vimrc,https://github.com/frazrepo/vimrc,2019-01-09T15:26:04Z,24,32,27,,0,26,1,304,1,304,"1,616",CycloneDX
cyclonedx-python-lib,https://github.com/FraunhoferISST/diva,https://github.com/FraunhoferISST/diva,2021-06-30T11:14:23Z,17,3,3,3859,0,,3,6,0,0,"24,999",CycloneDX
tools-java,https://github.com/fossology/fossology,https://github.com/fossology/fossology,2014-01-13T11:22:57Z,26,5,32,2,0,10,5,6,7,51,124,CycloneDX
cyclonedx-python,https://github.com/fla-sil/PyTorrent,https://github.com/fla-sil/PyTorrent,2021-01-10T20:30:30Z,179,54,153,286,0,25,25,169,5,347,595,CycloneDX
tools-golang,https://github.com/Exynos-AOSP-Master/android_build,https://github.com/Exynos-AOSP-Master/android_build,2023-07-24T17:55:29Z,794,58,321,79,0,107,160,1710,3,2892,"5,920",CycloneDX
bom,https://github.com/evhart/counsel,https://github.com/evhart/counsel,2023-03-16T21:40:46Z,205,9,51,44,,11,79,48,21,196,392,CycloneDX
bom,https://github.com/evereux/pycatia,https://github.com/evereux/pycatia,2018-11-25T20:04:31Z,741,40,569,328,,182,20,917,34,3624,"4,652",CycloneDX
bom,https://github.com/espv/beam-plus-wrapper,https://github.com/espv/beam-plus-wrapper,2020-06-05T09:31:48Z,132,11,69,34,0,31,61,85,28,588,857,CycloneDX
bom,https://github.com/ep-infosec/36_linkedin_beam,https://github.com/ep-infosec/36_linkedin_beam,2022-12-12T14:33:44Z,107000,147,19000,170,0,404,158,2942,50,3013,"8,047",CycloneDX
bom,https://github.com/ep-infosec/33_apache_beam,https://github.com/ep-infosec/33_apache_beam,2022-12-11T01:16:12Z,221,30,63,13,0,31,38,60,19,597,"14,797",CycloneDX
sbom-tool,https://github.com/Enchoseon/2based2wait,https://github.com/Enchoseon/2based2wait,2022-02-05T04:30:46Z,144,14,78,97,0,18,1,113,5,121,226,CycloneDX
cyclonedx-gomod,https://github.com/elastic/harp,https://github.com/elastic/harp,2020-11-25T10:11:02Z,16,12,10,90,0,21,5,334,20,907,"5,077",CycloneDX
tools-golang,https://github.com/elastic/cloudbeat,https://github.com/elastic/cloudbeat,2022-02-14T10:43:26Z,276,8,31,43,0,15,1,8,11,477,"1,906",CycloneDX
sbom-tool,https://github.com/Ed-Fi-Exchange-OSS/Meadowlark,https://github.com/Ed-Fi-Exchange-OSS/Meadowlark,2021-12-07T20:39:20Z,33,2,21,,0,4,0,1,0,13,63,CycloneDX
sbom-tool,https://github.com/Ed-Fi-Alliance-OSS/Ed-Fi-ODS-AdminApp,https://github.com/Ed-Fi-Alliance-OSS/Ed-Fi-ODS-AdminApp,2020-05-05T17:37:29Z,87,3,13,12,1,7,22,19,8,70,195,CycloneDX
sbom-tool,https://github.com/Ed-Fi-Alliance-OSS/Ed-Fi-DataImport,https://github.com/Ed-Fi-Alliance-OSS/Ed-Fi-DataImport,2022-10-10T19:05:06Z,14,11,16,32,0,14,3,34,9,276,268,CycloneDX
tools-java,https://github.com/eclipse-sw360/sw360.website.published,https://github.com/eclipse-sw360/sw360.website.published,2022-10-05T20:24:17Z,17,11,7,6,,9,11,20,5,67,"1,274",CycloneDX
spdx-maven-plugin,https://github.com/eclipse-sw360/sw360,https://github.com/eclipse-sw360/sw360,2018-04-16T15:54:19Z,95,10,38,38,,17,17,33,2,182,836,CycloneDX
ort,https://github.com/eclipse-leda/leda-utils,https://github.com/eclipse-leda/leda-utils,2022-06-13T15:22:48Z,20,31,16,6,,6,1,8,1,10,55,CycloneDX
ort,https://github.com/eclipse-leda/leda,https://github.com/eclipse-leda/leda,2022-06-07T13:13:35Z,14,7,3,,0,3,7,0,0,4,63,CycloneDX
sbom-tool,https://github.com/echapmanFromBunnings/medium-sbom,https://github.com/echapmanFromBunnings/medium-sbom,2022-08-13T21:50:08Z,24,3,13,70,5,12,16,20,15,197,575,CycloneDX
cyclonedx-go,https://github.com/eBay/sbom-scorecard,https://github.com/eBay/sbom-scorecard,2022-11-03T22:58:57Z,63,1,55,395,0,49,29,543,59,15105,"18,212",CycloneDX
tools-golang,https://github.com/earthly/buildkit,https://github.com/earthly/buildkit,2023-04-20T19:09:48Z,96,9,31,,0,7,0,3,0,1051,"2,403",CycloneDX
cyclonedx-cli,https://github.com/e-m-b-a/emba,https://github.com/e-m-b-a/emba,2020-08-25T07:59:12Z,258,45,210,25,0,18,73,33,2,249,"1,263",CycloneDX
ko-build/ko,https://github.com/duzyn/scoop-cn,https://github.com/duzyn/scoop-cn,2020-06-20T01:59:09Z,303,9,90,238,4,21,127,214,1,206,953,CycloneDX
cyclonedx-cli,https://github.com/duosecurity/duo_universal_python,https://github.com/duosecurity/duo_universal_python,2020-10-16T00:45:23Z,267,23,45,11,,,22,126,0,15,"1,760",CycloneDX
cyclonedx-cli,https://github.com/duosecurity/duo_client_python,https://github.com/duosecurity/duo_client_python,2012-11-27T15:49:33Z,822,14,96,28,,64,69,927,5,227,"2,136",CycloneDX
cyclonedx-maven-plugin,https://github.com/duosecurity/duo_client_java,https://github.com/duosecurity/duo_client_java,2012-12-12T20:36:14Z,19,3,2,,0,,0,1,0,6,73,CycloneDX
cyclonedx-python,https://github.com/duo-labs/narrow,https://github.com/duo-labs/narrow,2022-12-13T13:53:51Z,609,18,542,,0,180,20,261,13,891,"1,058",CycloneDX
sbom-tool,https://github.com/ds2/docker-templates,https://github.com/ds2/docker-templates,2019-02-28T13:14:28Z,14,9,19,,5,14,25,111,2,444,"1,138",CycloneDX
sbom-tool,https://github.com/dpvreony/whipstaff,https://github.com/dpvreony/whipstaff,2017-09-19T20:05:12Z,873,116,671,,0,718,20,158,20,158,"634,762",CycloneDX
ort,https://github.com/DoktorLenz/anmelde-tool,https://github.com/DoktorLenz/anmelde-tool,2023-03-10T15:42:08Z,24,10,12,18,0,19,6,24,2,225,301,CycloneDX
bom,https://github.com/dokc/operator-feature-matrix,https://github.com/dokc/operator-feature-matrix,2023-01-27T00:07:35Z,28,5,4,,0,,1,2,0,9,889,CycloneDX
tools-golang,https://github.com/docker/go-imageinspect,https://github.com/docker/go-imageinspect,2022-07-28T03:02:28Z,57,6,15,4,0,3,0,1,0,1,109,CycloneDX
ort,https://github.com/dmitmel/dotfiles,https://github.com/dmitmel/dotfiles,2018-01-13T11:10:25Z,12,6,17,,0,134,2,0,2,0,"8,335",CycloneDX
bom,https://github.com/dims/k8s-code.appspot.com,https://github.com/dims/k8s-code.appspot.com,2018-04-10T13:18:34Z,216,3,21,15,0,13,4,10,5,103,"1,106",CycloneDX
sbom-tool,https://github.com/digitaltwinconsortium/DTDLParser,https://github.com/digitaltwinconsortium/DTDLParser,2022-08-06T14:39:37Z,835,23,59,53,,25,50,200,3,426,525,CycloneDX
bom,https://github.com/dhercher/beam-old,https://github.com/dhercher/beam-old,2020-10-09T01:14:56Z,15,3,2,9,,3,0,19,0,19,746,CycloneDX
cyclonedx-gomod,https://github.com/devops-kung-fu/lucha,https://github.com/devops-kung-fu/lucha,2021-06-01T16:10:49Z,36,7,6,,0,2,3,0,0,4,64,CycloneDX
cyclonedx-gomod,https://github.com/devops-kung-fu/hookz,https://github.com/devops-kung-fu/hookz,2021-03-03T18:59:10Z,143,8,36,16,1,18,42,81,3,52,601,CycloneDX
cyclonedx-go,https://github.com/devops-kung-fu/bomber,https://github.com/devops-kung-fu/bomber,2022-07-08T15:05:44Z,71,0,5,1,,,8,5,0,0,76,CycloneDX
cyclonedx-cli,https://github.com/devcontainers-contrib/features,https://github.com/devcontainers-contrib/features,2022-10-15T09:45:18Z,23000,488,11000,162,0,457,545,790,456,17783,"15,033",CycloneDX
cyclonedx-go,https://github.com/DependencyTrack/hyades,https://github.com/DependencyTrack/hyades,2022-09-30T08:44:20Z,34000,67,450,,1,88,36,273,6,226,"1,038",CycloneDX
cyclonedx-node-npm,https://github.com/DependencyTrack/frontend,https://github.com/DependencyTrack/frontend,2019-10-23T19:50:03Z,47000,57,435,151,1,120,256,573,21,1311,"1,625",CycloneDX
cyclonedx-cli,https://github.com/DependencyTrack/dependency-track,https://github.com/DependencyTrack/dependency-track,2013-07-16T19:16:43Z,130,16,25,193,0,18,4,85,6,216,445,CycloneDX
tools-golang,https://github.com/deislabs/ratify,https://github.com/deislabs/ratify,2021-08-13T16:17:52Z,191,7,11,9,0,7,2,1,4,78,147,CycloneDX
cyclonedx-php-composer,https://github.com/DefinitelyTyped/DefinitelyTyped,https://github.com/DefinitelyTyped/DefinitelyTyped,2012-10-05T16:39:45Z,12,3,2,5,,2,4,5,1,6,71,CycloneDX
cyclonedx-python-lib,https://github.com/DefectDojo/django-DefectDojo,https://github.com/DefectDojo/django-DefectDojo,2015-02-19T17:53:47Z,35,11,11,32,0,18,18,13,6,169,"1,314",CycloneDX
cyclonedx-php-composer,https://github.com/DataDog/datadog-ci,https://github.com/DataDog/datadog-ci,2019-06-26T15:15:17Z,87,12,6,17,0,8,0,1,10,102,376,CycloneDX
cyclonedx-go,https://github.com/DataDog/datadog-agent,https://github.com/DataDog/datadog-agent,2016-01-19T17:40:41Z,74,13,12,7,,6,11,7,2,24,114,CycloneDX
cyclonedx-gomod,https://github.com/dadrus/heimdall,https://github.com/dadrus/heimdall,2022-04-12T08:54:37Z,661,11,58,11,,15,16,27,0,60,60,CycloneDX
cyclonedx-maven-plugin,https://github.com/cycodehq-public/cycode-cli,https://github.com/cycodehq-public/cycode-cli,2022-07-04T16:39:28Z,454,87,508,23,0,175,71,552,7,2654,"5,706",CycloneDX
cyclonedx-node-module,https://github.com/CycloneDX/specification,https://github.com/CycloneDX/specification,2017-05-29T02:22:06Z,354,5,28,15,,11,14,63,7,89,60,CycloneDX
cyclonedx-dotnet-library,https://github.com/CycloneDX/cyclonedx-web-tool,https://github.com/CycloneDX/cyclonedx-web-tool,2021-05-21T12:46:14Z,77,9,35,,,20,9,85,5,1174,645,CycloneDX
cyclonedx-python-lib,https://github.com/CycloneDX/cyclonedx-python,https://github.com/CycloneDX/cyclonedx-python,2018-11-15T05:53:33Z,33,11,5,,,3,1,25,0,3,387,CycloneDX
cyclonedx-node-npm,https://github.com/CycloneDX/cyclonedx-node-module,https://github.com/CycloneDX/cyclonedx-node-module,2017-06-04T04:34:48Z,14,7,7,6,0,9,1,44,3,43,85,CycloneDX
cyclonedx-gomod,https://github.com/CycloneDX/cyclonedx-go,https://github.com/CycloneDX/cyclonedx-go,2021-03-02T11:20:02Z,534,15,92,14,16,39,117,318,9,940,"1,746",CycloneDX
cyclonedx-dotnet-library,https://github.com/CycloneDX/cyclonedx-dotnet,https://github.com/CycloneDX/cyclonedx-dotnet,2018-10-02T21:58:30Z,1000,44,126,5,1,44,102,208,15,994,962,CycloneDX
bom,https://github.com/CycloneDX/cyclonedx-core-java,https://github.com/CycloneDX/cyclonedx-core-java,2018-05-30T22:50:46Z,179,8,22,7,1,6,3,20,2,19,116,CycloneDX
cyclonedx-dotnet-library,https://github.com/CycloneDX/cyclonedx-cli,https://github.com/CycloneDX/cyclonedx-cli,2020-10-22T11:25:26Z,29,30,46,182,0,56,20,9,17,926,"2,198",CycloneDX
cyclonedx-maven-plugin,https://github.com/CycloneDX/cdxgen,https://github.com/CycloneDX/cdxgen,2019-12-30T13:55:18Z,145,5,18,23,,5,2,26,0,14,720,CycloneDX
cyclonedx-php-composer,https://github.com/CycloneDX/bom-examples,https://github.com/CycloneDX/bom-examples,2020-07-31T19:03:34Z,12,2,1,2,0,,1,0,11,35,55,CycloneDX
bom,https://github.com/cuiyeshuai/cilium,https://github.com/cuiyeshuai/cilium,2023-05-11T14:47:15Z,54,6,12,60,,14,6,31,1,124,169,CycloneDX
bom,https://github.com/cri-o/cri-o,https://github.com/cri-o/cri-o,2016-09-09T19:56:31Z,19000,69,454,47,,92,584,961,18,959,"3,992",CycloneDX
bom,https://github.com/cpanato/kubepug-installer,https://github.com/cpanato/kubepug-installer,2021-11-05T15:40:33Z,72,5,4,18,,7,33,164,5,734,"1,489",CycloneDX
cyclonedx-editor-validator,https://github.com/coshx/caravel,https://github.com/coshx/caravel,2015-05-28T19:20:24Z,67,4,9,1,0,6,2,5,0,29,183,CycloneDX
bom,https://github.com/containerbuildsystem/atomic-reactor,https://github.com/containerbuildsystem/atomic-reactor,2014-10-21T14:45:11Z,37,4,11,1,0,3,1,5,0,6,628,CycloneDX
build-info-go,https://github.com/conan-io/conan-extensions,https://github.com/conan-io/conan-extensions,2023-02-24T14:51:01Z,36,4,4,,0,2,1,13,0,6,50,CycloneDX
sbom-tool,https://github.com/cognitedata/opcua-extractor-net,https://github.com/cognitedata/opcua-extractor-net,2019-07-01T12:47:26Z,74,4,1,11,0,3,3,37,4,82,210,CycloneDX
ko-build/ko,https://github.com/codepraxis-io/docker-deep-dive,https://github.com/codepraxis-io/docker-deep-dive,2022-08-25T21:05:50Z,142000,192,16000,170,8,401,676,3293,14,5102,"8,787",CycloneDX
ko-build/ko,https://github.com/cncf/velocity,https://github.com/cncf/velocity,2017-04-26T14:07:13Z,15,18,0,5,2,2,7,12,7,78,150,CycloneDX
ko-build/ko,https://github.com/cncf/devstats,https://github.com/cncf/devstats,2023-03-30T07:49:21Z,120,11,49,,0,5,9,7,1,24,116,CycloneDX
ko-build/ko,https://github.com/cncf/clomonitor,https://github.com/cncf/clomonitor,2022-01-14T17:06:04Z,430,69,538,,0,671,31,1266,31,1266,"1,236,322",CycloneDX
bom,https://github.com/cilium/proxy,https://github.com/cilium/proxy,2018-10-29T23:24:15Z,68,3,28,,,22,17,41,1,70,"3,850",CycloneDX
bom,https://github.com/cilium/cilium,https://github.com/cilium/cilium,2015-12-16T12:33:31Z,222,8,20,,0,13,1,51,0,21,123,CycloneDX
tools-java,https://github.com/chris-toenjes-deye/salus-spdx-to-osv,https://github.com/chris-toenjes-deye/salus-spdx-to-osv,2022-08-10T12:58:33Z,18,10,10,,0,9,11,10,4,45,108,CycloneDX
bom,https://github.com/chintal/tendril,https://github.com/chintal/tendril,2015-07-28T20:38:43Z,30,6,1,,0,2,18,0,0,0,"1,621",CycloneDX
bom,https://github.com/chaos-mesh/chaos-mesh,https://github.com/chaos-mesh/chaos-mesh,2019-09-04T02:29:38Z,47,2,17,,0,13,7,54,5,325,216,CycloneDX
spdx-sbomgenerator,https://github.com/chamilad/kibana-prometheus-exporter,https://github.com/chamilad/kibana-prometheus-exporter,2020-03-08T08:38:38Z,567,8,290,75,0,202,122,243,14,935,"2,358",CycloneDX
cyclonedx-go,https://github.com/chainloop-dev/chainloop,https://github.com/chainloop-dev/chainloop,2023-03-06T14:30:50Z,148,27,50,,0,7,2,13,0,14,"1,023",CycloneDX
gh-sbom,https://github.com/chainguard-dev/osquery-defense-kit,https://github.com/chainguard-dev/osquery-defense-kit,2022-08-31T18:33:46Z,102,2,3,,,5,1,3,0,1,79,CycloneDX
bom,https://github.com/chainguard-dev/melange,https://github.com/chainguard-dev/melange,2022-03-07T19:53:27Z,52,3,0,61,1,,60,110,1,155,"1,132",CycloneDX
cyclonedx-gomod,https://github.com/chainguard-dev/bom-shelter,https://github.com/chainguard-dev/bom-shelter,2022-02-15T20:01:14Z,21,6,10,,0,7,1,0,2,26,35,CycloneDX
tools-java,https://github.com/chainguard-dev/actions,https://github.com/chainguard-dev/actions,2022-02-21T17:03:15Z,12000,33,800,,,678,36,2426,13,2581,"43,522",CycloneDX
bom,https://github.com/CERTCC/SBOM,https://github.com/CERTCC/SBOM,2020-06-01T17:08:22Z,18,5,15,,0,7,6,7,0,19,98,CycloneDX
ko-build/ko,https://github.com/cert-manager/cert-manager,https://github.com/cert-manager/cert-manager,2017-05-24T16:25:59Z,59,8,18,5,6,21,73,48,8,581,509,CycloneDX
cyclonedx-python,https://github.com/cedricbonhomme/pyEnigma,https://github.com/cedricbonhomme/pyEnigma,2017-03-15T09:05:15Z,16,6,13,4,0,3,5,3,0,4,49,CycloneDX
cyclonedx-python,https://github.com/cedricbonhomme/newspipe,https://github.com/cedricbonhomme/newspipe,2013-12-02T20:24:52Z,87,22,39,14,,14,0,0,2,161,159,CycloneDX
cyclonedx-python,https://github.com/cedricbonhomme/freshermeat,https://github.com/cedricbonhomme/freshermeat,2017-10-01T21:07:36Z,24,2,2,,0,4,3,225,1,258,"1,350",CycloneDX
cyclonedx-python,https://github.com/carstencodes/pdm-bump,https://github.com/carstencodes/pdm-bump,2021-09-11T19:27:18Z,85,27,120,121,0,40,18,273,18,273,488,CycloneDX
cyclonedx-go,https://github.com/carbonetes/jacked,https://github.com/carbonetes/jacked,2023-01-06T13:56:49Z,425,8,33,54,0,22,10,65,1,238,271,CycloneDX
cyclonedx-go,https://github.com/carbonetes/diggity,https://github.com/carbonetes/diggity,2023-01-06T13:55:57Z,187000,163,19000,126,1,333,157,2055,27,2184,"2,364",CycloneDX
cyclonedx-go,https://github.com/buildpacks/libcnb,https://github.com/buildpacks/libcnb,2020-02-25T20:02:59Z,22,4,8,,0,8,0,2,9,76,178,CycloneDX
ko-build/ko,https://github.com/buildkite/agent-stack-k8s,https://github.com/buildkite/agent-stack-k8s,2022-09-30T15:29:28Z,118,8,20,,0,2,0,3,0,1,26,CycloneDX
cyclonedx-python-lib,https://github.com/bridgecrewio/checkov,https://github.com/bridgecrewio/checkov,2019-11-27T08:55:14Z,132000,270,106000,,,5000+,6973,25693,4589,219059,"529,360",CycloneDX
protobom,https://github.com/bom-squad/sbom-convert,https://github.com/bom-squad/sbom-convert,2023-07-06T21:27:27Z,149,1,81,,452,34,29,120,9,357,688,CycloneDX
cyclonedx-go,https://github.com/bom-squad/protobom,https://github.com/bom-squad/protobom,2023-06-04T20:11:52Z,63,11,103,15,,39,98,90,41,371,"1,338",CycloneDX
cyclonedx-python,https://github.com/bmwiedemann/openSUSE,https://github.com/bmwiedemann/openSUSE,2019-09-11T14:31:22Z,31,8,11,101,0,2,35,189,0,10,647,CycloneDX
bom,https://github.com/bespoke-silicon-group/bsg_motherboards,https://github.com/bespoke-silicon-group/bsg_motherboards,2020-06-19T23:18:56Z,890,152,284,13,,6,7,22,0,48,307,CycloneDX
spdx-sbomgenerator,https://github.com/Be-Secure/BeSLab,https://github.com/Be-Secure/BeSLab,2023-05-04T07:12:45Z,500,10,93,,0,64,64,462,58,5347,"10,865",CycloneDX
spdx-sbomgenerator,https://github.com/Be-Secure/besecure-ce-env-repo,https://github.com/Be-Secure/besecure-ce-env-repo,2021-03-17T06:53:45Z,122,41,114,15,0,58,9,48,9,165,406,CycloneDX
spdx-sbomgenerator,https://github.com/Be-Secure/ansible-role-oah-sbomGenerator,https://github.com/Be-Secure/ansible-role-oah-sbomGenerator,2022-09-08T15:52:46Z,22,3,1,5,1,3,3,5,4,15,32,CycloneDX
spdx-sbomgenerator,https://github.com/Be-Secure/ansible-role-oah-beslab,https://github.com/Be-Secure/ansible-role-oah-beslab,2023-08-08T05:53:57Z,86,27,172,,0,157,16,66,14,513,"1,696",CycloneDX
spdx-maven-plugin,https://github.com/BabelZilla/WTS,https://github.com/BabelZilla/WTS,2014-06-11T21:02:38Z,12000,54,167,10,,17,25,79,4,241,277,CycloneDX
tools-golang,https://github.com/Azure/obom,https://github.com/Azure/obom,2023-07-14T19:06:54Z,474,55,75,656,0,50,75,414,1,3854,"1,681",CycloneDX
sbom-tool,https://github.com/Azure/azure-functions-dapr-extension,https://github.com/Azure/azure-functions-dapr-extension,2020-04-02T21:13:42Z,53,4,11,79,0,2,4,0,14,3,609,CycloneDX
bom,https://github.com/axenox/PackageManager,https://github.com/axenox/PackageManager,2015-11-08T12:24:02Z,20,3,1,10,59,6,2,123,17,279,"1,541",CycloneDX
cyclonedx-python,https://github.com/aws-samples/cdk-fargate-gitlab-runner,https://github.com/aws-samples/cdk-fargate-gitlab-runner,2021-10-22T12:24:42Z,39,17,22,80,,25,9,78,3,431,570,CycloneDX
bom,https://github.com/argoproj/argo-workflows,https://github.com/argoproj/argo-workflows,2017-08-21T18:50:44Z,114,8,37,33,,23,0,98,0,251,484,CycloneDX
bom,https://github.com/argoproj/argo-rollouts,https://github.com/argoproj/argo-rollouts,2018-11-17T18:28:39Z,482,63,199,235,0,61,429,465,18,1296,"2,285",CycloneDX
bom,https://github.com/argoproj/argo-cd,https://github.com/argoproj/argo-cd,2018-02-09T11:12:01Z,97,451,43,161,0,92,43,63,9,954,"3,114",CycloneDX
cyclonedx-go,https://github.com/aquasecurity/trivy-operator,https://github.com/aquasecurity/trivy-operator,2022-05-08T06:31:32Z,12000,21,119,16,,,0,21,0,4,484,CycloneDX
cyclonedx-go,https://github.com/aquasecurity/trivy,https://github.com/aquasecurity/trivy,2019-04-11T01:01:07Z,14,24,18,,0,14,1,61,1,36,138,CycloneDX
gh-dotnet-generate-sbom,https://github.com/aquasecurity/chain-bench,https://github.com/aquasecurity/chain-bench,2022-05-12T09:08:00Z,97,7,52,33,,14,25,120,0,104,232,CycloneDX
cyclonedx-cli,https://github.com/aquaproj/aqua-registry,https://github.com/aquaproj/aqua-registry,2021-09-02T03:49:29Z,87,3,5,21,1,5,17,49,2,114,249,CycloneDX
swift-package-sbom,https://github.com/appknox/irene,https://github.com/appknox/irene,2014-11-04T06:26:08Z,40,34,34,,0,37,1,19,4,1147,"1,759",CycloneDX
bom,https://github.com/apache/solr-site,https://github.com/apache/solr-site,2021-02-20T11:54:24Z,148,18,18,20,0,3,1,19,1,19,169,CycloneDX
cyclonedx-maven-plugin,https://github.com/apache/commons-parent,https://github.com/apache/commons-parent,2017-08-29T07:00:08Z,366,7,9,,,,2,3,0,1,396,CycloneDX
cyclonedx-gomod,https://github.com/apache/camel-k,https://github.com/apache/camel-k,2018-08-31T08:38:42Z,35,6,13,20,0,8,6,44,0,54,270,CycloneDX
bom,https://github.com/apache/beam,https://github.com/apache/beam,2016-02-02T08:00:06Z,70,7,15,,,10,9,155,0,26,"66,959",CycloneDX
tools-golang,https://github.com/aosp-mirror/platform_build,https://github.com/aosp-mirror/platform_build,2008-10-21T18:19:56Z,15,7,16,9,,11,0,6,0,87,224,CycloneDX
ko-build/ko,https://github.com/anderlli0053/DEV-tools,https://github.com/anderlli0053/DEV-tools,2022-06-28T08:20:49Z,142,8,18,70,2,4,0,3,16,262,308,CycloneDX
sbom-tool,https://github.com/anderlli0053/AppArchive,https://github.com/anderlli0053/AppArchive,2023-06-10T10:45:29Z,71,5,15,1,0,11,20,22,2,67,304,CycloneDX
cyclonedx-cli,https://github.com/anchore/syft,https://github.com/anchore/syft,2020-05-07T18:19:29Z,43000,93,405,58,,91,136,1016,4,5441,"5,331",CycloneDX
tools-golang,https://github.com/anchore/grype-db,https://github.com/anchore/grype-db,2020-07-13T18:15:41Z,25,4,2,,0,,5,0,0,0,2,CycloneDX
cyclonedx-go,https://github.com/anchore/grype,https://github.com/anchore/grype,2020-05-26T13:44:38Z,101000,209,18000,17,,71,128,462,20,359,"2,143",CycloneDX
tools-golang,https://github.com/anchore/go-logger,https://github.com/anchore/go-logger,2022-02-07T18:13:22Z,29,7,8,,0,,0,0,0,0,"116,540",CycloneDX
cyclonedx-python,https://github.com/algorandfoundation/algorun,https://github.com/algorandfoundation/algorun,2023-06-29T12:54:34Z,49,7,15,11,,9,6,12,6,99,223,CycloneDX
cyclonedx-python,https://github.com/algorandfoundation/algokit-cli,https://github.com/algorandfoundation/algokit-cli,2022-11-11T08:03:16Z,106,15,69,,0,5,0,1,3,40,215,CycloneDX
cyclonedx-python,https://github.com/algorand-devrel/bootcamp,https://github.com/algorand-devrel/bootcamp,2022-12-20T01:35:17Z,695,8,135,88,1,74,60,386,2,985,925,CycloneDX
cyclonedx-python,https://github.com/algorand-devrel/beaker,https://github.com/algorand-devrel/beaker,2022-07-06T19:42:04Z,229,14,36,72,3,25,35,202,15,678,713,CycloneDX
ort,https://github.com/alexethier/utilities,https://github.com/alexethier/utilities,2016-09-18T20:37:02Z,3000,209,14000,135,,366,330,2099,41,6124,"9,071",CycloneDX
cyclonedx-python,https://github.com/AlbanAndrieu/ansible-jenkins-slave,https://github.com/AlbanAndrieu/ansible-jenkins-slave,2014-09-19T19:26:41Z,13,1,2,,0,,0,0,0,0,51,CycloneDX
bom,https://github.com/aj-stein-nist/oscal-cat,https://github.com/aj-stein-nist/oscal-cat,2022-07-22T23:18:15Z,59000,58,956,1742,2,322,111,1375,33,4065,"14,980",CycloneDX
cyclonedx-editor-validator,https://github.com/AgoraIO/API-Examples,https://github.com/AgoraIO/API-Examples,2020-04-21T07:46:07Z,54,4,7,,37,5,7,4,4,28,176,CycloneDX
sbom-tool,https://github.com/adriandiglio/Demo-for-Microsoft-SBOM-Tool,https://github.com/adriandiglio/Demo-for-Microsoft-SBOM-Tool,2019-09-12T20:40:10Z,63000,44,382,28,1,78,50,298,17,787,776,CycloneDX
sbom-tool,https://github.com/actions-marketplace-validations/philips-software_post-to-medium-action,https://github.com/actions-marketplace-validations/philips-software_post-to-medium-action,2023-03-07T04:13:55Z,38,5,15,1,0,29,57,155,2,335,"1,570",CycloneDX
cyclonedx-python,https://github.com/abilian/nua,https://github.com/abilian/nua,2021-06-25T04:52:39Z,21,4,2,4,,,1,4,0,0,343,CycloneDX
sbom-tool,https://github.com/aasim/Sample2,https://github.com/aasim/Sample2,2020-12-04T21:35:57Z,16,3,0,1,,3,0,1,0,1,128,CycloneDX
bom,https://github.com/a0x8o/presto,https://github.com/a0x8o/presto,2018-03-19T19:30:26Z,13,6,5,6,2,10,1,5,1,85,473,CycloneDX
bom,https://github.com/a0x8o/kafka,https://github.com/a0x8o/kafka,2016-09-22T22:28:02Z,58,12,15,10,2,12,14,24,0,163,599,CycloneDX
bom,https://github.com/a0x8o/druid,https://github.com/a0x8o/druid,2019-07-17T00:27:22Z,66,31,52,9,0,45,89,270,17,652,"1,609",CycloneDX
bom,https://github.com/a0x8o/drill,https://github.com/a0x8o/drill,2016-09-22T22:28:32Z,18,4,4,9,1,3,1,1,4,166,401,CycloneDX
bom,https://github.com/a0x8o/beam,https://github.com/a0x8o/beam,2016-09-22T22:29:58Z,216,4,9,36,0,7,8,13,2,160,168,CycloneDX
bom,https://github.com/06kellyjac/nur-packages,https://github.com/06kellyjac/nur-packages,2020-12-08T10:21:02Z,525,36,43,125,,21,94,638,6,1124,"1,432",CycloneDX