link,type,tool_used,creation_date,language,contributors,openIssues,closedIssues,commits,openPRs,closedPRs,releases,forks,stars,watchers
https://github.com/DefinitelyTyped/DefinitelyTyped,CycloneDX,cyclonedx-php-composer,2012-10-05T16:39:45Z,TypeScript,395,543,7476,87063,145,58765,1,29845,47411,656
https://github.com/apache/airflow,CycloneDX,swift-package-sbom,2015-04-13T18:04:58Z,Python,419,798,8284,24610,176,26433,83,13657,34877,753
https://github.com/aquasecurity/trivy,CycloneDX,cyclonedx-go,2019-04-11T01:01:07Z,Go,369,161,2350,2876,31,2794,143,2138,21706,169
https://github.com/JetBrains/intellij-community,CycloneDX,build-info-go,2011-09-30T13:33:05Z,,269,0,0,443575,278,2405,0,5155,16669,532
https://github.com/GoogleContainerTools/skaffold,CycloneDX,ko-build/ko,2018-01-23T18:51:29Z,Go,397,737,3365,8910,41,5271,177,1609,14741,184
https://github.com/NixOS/nixpkgs,CycloneDX,cyclonedx-python-lib,,,2,2,2,2,2,2,2,0,0,0
https://github.com/Homebrew/homebrew-core,CycloneDX,cyclonedx-gomod,,,2,2,2,2,2,2,2,0,0,0
https://github.com/emqx/emqx,CycloneDX,rebar3_sbom,,,2,2,2,2,2,2,2,0,0,0
https://github.com/cert-manager/cert-manager,CycloneDX,ko-build/ko,,,2,2,2,2,2,2,2,0,0,0
https://github.com/future-architect/vuls,CycloneDX,cyclonedx-go,,,2,2,2,2,2,2,2,0,0,0
https://github.com/owasp-amass/amass,CycloneDX,cyclonedx-gomod,,,2,2,2,2,2,2,2,0,0,0
https://github.com/juice-shop/juice-shop,CycloneDX,cyclonedx-node-npm,,,2,2,2,2,2,2,2,0,0,0
https://github.com/anchore/grype,CycloneDX,cyclonedx-go,,,2,2,2,2,2,2,2,0,0,0
https://github.com/ko-build/ko,CycloneDX,cyclonedx-cli,,,2,2,2,2,2,2,2,0,0,0
https://github.com/bridgecrewio/checkov,CycloneDX,cyclonedx-python-lib,,,2,2,2,2,2,2,2,0,0,0
https://github.com/google/osv-scanner,CycloneDX,cyclonedx-go,,,2,2,2,2,2,2,2,0,0,0
https://github.com/up-for-grabs/up-for-grabs.net,CycloneDX,cyclonedx-dotnet,,,2,2,2,2,2,2,2,0,0,0
https://github.com/anchore/syft,CycloneDX,cyclonedx-cli,,,2,2,2,2,2,2,2,0,0,0
https://github.com/snyk/cli,CycloneDX,sbom-cli,,,2,2,2,2,2,2,2,0,0,0
https://github.com/ovh/cds,CycloneDX,build-info-go,,,2,2,2,2,2,2,2,0,0,0
https://github.com/joeferner/redis-commander,CycloneDX,cyclonedx-node-npm,,,2,2,2,2,2,2,2,0,0,0
https://github.com/googleapis/google-cloud-go,CycloneDX,swift-package-sbom,,,2,2,2,2,2,2,2,0,0,0
https://github.com/zabbix/zabbix,CycloneDX,cyclonedx-gomod,2014-02-27T15:36:03Z,PHP,32,70,52,91221,70,52,0,933,3908,132
https://github.com/open-policy-agent/conftest,CycloneDX,cyclonedx-go,2019-03-28T17:12:29Z,Go,95,32,920,985,3,629,76,297,2806,27
https://github.com/SchemaStore/schemastore,CycloneDX,build-info-go,2014-11-18T01:02:10Z,JavaScript,455,52,3767,3529,3,3284,0,1572,2901,35
https://github.com/DataDog/datadog-agent,CycloneDX,cyclonedx-go,2016-01-19T17:40:41Z,Go,378,1169,21662,2,2,2,2,1157,2686,520
https://github.com/DependencyTrack/dependency-track,CycloneDX,cyclonedx-cli,,,2,2,2,2,2,2,2,0,0,0
https://github.com/oxsecurity/megalinter,CycloneDX,sbom-cli,,,2,2,2,2,2,2,2,0,0,0
https://github.com/oss-review-toolkit/ort,CycloneDX,pip-audit,,,2,2,2,2,2,2,2,0,0,0
https://github.com/oracle/tribuo,CycloneDX,cyclonedx-maven-plugin,,,2,2,2,2,2,2,2,0,0,0
https://github.com/dynobo/normcap,CycloneDX,cyclonedx-python,,,2,2,2,2,2,2,2,0,0,0
https://github.com/lkarlslund/Adalanche,CycloneDX,cyclonedx-gomod,,,2,2,2,2,2,2,2,0,0,0
https://github.com/ScoopInstaller/Main,CycloneDX,ko-build/ko,,,2,2,2,2,2,2,2,0,0,0
https://github.com/mattn/vim-lsp-settings,CycloneDX,build-info-go,,,2,2,2,1302,2,530,1,0,0,0
https://github.com/openclarity/kubeclarity,CycloneDX,cyclonedx-gomod,2020-03-22T12:52:29Z,Go,33,32,612,348,19,490,71,157,1271,29
https://github.com/DefectDojo/django-DefectDojo,CycloneDX,cyclonedx-python-lib,2015-02-19T17:53:47Z,HTML,357,353,9745,10286,91,7324,178,1465,3441,209
https://github.com/zdharma-continuum/zinit,CycloneDX,ko-build/ko,2021-10-30T01:07:44Z,Shell,55,83,502,3852,15,359,8,121,2570,21
https://github.com/e-m-b-a/emba,CycloneDX,cyclonedx-cli,2020-08-25T07:59:12Z,Shell,14,3,1145,4825,1,902,17,216,2455,43
https://github.com/guacsec/guac,CycloneDX,cyclonedx-python-lib,2022-06-10T17:28:07Z,Go,55,129,1804,1416,14,1501,12,154,1197,42
https://github.com/tern-tools/tern,CycloneDX,pip-audit,2017-11-27T23:32:17Z,Python,59,58,1182,1102,4,708,23,187,942,31
https://github.com/XmirrorSecurity/OpenSCA-cli,CycloneDX,cyclonedx-go,2021-12-30T04:44:37Z,Go,9,1,290,938,1,255,18,115,1018,155
https://github.com/medplum/medplum,CycloneDX,cyclonedx-node-npm,2021-04-21T16:36:22Z,TypeScript,81,325,4231,3301,26,3210,155,308,1197,17
https://github.com/freebsd/freebsd-ports,CycloneDX,cyclonedx-python-lib,2011-05-26T11:15:35Z,,264,34,218,5612,34,218,0,724,941,114
https://github.com/chainguard-dev/apko,CycloneDX,ko-build/ko,,,2,2,2,2,2,2,2,0,0,0
https://github.com/pypa/pip-audit,CycloneDX,cyclonedx-python-lib,,,2,2,2,2,2,2,2,0,0,0
https://github.com/jreleaser/jreleaser,CycloneDX,cyclonedx-gradle-plugin,,,2,2,2,2,2,2,2,0,0,0
https://github.com/apache/camel-k,CycloneDX,cyclonedx-gomod,,,2,2,2,2,2,2,2,0,0,0
https://github.com/SAP/jenkins-library,CycloneDX,cyclonedx-maven-plugin,,,2,2,2,2,2,2,2,0,0,0
https://github.com/aquasecurity/trivy-operator,CycloneDX,cyclonedx-go,,,2,2,2,2,2,2,2,0,0,0
https://github.com/aquasecurity/chain-bench,CycloneDX,gh-dotnet-generate-sbom,,,2,2,2,2,2,2,2,0,0,0
https://github.com/tektoncd/catalog,CycloneDX,ko-build/ko,,,2,2,2,2,2,2,2,0,0,0
https://github.com/nix-community/poetry2nix,CycloneDX,cyclonedx-python,,,2,2,2,2,2,2,2,0,0,0
https://github.com/shipwright-io/build,CycloneDX,ko-build/ko,,,2,2,2,2,2,2,2,0,0,0
https://github.com/huggingface/datasets-server,CycloneDX,cyclonedx-python,,,2,2,2,2,2,2,2,0,0,0
https://github.com/wolfi-dev/os,CycloneDX,ko-build/ko,,,2,2,2,2,2,2,2,0,0,0
https://github.com/jfrog/jfrog-cli,CycloneDX,build-info-go,,,2,2,2,2,2,2,2,0,0,0
https://github.com/sonatype-nexus-community/search-maven-org,CycloneDX,cyclonedx-maven-plugin,,,2,2,2,2,2,2,2,0,0,0
https://github.com/vaadin/platform,CycloneDX,cyclonedx-maven-plugin,,,2,2,2,2,2,2,2,0,0,0
https://github.com/chainguard-dev/osquery-defense-kit,CycloneDX,gh-sbom,,,2,2,2,2,2,2,2,0,0,0
https://github.com/kubernetes/release,CycloneDX,ko-build/ko,,,2,2,2,2,2,2,2,0,0,0
https://github.com/pfsense/FreeBSD-ports,CycloneDX,cyclonedx-python-lib,2015-08-20T20:02:11Z,,2,30,30,30,30,30,0,570,454,70
https://github.com/tilt-dev/ctlptl,CycloneDX,ko-build/ko,2020-10-16T18:30:00Z,Go,23,10,30,30,0,30,30,38,495,9
https://github.com/volution/kawipiko,CycloneDX,cyclonedx-gomod,2018-11-09T16:05:54Z,Go,2,2,4,30,0,1,1,8,395,11
https://github.com/cedricbonhomme/newspipe,CycloneDX,cyclonedx-python,2013-12-02T20:24:52Z,Python,6,3,30,30,0,23,18,40,411,15
https://github.com/devops-kung-fu/bomber,CycloneDX,cyclonedx-go,2022-07-08T15:05:44Z,Go,12,21,30,30,8,30,19,39,462,8
https://github.com/oracle/oci-python-sdk,CycloneDX,cyclonedx-python,2016-11-04T04:50:20Z,Python,30,30,30,30,7,30,30,268,366,33
https://github.com/CycloneDX/cdxgen,CycloneDX,cyclonedx-maven-plugin,2019-12-30T13:55:18Z,JavaScript,30,30,30,30,8,30,30,137,473,13
https://github.com/yaklang/yaklang,CycloneDX,cyclonedx-go,2023-04-29T05:21:07Z,Go,21,14,30,30,13,30,30,42,359,7
https://github.com/NetBSD/pkgsrc,CycloneDX,cyclonedx-python-lib,2017-04-16T20:04:15Z,,30,13,30,30,2,30,0,158,292,30
https://github.com/CycloneDX/specification,CycloneDX,cyclonedx-node-module,2017-05-29T02:22:06Z,XSLT,16,30,30,30,7,30,7,55,328,28
https://github.com/samrocketman/jervis,CycloneDX,cyclonedx-gradle-plugin,2014-11-22T04:58:13Z,Groovy,1,23,30,30,0,15,12,45,268,23
https://github.com/AgoraIO/API-Examples,CycloneDX,cyclonedx-editor-validator,2020-04-21T07:46:07Z,C++,17,30,30,30,1,30,29,215,285,47
https://github.com/X-lab2017/open-digger,CycloneDX,ko-build/ko,2020-08-18T11:03:58Z,Jupyter Notebook,30,30,30,30,4,30,2,76,278,20
https://github.com/jfrog/frogbot,CycloneDX,build-info-go,2022-03-06T12:19:58Z,Go,20,30,30,30,8,30,30,60,286,23
https://github.com/open-feature/flagd,CycloneDX,cyclonedx-gomod,2022-05-26T12:05:42Z,Go,30,25,30,30,14,30,30,50,407,14
https://github.com/jfrog/jfrog-client-go,CycloneDX,build-info-go,2018-06-17T15:46:41Z,Go,30,30,30,30,5,30,30,131,255,17
https://github.com/neoclide/coc-json,CycloneDX,build-info-go,2018-09-07T08:04:25Z,TypeScript,13,5,30,30,2,21,0,21,229,9
https://github.com/silk-framework/silk,CycloneDX,cyclonedx-webpack-plugin,2014-02-13T15:28:36Z,Scala,30,30,30,30,15,30,13,63,234,30
https://github.com/zama-ai/concrete-numpy,CycloneDX,cyclonedx-python,2021-09-06T07:59:31Z,Python,13,9,30,30,5,30,15,23,226,3
https://github.com/xeol-io/xeol,CycloneDX,cyclonedx-go,2022-12-23T17:52:15Z,Go,8,15,30,30,3,30,30,18,329,5
https://github.com/chainloop-dev/chainloop,CycloneDX,cyclonedx-go,2023-03-06T14:30:50Z,Go,18,30,30,30,2,30,30,24,319,8
https://github.com/CycloneDX/cyclonedx-cli,CycloneDX,cyclonedx-dotnet-library,2020-10-22T11:25:26Z,C#,15,30,30,30,21,30,30,58,263,14
https://github.com/ksoclabs/kbom,CycloneDX,cyclonedx-go,2023-04-24T12:10:52Z,Go,7,13,30,30,10,30,11,20,262,9
https://github.com/eBay/sbom-scorecard,CycloneDX,cyclonedx-go,2022-11-03T22:58:57Z,Go,6,5,30,30,2,19,7,23,203,10
https://github.com/oracle/oci-java-sdk,CycloneDX,cyclonedx-maven-plugin,2016-12-06T04:05:39Z,Java,27,30,30,30,7,30,30,150,189,54
https://github.com/codenotary/cas,CycloneDX,cyclonedx-go,,,2,2,2,2,2,2,2,0,0,0
https://github.com/mercedes-benz/sechub,CycloneDX,cyclonedx-gradle-plugin,2019-07-22T14:20:50Z,Java,26,30,30,30,9,30,30,56,253,11
https://github.com/CycloneDX/cyclonedx-python,CycloneDX,cyclonedx-python-lib,2018-11-15T05:53:33Z,Python,29,13,30,30,4,30,30,62,213,14
https://github.com/devcontainers-contrib/features,CycloneDX,cyclonedx-cli,2022-10-15T09:45:18Z,Shell,30,30,30,30,12,30,0,103,209,3
https://github.com/coshx/caravel,CycloneDX,cyclonedx-editor-validator,2015-05-28T19:20:24Z,Swift,3,2,30,30,1,19,20,18,147,18
https://github.com/cncf/velocity,CycloneDX,ko-build/ko,2017-04-26T14:07:13Z,Shell,7,4,30,30,0,14,0,43,167,27
https://github.com/G3G4X5X6/ultimate-cube,CycloneDX,cyclonedx-maven-plugin,2021-08-24T01:35:03Z,Java,6,3,30,30,1,14,25,21,150,5
https://github.com/oracle/oci-ansible-collection,CycloneDX,cyclonedx-python,2020-04-23T16:48:27Z,Python,17,20,30,30,7,30,30,86,158,16
https://github.com/jfrog/build-info,CycloneDX,build-info-go,2011-02-20T23:33:55Z,Java,30,30,30,30,7,30,23,153,144,53
https://github.com/supakeen/pinnwand,CycloneDX,cyclonedx-python,2019-02-20T16:52:16Z,Python,20,30,30,30,9,30,16,41,169,8
https://github.com/elastic/harp,CycloneDX,cyclonedx-gomod,2020-11-25T10:11:02Z,Go,4,16,30,30,16,30,30,18,143,10
https://github.com/CycloneDX/cyclonedx-dotnet,CycloneDX,cyclonedx-dotnet-library,2018-10-02T21:58:30Z,C#,30,30,30,30,19,30,30,78,164,13
https://github.com/cncf/tag-contributor-strategy,CycloneDX,ko-build/ko,2020-02-28T18:59:56Z,HTML,30,30,30,30,3,30,0,104,162,27
https://github.com/algorandfoundation/algokit-cli,CycloneDX,cyclonedx-python,2022-11-11T08:03:16Z,Python,20,30,30,30,10,30,30,39,154,15
https://github.com/opnsense/ports,CycloneDX,cyclonedx-python-lib,2014-12-13T15:19:32Z,,9,4,30,30,0,30,0,109,150,28
https://github.com/duosecurity/duo_client_python,CycloneDX,cyclonedx-cli,2012-11-27T15:49:33Z,Python,30,16,30,30,7,30,18,126,129,40
https://github.com/CycloneDX/bom-examples,CycloneDX,cyclonedx-php-composer,2020-07-31T19:03:34Z,,5,9,30,30,0,25,0,53,153,11
https://github.com/pentagridsec/smsgate,CycloneDX,cyclonedx-python-lib,2022-11-16T11:16:45Z,Python,2,0,4,30,0,1,0,26,145,8
https://github.com/hyperledger/fabric-gateway,CycloneDX,cyclonedx-node-npm,2020-09-15T09:49:35Z,Java,15,12,30,30,2,30,16,87,136,10
https://github.com/CycloneDX/cyclonedx-node-module,CycloneDX,cyclonedx-node-npm,2017-06-04T04:34:48Z,,23,1,30,30,1,30,30,37,121,8
https://github.com/pgjones/tozo,CycloneDX,cyclonedx-python,2022-07-22T09:20:17Z,TypeScript,1,1,5,30,0,0,0,10,131,6
https://github.com/gythialy/golang-cross,CycloneDX,ko-build/ko,2019-08-22T02:13:33Z,Shell,8,0,30,30,0,30,30,27,125,4
https://github.com/algorand-devrel/bootcamp,CycloneDX,cyclonedx-python,2022-12-20T01:35:17Z,TypeScript,6,3,30,30,3,30,0,68,106,14
https://github.com/duzyn/scoop-cn,CycloneDX,ko-build/ko,2020-06-20T01:59:09Z,PowerShell,2,0,14,30,0,3,0,11,233,3
https://github.com/CycloneDX/cyclonedx-gomod,CycloneDX,cyclonedx-cli,2021-03-07T19:21:22Z,Go,9,17,30,30,2,30,30,21,127,7
https://github.com/DataDog/datadog-ci,CycloneDX,cyclonedx-php-composer,2019-06-26T15:15:17Z,TypeScript,30,30,30,30,9,30,30,51,118,492
https://github.com/mostafa/xk6-kafka,CycloneDX,cyclonedx-gomod,2020-05-09T13:13:04Z,Go,16,30,30,30,1,30,30,59,131,5
https://github.com/lockys/Awesome.json,CycloneDX,cyclonedx-php-composer,2015-10-05T16:11:59Z,JavaScript,6,0,30,30,0,30,0,22,104,9
https://github.com/algorand-devrel/beaker,CycloneDX,cyclonedx-python,2022-07-06T19:42:04Z,Python,17,20,30,30,2,30,30,33,98,10
https://github.com/carbonetes/jacked,CycloneDX,cyclonedx-go,2023-01-06T13:56:49Z,Go,7,0,30,30,0,30,21,4,96,10
https://github.com/sonatype-nexus-community/jake,CycloneDX,cyclonedx-python,2019-10-10T20:05:24Z,Python,15,26,30,30,4,30,29,24,103,8
https://github.com/phylum-dev/cli,CycloneDX,cyclonedx-node-npm,2021-03-19T14:21:50Z,Rust,21,24,30,30,1,30,30,10,99,7
https://github.com/interlynk-io/sbomqs,CycloneDX,cyclonedx-gomod,2023-01-31T22:59:22Z,Go,7,21,30,30,1,30,30,14,138,5
https://github.com/cycodehq-public/cycode-cli,CycloneDX,cyclonedx-maven-plugin,2022-07-04T16:39:28Z,Python,15,0,30,30,0,30,30,41,84,17
https://github.com/carbonetes/diggity,CycloneDX,cyclonedx-go,2023-01-06T13:55:57Z,Go,8,1,30,30,0,30,30,6,97,12
https://github.com/safedep/vet,CycloneDX,cyclonedx-go,2022-12-30T03:39:03Z,Go,8,30,30,30,16,30,28,16,185,6
https://github.com/oracle/macaron,CycloneDX,cyclonedx-maven-plugin,2022-12-05T07:16:28Z,Python,12,30,30,30,28,30,11,17,109,9
https://github.com/kubernetes/cloud-provider-gcp,CycloneDX,ko-build/ko,2018-03-21T07:01:09Z,Go,30,30,30,30,18,30,0,194,98,30
https://github.com/SonarSource/sonar-scanner-vsts,CycloneDX,cyclonedx-cli,2017-04-12T09:19:42Z,TypeScript,30,3,30,30,3,30,30,127,97,25
https://github.com/knative-extensions/eventing-rabbitmq,CycloneDX,ko-build/ko,2020-05-07T21:25:50Z,Go,30,5,30,30,1,30,30,66,89,11
https://github.com/cncf/clomonitor,CycloneDX,ko-build/ko,2022-01-14T17:06:04Z,TypeScript,30,20,30,30,9,30,0,64,100,7
https://github.com/devops-kung-fu/hookz,CycloneDX,cyclonedx-gomod,2021-03-03T18:59:10Z,Go,3,4,30,30,2,30,12,1,75,4
https://github.com/NC3-LU/MOSP,CycloneDX,cyclonedx-python,2018-03-28T22:05:03Z,Python,4,2,30,30,0,25,18,5,74,11
https://github.com/snyk/parlay,CycloneDX,cyclonedx-go,2023-04-19T07:39:38Z,Go,8,6,30,30,0,30,12,15,98,10
https://github.com/dadrus/heimdall,CycloneDX,cyclonedx-gomod,2022-04-12T08:54:37Z,Go,10,30,30,30,3,30,23,12,100,5
https://github.com/Yong-An-Dang/nuclei-plus,CycloneDX,cyclonedx-maven-plugin,2022-09-28T01:59:16Z,Java,1,10,15,30,0,0,4,23,259,3
https://github.com/bom-squad/protobom,CycloneDX,cyclonedx-go,2023-06-04T20:11:52Z,Go,18,13,30,30,6,30,5,33,223,9
https://github.com/anderlli0053/DEV-tools,CycloneDX,ko-build/ko,2022-06-28T08:20:49Z,PowerShell,11,12,30,30,0,27,0,18,101,7
https://github.com/jvm-repo-rebuild/reproducible-central,CycloneDX,cyclonedx-maven-plugin,2019-01-16T01:54:48Z,Shell,30,21,30,30,2,30,0,42,89,3
https://github.com/oracle/hiq,CycloneDX,cyclonedx-cli,2022-03-04T08:59:02Z,Python,6,3,30,30,1,29,1,8,69,5
https://github.com/opendevstack/ods-jenkins-shared-library,CycloneDX,sbom-cli,2018-07-27T11:44:32Z,Groovy,30,30,30,30,18,30,13,57,68,33
https://github.com/lzwme/scoop-proxy-cn,CycloneDX,ko-build/ko,2023-02-21T09:02:29Z,Batchfile,4,4,30,30,0,2,0,8,159,1
https://github.com/ServiceNow/PySNC,CycloneDX,cyclonedx-python,2020-07-16T16:22:30Z,Python,3,11,30,30,3,30,13,23,79,7
https://github.com/aquaproj/aqua-registry,CycloneDX,cyclonedx-cli,2021-09-02T03:49:29Z,YAML,30,30,30,30,30,30,30,88,82,2
https://github.com/DependencyTrack/frontend,CycloneDX,cyclonedx-node-npm,2019-10-23T19:50:03Z,Vue,30,30,30,30,30,30,20,134,89,9
https://github.com/open-feature/go-sdk,CycloneDX,cyclonedx-gomod,2022-04-28T21:00:52Z,Go,19,9,30,30,2,30,21,27,108,10
https://github.com/CycloneDX/cyclonedx-bom-repo-server,CycloneDX,cyclonedx-dotnet-library,2021-05-27T10:57:35Z,C#,5,19,30,30,13,30,12,14,71,6
https://github.com/openclarity/vmclarity,CycloneDX,cyclonedx-go,2022-11-04T16:06:44Z,Go,27,30,30,30,18,30,7,21,90,11
https://github.com/buildkite/agent-stack-k8s,CycloneDX,ko-build/ko,2022-09-30T15:29:28Z,Go,18,30,30,30,9,30,15,26,75,16
https://github.com/puzzle/cryptopus,CycloneDX,cyclonedx-cli,2008-07-11T14:40:10Z,Ruby,30,30,30,30,18,30,7,33,58,7
https://github.com/cedricbonhomme/pyEnigma,CycloneDX,cyclonedx-python,2017-03-15T09:05:15Z,Python,3,0,7,30,0,7,5,16,64,7
https://github.com/sublimelsp/LSP-json,CycloneDX,build-info-go,2019-03-10T23:45:34Z,Python,15,4,30,30,0,30,30,10,68,6
https://github.com/ocurity/dracon,CycloneDX,cyclonedx-go,2023-02-13T17:16:44Z,Go,19,30,30,30,5,30,0,8,60,2
https://github.com/nicholasdille/container-slides,CycloneDX,sbom-cli,2019-11-17T12:38:41Z,Shell,2,18,3,30,14,3,30,12,57,4
https://github.com/gatewayd-io/gatewayd,CycloneDX,cyclonedx-gomod,2022-07-14T18:54:38Z,Go,10,30,30,30,2,30,30,14,186,4
https://github.com/freebsd/freebsd-ports-kde,CycloneDX,cyclonedx-python-lib,2017-05-21T10:48:44Z,,30,0,30,30,0,30,0,39,52,23
https://github.com/patriksvensson/covenant,CycloneDX,cyclonedx-dotnet-library,2022-10-09T21:53:47Z,C#,4,8,10,26,0,8,0,6,58,4
https://github.com/jfrog/build-info-go,CycloneDX,cyclonedx-go,2021-10-20T14:06:09Z,Go,21,28,30,30,5,30,30,32,60,9
https://github.com/CycloneDX/cyclonedx-go,CycloneDX,cyclonedx-gomod,2021-03-02T11:20:02Z,Go,10,22,30,30,5,30,12,27,64,8
https://github.com/davideshay/vulnscan,CycloneDX,swift-package-sbom,2021-12-28T01:35:56Z,JavaScript,1,1,3,30,0,3,0,3,51,1
https://github.com/pmckeown/dependency-track-maven-plugin,CycloneDX,cyclonedx-maven-plugin,2019-06-29T22:02:31Z,Java,7,13,30,30,5,30,0,19,59,2
https://github.com/wso2/security-tools,CycloneDX,cyclonedx-maven-plugin,2015-11-23T04:43:14Z,Java,18,26,30,30,8,30,0,31,48,13
https://github.com/gokrazy/tools,CycloneDX,swift-package-sbom,2017-03-04T10:41:14Z,Go,21,6,30,30,1,30,0,24,46,4
https://github.com/istio/release-builder,CycloneDX,swift-package-sbom,2019-08-19T22:52:41Z,Go,30,4,30,30,4,30,0,82,50,78
https://github.com/okibcn/ScoopMaster,CycloneDX,ko-build/ko,2023-02-05T02:02:41Z,PowerShell,2,30,22,30,2,2,1,7,97,4
https://github.com/salaboy/platforms-on-k8s,CycloneDX,ko-build/ko,2023-05-09T07:48:19Z,HTML,12,9,30,30,5,30,0,82,158,10
https://github.com/noironetworks/aci-containers,CycloneDX,sbom-cli-plugin,2016-09-01T20:40:29Z,Go,30,12,30,30,11,30,0,36,47,33
https://github.com/CycloneDX/sbom-utility,CycloneDX,cyclonedx-node-npm,2023-01-10T04:00:14Z,Go,5,22,30,30,1,30,10,10,75,5
https://github.com/paketo-buildpacks/packit,CycloneDX,cyclonedx-go,2019-10-10T19:20:22Z,Go,26,14,30,30,4,30,30,22,40,17
https://github.com/puzzle/skills,CycloneDX,cyclonedx-cli,2018-02-27T16:13:22Z,Ruby,30,30,30,30,3,30,2,16,49,6
https://github.com/benji6/moodtracker,CycloneDX,cyclonedx-python,2020-04-07T07:22:55Z,TypeScript,3,1,30,30,0,30,0,7,42,6
https://github.com/pypi-data/pypi-json-data,CycloneDX,cyclonedx-python-lib,2022-07-21T12:56:42Z,,2,1,13,30,0,7,1,14,49,4
https://github.com/chainguard-dev/bom-shelter,CycloneDX,cyclonedx-gomod,2022-02-15T20:01:14Z,Python,2,2,19,30,0,6,0,4,41,4
https://github.com/paralax/ObsidianSailboat,CycloneDX,gh-dotnet-generate-sbom,2019-02-27T01:34:33Z,C#,3,3,4,30,0,4,0,7,39,7
https://github.com/oracle/dbt-oracle,CycloneDX,cyclonedx-python,2022-04-11T07:06:04Z,Python,8,9,30,30,1,30,30,17,44,8
https://github.com/rmkanda/secure-pipeline-java-demo,CycloneDX,cyclonedx-maven-plugin,2020-05-28T10:31:01Z,Java,2,0,2,30,0,2,0,36,35,3
https://github.com/MO-Movia/licit,CycloneDX,cyclonedx-node-npm,2020-09-19T22:57:43Z,JavaScript,21,21,30,30,3,30,30,11,35,11
https://github.com/ko-build/setup-ko,CycloneDX,ko-build/ko,2021-04-27T13:40:52Z,Go,7,3,24,30,1,22,6,12,44,4
https://github.com/cncf/devstats,CycloneDX,ko-build/ko,2023-03-30T07:49:21Z,Shell,7,4,30,30,0,12,0,21,57,9
https://github.com/volution/z-run,CycloneDX,cyclonedx-gomod,2019-08-04T15:58:09Z,Go,1,18,22,30,0,0,7,1,35,4
https://github.com/fla-sil/PyTorrent,CycloneDX,cyclonedx-python,2021-01-10T20:30:30Z,,4,0,14,30,0,13,0,14,38,3
https://github.com/groboclown/p4ic4idea,CycloneDX,cyclonedx-gradle-plugin,2015-02-03T18:51:06Z,Java,2,30,30,30,0,10,30,11,32,8
https://github.com/abilian/nua,CycloneDX,cyclonedx-python,2021-06-25T04:52:39Z,Python,2,18,0,30,0,0,0,2,34,8
https://github.com/bmwiedemann/openSUSE,CycloneDX,cyclonedx-python,2019-09-11T14:31:22Z,,1,0,1,30,0,1,0,4,36,7
https://github.com/jfrog/jfrog-cli-core,CycloneDX,build-info-go,2020-09-08T10:56:52Z,Go,30,30,30,30,7,30,30,53,32,29
https://github.com/wulfland/AccelerateDevOps,CycloneDX,gh-dotnet-generate-sbom,2021-07-07T08:01:50Z,JavaScript,6,30,30,30,3,30,12,73,39,5
https://github.com/ghostbsd/ghostbsd-ports,CycloneDX,cyclonedx-python-lib,2019-08-22T16:53:53Z,,2,0,30,30,0,30,0,10,30,6
https://github.com/mrtazz/dotfiles,CycloneDX,build-info-go,2012-08-25T22:52:09Z,Vim Script,1,1,11,30,0,9,0,4,28,5
https://github.com/DependencyTrack/hyades,CycloneDX,cyclonedx-go,2022-09-30T08:44:20Z,Java,13,30,30,30,9,30,9,16,49,9
https://github.com/aws-samples/cdk-fargate-gitlab-runner,CycloneDX,cyclonedx-python,2021-10-22T12:24:42Z,Shell,4,7,21,9,5,14,0,13,30,4
https://github.com/opensourceways/sbom-tools,CycloneDX,cyclonedx-cli,,,2,2,2,2,2,2,2,0,0,0
https://github.com/sonatype-nexus-community/cargo-pants,CycloneDX,swift-package-sbom,2019-03-13T20:00:31Z,Rust,10,9,30,30,2,30,9,9,28,10
https://github.com/codepraxis-io/docker-deep-dive,CycloneDX,ko-build/ko,2022-08-25T21:05:50Z,Shell,2,0,0,30,0,0,0,21,32,3
https://github.com/HumbleData/beginners-data-workshop,CycloneDX,cyclonedx-python,2020-05-08T09:52:21Z,Jupyter Notebook,10,13,30,30,8,30,2,37,43,7
https://github.com/algorandfoundation/algorun,CycloneDX,cyclonedx-python,2023-06-29T12:54:34Z,Python,1,5,0,2,0,0,4,2,28,4
https://github.com/docker/packaging,CycloneDX,sbom-cli-plugin,2022-08-29T08:36:14Z,Dockerfile,30,6,30,30,1,30,30,12,18,5
https://github.com/intelops/kubviz,CycloneDX,sbom-cli,2021-12-19T06:21:54Z,Go,14,30,30,30,18,30,30,14,40,3
https://github.com/nscuro/traefik-plugin-geoblock,CycloneDX,cyclonedx-gomod,2021-10-04T18:44:51Z,Go,5,9,30,30,4,30,23,4,31,2
https://github.com/apache/commons-parent,CycloneDX,cyclonedx-maven-plugin,2017-08-29T07:00:08Z,,27,3,30,30,3,30,0,24,27,35
https://github.com/buildpacks/libcnb,CycloneDX,cyclonedx-go,2020-02-25T20:02:59Z,Go,17,14,30,30,6,30,23,13,31,9
https://github.com/luismayta/dotfiles,CycloneDX,cyclonedx-python,2014-11-17T11:24:08Z,Go,4,7,30,30,3,30,0,2,26,3
https://github.com/CycloneDX/license-scanner,CycloneDX,cyclonedx-gomod,2023-01-13T02:43:33Z,Go,3,6,19,30,2,14,3,8,39,6
https://github.com/ko-build/terraform-provider-ko,CycloneDX,ko-build/ko,2022-06-24T17:35:35Z,Go,8,10,30,30,1,30,24,10,26,3
https://github.com/WarnerMedia/artemis,CycloneDX,cyclonedx-python,2022-07-14T16:43:28Z,TypeScript,10,2,30,30,2,30,0,5,27,6
https://github.com/interlynk-io/sbomasm,CycloneDX,cyclonedx-go,2023-05-03T22:09:00Z,Go,4,7,30,30,2,30,14,1,40,3
https://github.com/Lee-W/cookiecutter-python-template,CycloneDX,cyclonedx-python,2018-06-12T03:16:39Z,Python,8,2,30,30,2,30,0,9,23,5
https://github.com/duosecurity/duo_client_java,CycloneDX,cyclonedx-maven-plugin,2012-12-12T20:36:14Z,Java,26,2,30,30,0,30,7,42,22,32
https://github.com/freenowtech/sauron,CycloneDX,cyclonedx-maven-plugin,2021-03-22T16:00:24Z,Java,7,15,30,30,13,30,28,0,22,5
https://github.com/carstencodes/pdm-bump,CycloneDX,cyclonedx-python,2021-09-11T19:27:18Z,Python,8,16,30,30,14,30,27,7,39,1
https://github.com/volution/z-scratchpad,CycloneDX,cyclonedx-gomod,2021-08-05T19:06:27Z,Go,1,1,4,30,0,0,4,1,22,4
https://github.com/DotPurpleApp/DotPurple-App,CycloneDX,cyclonedx-dotnet,2020-05-12T12:58:39Z,,1,0,6,16,0,0,0,0,24,4
https://github.com/scanoss/scanoss.py,CycloneDX,cyclonedx-cli,2021-06-15T19:29:33Z,Python,7,1,30,30,0,24,30,17,23,3
https://github.com/mlieberman85/supply-chain-examples,CycloneDX,cyclonedx-cli,2021-08-28T19:07:59Z,Shell,6,3,26,30,2,26,0,9,24,7
https://github.com/planetmint/planetmint,CycloneDX,cyclonedx-python,2022-01-11T19:19:59Z,Python,8,21,30,30,6,30,24,14,18,6
https://github.com/FraunhoferISST/diva,CycloneDX,cyclonedx-python-lib,2021-06-30T11:14:23Z,Vue,6,19,30,30,17,30,10,1,20,3
https://github.com/sfermigier/tentakel,CycloneDX,cyclonedx-python,2011-12-14T11:17:07Z,Python,2,2,3,30,2,2,0,10,22,5
https://github.com/duosecurity/duo_universal_python,CycloneDX,cyclonedx-cli,2020-10-16T00:45:23Z,Python,8,3,23,30,1,14,7,21,21,31
https://github.com/Mixeway/MixewayScanner,CycloneDX,cyclonedx-maven-plugin,2020-08-18T11:13:35Z,Java,1,0,7,30,0,6,0,2,21,4
https://github.com/oracle/nosql-java-sdk,CycloneDX,cyclonedx-maven-plugin,2020-09-27T00:05:54Z,Java,12,2,30,30,1,30,18,23,21,10
https://github.com/tap8stry/orion,CycloneDX,cyclonedx-go,2021-11-09T14:14:29Z,Go,2,5,13,30,1,13,0,2,19,1
https://github.com/AlbanAndrieu/ansible-jenkins-slave,CycloneDX,cyclonedx-python,2014-09-19T19:26:41Z,Jinja,3,2,16,24,2,13,11,15,19,5
https://github.com/conan-io/conan-extensions,CycloneDX,build-info-go,2023-02-24T14:51:01Z,Python,16,25,30,30,8,30,0,23,24,10
https://github.com/kyverno/policy-reporter-ui,CycloneDX,cyclonedx-gomod,2021-03-13T16:20:46Z,Vue,5,0,30,30,0,30,3,4,25,5
https://github.com/oracle/okafka,CycloneDX,cyclonedx-gradle-plugin,2020-04-24T21:12:09Z,Java,8,6,30,30,0,24,2,16,20,5
https://github.com/nscuro/dtapac,CycloneDX,cyclonedx-gomod,2022-04-15T15:56:50Z,Go,4,2,30,30,1,30,12,4,26,6
https://github.com/CycloneDX/cyclonedx-web-tool,CycloneDX,cyclonedx-dotnet-library,2021-05-21T12:46:14Z,HTML,4,15,30,30,7,30,14,5,26,4
https://github.com/NC3-LU/Fit4Cybersecurity,CycloneDX,cyclonedx-python,2019-07-09T07:40:36Z,Python,9,15,30,30,2,30,6,8,17,11
https://github.com/gromgit/homebrew-core-mojave,CycloneDX,cyclonedx-python,2021-11-16T10:03:08Z,Ruby,1,3,6,30,0,0,30,3,18,3
https://github.com/RiverSafeUK/eze-cli,CycloneDX,cyclonedx-maven-plugin,,,2,2,2,2,2,2,2,0,0,0
https://github.com/Quobis/action-owasp-dependecy-track-check,CycloneDX,cyclonedx-php-composer,2021-05-15T17:32:57Z,Shell,4,5,8,30,0,5,4,17,32,6
https://github.com/remcohaszing/vscode-schemastore,CycloneDX,build-info-go,2022-07-30T11:44:17Z,JavaScript,3,0,3,30,0,1,1,2,21,3
https://github.com/appknox/irene,CycloneDX,swift-package-sbom,2014-11-04T06:26:08Z,JavaScript,24,17,30,30,12,30,30,11,17,12
https://github.com/john-sandall/python-productivity-powerups,CycloneDX,cyclonedx-python,2020-05-05T16:26:11Z,Jupyter Notebook,2,7,30,30,7,30,0,0,15,3
https://github.com/jetstack/tally,CycloneDX,cyclonedx-go,2022-09-07T09:00:43Z,Go,2,16,30,30,9,30,5,0,14,17
https://github.com/cedricbonhomme/freshermeat,CycloneDX,cyclonedx-python,2017-10-01T21:07:36Z,Python,3,3,30,30,0,30,9,3,20,4
https://github.com/kubernetes-sigs/release-utils,CycloneDX,ko-build/ko,2021-03-04T01:01:28Z,Go,12,0,30,30,0,30,15,17,16,7
https://github.com/aquasecurity/trivy-plugin-referrer,CycloneDX,pip-audit,2023-03-26T09:04:33Z,Go,6,0,29,25,0,21,12,6,20,5
https://github.com/ciaranmccormick/python-bods-client,CycloneDX,cyclonedx-python,2021-02-20T20:19:06Z,Python,3,3,30,30,3,30,15,3,18,4
https://github.com/duo-labs/narrow,CycloneDX,cyclonedx-python,2022-12-13T13:53:51Z,Python,3,7,4,30,0,4,0,4,18,7
https://github.com/trustification/trustification,CycloneDX,cyclonedx-cli,2023-05-03T16:03:26Z,Rust,19,30,30,30,14,30,25,26,31,13
https://github.com/nodeshift/faas-js-runtime,CycloneDX,cyclonedx-node-npm,2019-10-16T03:01:12Z,JavaScript,15,15,30,30,11,30,30,18,16,10
https://github.com/oss-compass/compass-web,CycloneDX,dtrack-audit,2022-09-29T09:44:01Z,TypeScript,5,28,30,30,8,30,0,8,17,3
https://github.com/eclipse-leda/leda-distro,CycloneDX,cyclonedx-cli,2022-06-13T15:21:46Z,Shell,4,30,30,30,3,30,9,7,13,5
https://github.com/planetmint/planetmint-driver-python,CycloneDX,cyclonedx-python,2022-01-24T08:13:21Z,Python,8,7,30,30,6,30,6,7,15,6
https://github.com/on-nix/pkgs,CycloneDX,cyclonedx-python-lib,2021-10-18T06:23:33Z,Python,1,1,0,30,0,0,0,1,20,2
https://github.com/jfrog/jfrog-cli-plugins,CycloneDX,build-info-go,2020-10-26T07:57:42Z,Go,13,3,30,30,2,30,0,17,17,24
https://github.com/algorand-devrel/beaker-auction,CycloneDX,cyclonedx-python,2022-09-15T00:22:12Z,TypeScript,2,0,5,30,0,5,0,10,12,1
https://github.com/nicholasdille/docker-setup,CycloneDX,cyclonedx-cli,2021-10-19T07:27:01Z,Go,4,18,30,30,15,30,30,4,14,4
https://github.com/hboutemy/mcmm-yaml,CycloneDX,cyclonedx-maven-plugin,2017-05-26T10:11:15Z,,1,1,0,30,0,0,0,11,13,5
https://github.com/FrodeHus/ludvig,CycloneDX,cyclonedx-python,2022-12-28T20:10:54Z,Python,2,7,30,30,6,30,7,1,13,1
https://github.com/siemens/continuous-clearing,CycloneDX,cyclonedx-maven-plugin,2023-02-10T10:43:09Z,C#,13,5,30,30,4,30,14,9,20,7
https://github.com/xhcoding/.emacs.d,CycloneDX,build-info-go,2023-01-20T15:53:05Z,Scheme,1,0,0,30,0,0,5,4,16,2
https://github.com/madpah/vexy,CycloneDX,cyclonedx-python,2022-07-04T14:37:59Z,Python,2,5,12,30,0,7,5,2,17,3
https://github.com/opnfv/releng,CycloneDX,sbom-cli-plugin,2016-11-03T17:45:08Z,Python,30,2,0,30,2,0,0,17,12,6
https://github.com/devops-kung-fu/lucha,CycloneDX,cyclonedx-gomod,2021-06-01T16:10:49Z,Go,1,12,30,30,11,30,2,2,13,2
https://github.com/JetBrains/kotlin,SPDX,spdx-maven-plugin,2012-02-13T17:29:58Z,Kotlin,30,30,30,30,30,30,30,5635,47989,1496
https://github.com/NervJS/taro,SPDX,sbom-tool,2018-04-08T09:32:26Z,TypeScript,30,30,30,30,30,30,30,4728,34892,689
https://github.com/gitlabhq/gitlabhq,SPDX,bom,2011-10-02T16:25:27Z,Ruby,30,13,30,30,13,30,0,5703,23622,966
https://github.com/cilium/cilium,SPDX,bom,2015-12-16T12:33:31Z,Go,30,30,30,30,30,30,30,2737,18864,313
https://github.com/GoogleContainerTools/distroless,SPDX,tools-golang,2017-04-18T22:02:38Z,Starlark,30,30,30,30,7,30,0,1088,17929,193
https://github.com/argoproj/argo-cd,SPDX,bom,2018-02-09T11:12:01Z,Go,30,30,30,30,30,30,30,4965,16419,181
https://github.com/argoproj/argo-workflows,SPDX,bom,2017-08-21T18:50:44Z,Go,30,30,30,30,30,30,30,3089,14419,203
https://github.com/kubernetes/community,SPDX,bom,2016-05-03T03:36:05Z,Jupyter Notebook,30,30,30,30,30,30,0,5117,11750,695
https://github.com/microsoft/winget-pkgs,SPDX,sbom-tool,2019-07-16T22:21:48Z,,30,30,30,30,30,30,0,4143,8114,109
https://github.com/apache/beam,SPDX,bom,2016-02-02T08:00:06Z,Java,30,30,30,30,30,30,30,4152,7590,262
https://github.com/moby/buildkit,SPDX,tools-golang,2017-05-31T17:04:10Z,Go,30,30,30,30,30,30,30,1076,7738,119
https://github.com/cri-o/cri-o,SPDX,bom,2016-09-09T19:56:31Z,Go,30,30,30,30,30,30,30,1038,5047,125
https://github.com/kubernetes/test-infra,SPDX,bom,2016-04-28T21:05:35Z,Go,30,30,30,30,30,30,0,2600,3797,131
https://github.com/RetireJS/retire.js,SPDX,bom,2013-08-30T21:43:44Z,JavaScript,30,2,30,30,0,30,16,412,3547,86
https://github.com/helm/chartmuseum,SPDX,bom,2017-09-19T05:48:21Z,Go,30,30,30,30,17,30,30,395,3497,58
https://github.com/cilium/tetragon,SPDX,bom,2022-03-23T10:25:36Z,Go,30,30,30,30,30,30,22,318,3345,54
https://github.com/microsoft/promptflow,SPDX,sbom-tool,2023-06-30T06:03:06Z,Python,30,30,30,30,30,30,30,722,8406,96
https://github.com/argoproj/argo-rollouts,SPDX,bom,2018-11-17T18:28:39Z,Go,30,30,30,30,30,30,30,792,2524,34
https://github.com/argoproj/argo-events,SPDX,bom,2018-05-17T15:06:49Z,Go,30,30,30,30,5,30,30,713,2248,35
https://github.com/nexB/scancode-toolkit,SPDX,tools-python,2015-07-01T13:43:06Z,Python,30,30,30,30,28,30,30,532,1999,73
https://github.com/mpromonet/v4l2rtspserver,SPDX,ort,2013-11-09T23:08:44Z,C++,11,30,30,30,1,25,30,419,1804,86
https://github.com/ScoopInstaller/Extras,SPDX,sbom-tool,2013-08-06T03:27:50Z,PowerShell,30,30,30,30,30,30,0,1291,1712,35
https://github.com/chaos-mesh/chaos-mesh,SPDX,bom,2019-09-04T02:29:38Z,Go,30,30,30,30,30,30,30,801,6466,124
https://github.com/togglz/togglz,SPDX,sbom-tool,2011-12-21T16:49:03Z,Java,30,30,30,30,14,30,29,251,927,31
https://github.com/fossology/fossology,SPDX,tools-java,2014-01-13T11:22:57Z,PHP,30,30,30,30,12,30,30,400,759,63
https://github.com/kubernetes-sigs/security-profiles-operator,SPDX,bom,2020-04-24T09:37:15Z,C,30,12,30,30,6,30,15,99,660,14
https://github.com/tenzir/tenzir,SPDX,tools-python,2010-09-23T01:19:19Z,C++,30,12,30,30,12,30,30,84,618,35
https://github.com/numaproj/numaflow,SPDX,bom,2022-05-20T22:05:07Z,Go,30,30,30,30,5,30,30,95,930,17
https://github.com/owasp-dep-scan/dep-scan,SPDX,bom,2020-01-28T20:41:58Z,Python,13,30,30,30,3,30,30,88,886,14
https://github.com/aosp-mirror/platform_build,SPDX,tools-golang,2008-10-21T18:19:56Z,Makefile,30,0,13,30,0,13,0,717,421,61
https://github.com/lf-edge/eve,SPDX,tools-golang,2019-04-19T04:01:17Z,Go,30,30,30,30,18,30,30,154,456,32
https://github.com/syself/cluster-api-provider-hetzner,SPDX,bom,2021-08-25T11:32:07Z,Go,25,30,30,30,9,30,30,46,524,8
https://github.com/spidernet-io/spiderpool,SPDX,bom,2022-03-07T03:45:43Z,Go,30,30,30,30,14,30,30,73,497,7
https://github.com/opensbom-generator/spdx-sbom-generator,SPDX,tools-golang,2021-05-19T19:35:04Z,Go,27,30,30,30,12,30,15,107,377,20
https://github.com/kkzzhizhou/scoop-apps,SPDX,sbom-tool,2019-12-05T06:03:55Z,Batchfile,5,5,30,30,1,12,0,52,382,4
https://github.com/chainguard-dev/melange,SPDX,bom,2022-03-07T19:53:27Z,Go,30,30,30,30,28,30,30,75,368,11
https://github.com/kubernetes-sigs/bom,SPDX,tools-java,2021-11-19T13:06:36Z,Go,30,6,30,30,3,30,10,43,305,11
https://github.com/Zolko-123/FreeCAD_Assembly4,SPDX,bom,2019-03-10T11:58:17Z,Python,30,17,30,30,2,30,10,75,264,12
https://github.com/deislabs/ratify,SPDX,tools-golang,2021-08-13T16:17:52Z,Go,30,30,30,30,8,30,22,55,182,12
https://github.com/evereux/pycatia,SPDX,bom,2018-11-25T20:04:31Z,Python,11,8,30,30,0,30,28,46,180,24
https://github.com/kdoctor-io/kdoctor,SPDX,bom,2023-06-05T03:59:18Z,Go,9,21,30,30,9,30,7,16,194,1
https://github.com/containerbuildsystem/atomic-reactor,SPDX,bom,2014-10-21T14:45:11Z,Python,30,14,30,30,6,30,30,62,133,12
https://github.com/spidernet-io/egressgateway,SPDX,bom,2022-10-24T07:14:58Z,Go,12,24,30,30,17,30,14,16,179,2
https://github.com/kubewarden/policy-server,SPDX,spdx-sbomgenerator,2020-12-15T14:26:03Z,Rust,12,17,30,30,5,30,30,16,131,9
https://github.com/aws-containers/retail-store-sample-app,SPDX,ort,2022-10-04T16:30:46Z,Java,13,24,30,30,9,30,9,234,197,4
https://github.com/spdx/tools,SPDX,spdx-maven-plugin,2015-03-23T21:46:19Z,Java,17,29,30,30,3,30,23,68,123,18
https://github.com/eclipse-sw360/sw360,SPDX,spdx-maven-plugin,2018-04-16T15:54:19Z,Java,30,30,30,30,30,30,26,95,115,25
https://github.com/cilium/proxy,SPDX,bom,2018-10-29T23:24:15Z,C++,22,12,30,30,3,30,0,47,128,22
https://github.com/in-toto/in-toto-golang,SPDX,tools-golang,2018-10-15T15:18:06Z,Go,27,30,30,30,5,30,14,48,114,11
https://github.com/spdx/spdx-examples,SPDX,tools-java,2020-07-17T22:49:19Z,Java,10,15,30,30,6,30,0,47,109,12
https://github.com/spdx/tools-golang,SPDX,Spdx-Java-Library,2019-01-10T21:31:26Z,Go,20,30,30,30,1,30,11,53,112,12
https://github.com/nix-community/nur-combined,SPDX,bom,2018-08-04T16:29:54Z,Nix,2,1,15,30,0,5,0,13,111,8
https://github.com/johniwasz/whetstone.chatgpt,SPDX,sbom-tool,2022-12-29T22:22:26Z,CSS,2,3,30,30,0,30,11,16,95,8
https://github.com/nexB/scancode.io,SPDX,bom,2020-09-10T15:06:52Z,Python,17,30,30,30,14,30,30,82,94,14
https://github.com/chainguard-dev/actions,SPDX,tools-java,2022-02-21T17:03:15Z,,30,19,30,30,5,30,0,49,104,4
https://github.com/Azure/azure-functions-dapr-extension,SPDX,sbom-tool,2020-04-02T21:13:42Z,C#,16,13,30,30,2,30,8,32,90,19
https://github.com/porscheofficial/cookie-consent-banner,SPDX,ort,2021-09-14T14:12:42Z,TypeScript,4,1,28,30,0,12,17,6,122,6
https://github.com/DefectDojo/sample-scan-files,SPDX,ort,2018-03-13T14:21:34Z,HTML,30,0,30,30,0,30,0,125,71,17
https://github.com/dmitmel/dotfiles,SPDX,ort,2018-01-13T11:10:25Z,Lua,2,0,19,30,0,18,0,6,67,8
https://github.com/a0x8o/kafka,SPDX,bom,2016-09-22T22:28:02Z,Java,1,30,17,30,23,9,0,172,65,5
https://github.com/CycloneDX/cyclonedx-core-java,SPDX,bom,2018-05-30T22:50:46Z,Java,29,30,30,30,8,30,0,54,70,7
https://github.com/spdx/spdx-online-tools,SPDX,tools-java,2017-05-22T23:58:36Z,JavaScript,28,30,30,30,13,30,6,56,59,14
https://github.com/kbob/LED-Cube,SPDX,bom,2019-03-17T12:10:36Z,HTML,1,1,2,30,0,2,0,2,49,10
https://github.com/opossum-tool/OpossumUI,SPDX,spdx-maven-plugin,2021-09-21T14:45:15Z,TypeScript,24,16,30,30,1,30,30,25,55,2
https://github.com/LLNL/llnl.github.io,SPDX,spdx-sbomgenerator,2016-01-10T22:04:39Z,JavaScript,30,18,30,30,0,30,0,48,51,10
https://github.com/CERTCC/SBOM,SPDX,bom,2020-06-01T17:08:22Z,JavaScript,2,2,19,30,0,4,0,17,55,12
https://github.com/spdx/spdx-to-osv,SPDX,tools-java,2021-09-29T18:40:04Z,Java,3,4,28,30,1,18,5,11,58,7
https://github.com/johnterickson/cargo2junit,SPDX,sbom-tool,2019-02-16T18:00:02Z,Rust,8,12,30,30,0,30,0,11,50,2
https://github.com/spdx/tools-java,SPDX,Spdx-Java-Library,2020-01-06T18:02:19Z,Java,12,11,30,30,1,30,17,33,56,6
https://github.com/CycloneDX/cyclonedx-linux-generator,SPDX,bom,2021-05-20T15:48:46Z,Java,5,14,30,30,9,30,0,13,38,7
https://github.com/rod4n4m1/hashi-vault-js,SPDX,sbom-tool,2020-07-01T17:56:03Z,JavaScript,9,5,30,30,0,20,4,10,40,8
https://github.com/spdx/ntia-conformance-checker,SPDX,tools-python,2022-07-18T21:32:45Z,Python,13,1,30,30,0,30,13,16,47,10
https://github.com/IBM/CBOM,SPDX,bom,2022-12-16T11:25:50Z,,4,0,30,9,0,15,1,6,48,11
https://github.com/opfab/operatorfabric-core,SPDX,ort,2018-09-27T09:36:25Z,TypeScript,30,30,30,30,15,30,30,27,36,9
https://github.com/spdx/spdx-maven-plugin,SPDX,Spdx-Java-Library,2014-01-13T19:55:58Z,Java,14,12,30,30,0,30,17,26,39,5
https://github.com/QMSTR/qmstr,SPDX,tools-golang,2018-01-19T09:50:33Z,Go,10,30,30,30,2,30,0,1,31,1
https://github.com/w3c-ccg/traceability-vocab,SPDX,tools-golang,2020-10-13T16:30:53Z,JavaScript,27,30,30,30,2,30,1,34,35,28
https://github.com/maxhbr/myconfig,SPDX,ort,2012-12-04T18:26:32Z,Shell,30,16,29,30,0,11,0,12,34,3
https://github.com/Open-Source-Compliance/package-analysis,SPDX,tools-java,2022-03-02T09:01:20Z,Python,11,1,30,30,1,30,0,17,34,7
https://github.com/anchore/grype-db,SPDX,tools-golang,2020-07-13T18:15:41Z,Go,14,15,30,30,5,30,25,13,31,15
https://github.com/octodemo/sbom-dependency-submission,SPDX,sbom-tool,2022-10-03T22:33:03Z,Java,2,0,1,22,0,1,0,15,25,2
https://github.com/Enchoseon/2based2wait,SPDX,sbom-tool,2022-02-05T04:30:46Z,JavaScript,5,13,30,30,1,30,8,8,34,2
https://github.com/elastic/cloudbeat,SPDX,tools-golang,2022-02-14T10:43:26Z,Go,30,30,30,30,11,30,0,40,37,12
https://github.com/rancher/elemental-operator,SPDX,bom,2022-05-25T10:23:32Z,Go,16,21,30,30,2,30,30,16,37,8
https://github.com/todogroup/ospolandscape,SPDX,ort,2021-02-17T17:04:51Z,,30,8,30,30,1,30,0,42,30,14
https://github.com/vmware-samples/sbom-composer,SPDX,tools-golang,2022-07-20T13:22:52Z,Go,5,10,5,30,2,2,1,4,22,2
https://github.com/spdx/cdx2spdx,SPDX,spdx-maven-plugin,2021-07-15T20:12:13Z,Java,3,5,30,30,0,24,6,8,25,5
https://github.com/LArkema/dctransistor-project,SPDX,bom,2021-10-18T20:45:45Z,C++,2,0,2,30,0,1,30,1,18,4
https://github.com/verifiedcoder/Twilight,SPDX,sbom-tool,2020-08-25T23:39:32Z,C#,2,0,23,30,0,23,0,0,16,3
https://github.com/devonfw/solicitor,SPDX,ort,2019-08-25T11:05:22Z,Java,13,16,30,30,2,30,30,18,18,8
https://github.com/synapsecns/sanguine,SPDX,syft,2022-05-24T08:16:06Z,Go,19,30,30,30,22,30,30,23,37,8
https://github.com/iinnovations/iicontrollibs,SPDX,bom,2013-11-18T18:16:45Z,Python,2,0,0,30,0,0,0,9,15,7
https://github.com/docker/go-imageinspect,SPDX,tools-golang,2022-07-28T03:02:28Z,Go,3,19,11,30,9,10,0,2,13,5
https://github.com/nexB/python-inspector,SPDX,tools-python,2022-05-12T19:42:57Z,Python,29,30,30,30,5,30,10,17,20,10
https://github.com/spidernet-io/spiderdoctor,SPDX,bom,2022-11-11T03:27:17Z,Go,4,30,30,30,9,30,11,3,12,2
https://github.com/mchmarny/disco,SPDX,tools-golang,2022-12-23T13:18:03Z,Go,2,14,30,30,11,30,30,3,13,2
https://github.com/eclipse-leda/leda,SPDX,ort,2022-06-07T13:13:35Z,HTML,8,3,30,30,0,30,0,7,14,6
https://github.com/dokc/operator-feature-matrix,SPDX,bom,2023-01-27T00:07:35Z,Shell,6,3,5,11,2,3,0,4,21,7
https://github.com/lfit/releng-global-jjb,SPDX,spdx-sbomgenerator,2017-06-27T16:32:33Z,Shell,26,0,3,30,0,3,10,10,14,4
https://github.com/philips-software/spdx-builder,SPDX,ort,2020-07-16T06:14:32Z,Java,5,14,30,30,6,30,18,6,12,2
https://github.com/swinslow/npm-spdx,SPDX,tools-golang,2019-11-18T15:01:12Z,Go,1,22,12,8,20,9,0,3,11,3
https://github.com/digitaltwinconsortium/DTDLParser,SPDX,sbom-tool,2022-08-06T14:39:37Z,C#,3,4,30,30,0,30,5,7,14,4
https://github.com/spdx/gordf,SPDX,tools-golang,2020-08-19T15:52:57Z,Go,3,0,8,30,0,3,0,5,11,8
https://github.com/sajayantony/obom_cli,SPDX,tools-golang,2023-05-10T19:02:20Z,Go,3,2,3,24,1,2,1,5,10,2
https://github.com/apache/solr-site,SPDX,bom,2021-02-20T11:54:24Z,HTML,30,1,30,30,1,30,0,25,12,29
https://github.com/a0x8o/beam,SPDX,bom,2016-09-22T22:29:58Z,Python,1,30,30,30,30,30,0,3,9,3
https://github.com/BabelZilla/WTS,SPDX,spdx-maven-plugin,2014-06-11T21:02:38Z,PHP,3,1,7,30,0,6,0,9,9,6
https://github.com/oasis-open/openc2-jadn-software,SPDX,bom,2017-08-28T18:45:52Z,Python,5,1,30,30,0,30,0,12,8,10
https://github.com/bom-squad/sbom-convert,SPDX,protobom,2023-07-06T21:27:27Z,Go,5,5,30,30,4,30,3,5,12,6
https://github.com/chamilad/kibana-prometheus-exporter,SPDX,spdx-sbomgenerator,2020-03-08T08:38:38Z,Go,3,4,30,30,0,17,6,9,9,3
https://github.com/vinland-technology/compliance-tool-collection,SPDX,ort,2021-05-02T21:59:04Z,Shell,1,0,30,30,0,13,0,4,9,2
https://github.com/mil-oss/spdx-xsd,SPDX,bom,2018-05-30T03:35:15Z,XSLT,2,0,5,30,0,2,0,3,7,10
https://github.com/philips-software/post-to-medium-action,SPDX,sbom-tool,2021-10-27T07:49:02Z,C#,4,7,27,30,0,14,10,2,11,4
https://github.com/purpleidea/yesiscan,SPDX,tools-golang,2021-05-05T16:08:26Z,Go,2,0,0,30,0,0,0,1,9,3
https://github.com/vu-ls/advise,SPDX,tools-python,2023-03-07T15:34:26Z,Python,3,1,0,30,0,0,6,0,7,3
https://github.com/robertwb/beam-javascript,SPDX,bom,2022-01-04T00:51:30Z,Java,30,0,16,30,0,16,0,7,7,7
https://github.com/jasona7/ChatCVE,SPDX,tools-golang,2023-05-25T14:16:44Z,Makefile,1,0,0,30,0,0,0,1,14,1
https://github.com/porscheofficial/porscheofficial.github.io,SPDX,ort,2023-05-10T08:20:43Z,MDX,4,8,30,30,5,30,0,6,17,6
https://github.com/Ed-Fi-Exchange-OSS/Meadowlark,SPDX,sbom-tool,2021-12-07T20:39:20Z,TypeScript,7,2,30,30,1,30,30,12,6,11
https://github.com/bespoke-silicon-group/bsg_motherboards,SPDX,bom,2020-06-19T23:18:56Z,Verilog,2,3,6,30,0,2,0,0,6,7
https://github.com/frazrepo/vimrc,SPDX,ort,2019-01-09T15:26:04Z,Vim script,1,1,5,30,1,5,1,2,6,1
https://github.com/privacy-tech-lab/privacy-pioneer-machine-learning,SPDX,ort,2022-02-05T15:17:30Z,Jupyter Notebook,2,0,16,30,0,6,0,1,5,12
https://github.com/a0x8o/drill,SPDX,bom,2016-09-22T22:28:32Z,Java,1,15,14,30,15,14,0,2,5,1
https://github.com/uncefact/project-vckit,SPDX,tools-golang,2022-09-02T22:01:41Z,TypeScript,8,4,30,30,2,30,0,8,7,6
https://github.com/spdx/spdx-gradle-plugin,SPDX,spdx-maven-plugin,2023-04-05T19:48:05Z,Java,7,10,30,30,2,30,0,9,11,7
https://github.com/wabbit-networks/net-monitor,SPDX,sbom-tool,2021-03-02T18:38:13Z,Dockerfile,5,2,4,30,2,4,0,14,5,1
https://github.com/greenbone/actions,SPDX,sbom-tool,2021-05-22T15:42:03Z,Python,17,1,30,30,1,30,30,6,5,21
https://github.com/Azure/obom,SPDX,tools-golang,2023-07-14T19:06:54Z,Go,6,0,14,30,0,13,4,5,5,3
https://github.com/cognitedata/opcua-extractor-net,SPDX,sbom-tool,2019-07-01T12:47:26Z,C#,13,6,30,30,5,30,30,1,7,55
https://github.com/riehlegroup/product-model-toolkit,SPDX,tools-golang,2020-02-19T16:15:59Z,Go,3,2,30,30,1,30,1,4,4,4
https://github.com/dpvreony/whipstaff,SPDX,sbom-tool,2017-09-19T20:05:12Z,C#,5,6,30,30,0,30,30,3,8,2
https://github.com/uOttawa-Nanda-Lab/Flakify,SPDX,spdx-maven-plugin,2022-01-05T20:36:28Z,Java,2,1,1,3,0,0,0,6,8,2
https://github.com/spdx/spdx-java-jackson-store,SPDX,spdx-maven-plugin,2020-01-17T23:36:22Z,Java,3,4,30,30,1,30,18,6,3,3
https://github.com/puerco/release-actions,SPDX,bom,2023-12-02T20:32:00Z,,6,0,0,30,0,0,0,0,0,1
https://github.com/eclipse-leda/leda-utils,SPDX,ort,2022-06-13T15:22:48Z,Shell,5,5,30,30,0,30,3,4,4,2
https://github.com/emzeat/mz-cmaketools,SPDX,tools-python,2012-09-25T14:15:19Z,CMake,1,0,0,30,0,0,0,2,5,2
https://github.com/kubewarden/github-actions,SPDX,bom,2022-01-20T13:31:23Z,,10,3,30,30,0,30,21,7,4,7
https://github.com/jotterson/sbom-validator,SPDX,tools-python,2021-09-17T17:11:47Z,Python,2,0,1,30,0,1,3,0,4,1
https://github.com/cpanato/kubepug-installer,SPDX,bom,2021-11-05T15:40:33Z,,2,0,16,20,0,16,3,0,5,3
https://github.com/gnoliyil/fuchsia,SPDX,tools-golang,2022-01-08T16:09:33Z,C++,30,1,0,30,1,0,0,1,5,1
https://github.com/anderlli0053/AppArchive,SPDX,sbom-tool,2023-06-10T10:45:29Z,Roff,1,0,1,6,0,0,0,1,6,1
https://github.com/wings-software/payment-service,SPDX,ort,2021-08-18T18:55:11Z,Python,10,0,30,30,0,30,0,27,3,3
https://github.com/swinslow/kernel-spdx-ids,SPDX,tools-golang,2018-12-12T23:07:34Z,Go,1,2,2,6,0,2,0,1,4,2
https://github.com/danf425/jhttp_isolated,SPDX,ort,2022-04-05T20:37:16Z,Python,1,6,30,30,6,30,22,13,3,1
https://github.com/yevster/spdx-edit,SPDX,spdx-maven-plugin,2015-07-01T07:04:46Z,Java,3,7,26,30,5,20,4,3,3,3
https://github.com/puerco/supply-chain-demo,SPDX,bom,2022-03-08T07:37:36Z,Go,2,0,0,21,0,0,0,0,3,3
https://github.com/l2x6/cq-maven-plugin,SPDX,bom,2020-03-16T20:41:40Z,Java,10,11,30,30,5,30,0,10,4,5
https://github.com/wings-software/platform-demo2,SPDX,ort,2021-07-26T22:24:10Z,CSS,3,30,30,26,30,30,0,43,3,4
https://github.com/Ed-Fi-Alliance-OSS/Ed-Fi-ODS-AdminApp,SPDX,sbom-tool,2020-05-05T17:37:29Z,C#,16,0,30,30,0,30,18,15,2,9
https://github.com/SovereignCloudStack/cluster-stack-operator,SPDX,bom,2023-05-22T07:28:41Z,Go,11,30,30,30,13,30,4,3,7,4
https://github.com/hivelocity/cluster-api-provider-hivelocity,SPDX,bom,2022-10-21T14:25:15Z,Go,5,25,30,30,1,30,3,3,6,8
https://github.com/spdx/spdx-java-rdf-store,SPDX,spdx-maven-plugin,2019-12-06T23:06:03Z,Java,2,2,30,30,1,30,18,3,2,3
https://github.com/sdbs-uni-p/json-schema-corpus,SPDX,bom,2021-03-26T13:49:23Z,,2,2,0,2,0,0,1,1,3,1
https://github.com/LoremLabs/kudos-for-code-action,SPDX,ort,2023-03-14T14:20:52Z,,3,0,4,30,0,3,15,0,2,1
https://github.com/porscheofficial/.github,SPDX,ort,2021-09-21T12:57:50Z,,3,1,5,28,1,5,0,2,2,1
https://github.com/axenox/PackageManager,SPDX,bom,2015-11-08T12:24:02Z,PHP,3,1,25,30,1,25,9,3,2,5
https://github.com/uservers/miniprow,SPDX,bom,2021-03-31T19:57:40Z,Go,4,10,30,30,6,30,0,2,2,2
https://github.com/opossum-tool/examples,SPDX,tools-java,2021-09-20T06:27:47Z,Shell,1,0,0,2,0,0,0,1,2,3
https://github.com/Ed-Fi-Alliance-OSS/Ed-Fi-AdminAPI,SPDX,sbom-tool,2022-10-18T15:25:53Z,C#,20,5,30,30,5,30,21,8,2,7
https://github.com/nydusaccelerator/buildkit,SPDX,tools-golang,2023-01-05T03:50:05Z,Go,30,8,11,30,8,9,0,4,5,7
https://github.com/adriandiglio/Demo-for-Microsoft-SBOM-Tool,SPDX,sbom-tool,2019-09-12T20:40:10Z,Python,1,0,0,30,0,0,0,3,3,3
https://github.com/orenmazor/eks-workshop,SPDX,ort,2023-07-07T15:34:56Z,Java,1,0,0,4,0,0,0,0,2,1
https://github.com/syspack/pakages,SPDX,bom,2022-05-13T23:45:30Z,Python,1,0,23,30,0,21,4,0,2,2
https://github.com/chintal/tendril,SPDX,bom,2015-07-28T20:38:43Z,Python,3,0,21,30,0,4,0,2,2,2
https://github.com/earthly/buildkit,SPDX,tools-golang,2023-04-20T19:09:48Z,Go,30,7,30,30,7,30,0,6,2,4
https://github.com/alexethier/utilities,SPDX,ort,2016-09-18T20:37:02Z,Shell,2,0,0,30,0,0,0,0,1,1
https://github.com/mybeam/Apache-Beam-,SPDX,bom,2019-05-31T12:05:55Z,Java,30,11,13,30,11,13,0,5,2,5
https://github.com/yirutang/insert-id,SPDX,bom,2019-12-12T01:08:50Z,Java,30,10,14,30,10,14,0,0,2,2
https://github.com/a0x8o/presto,SPDX,bom,2018-03-19T19:30:26Z,Java,1,30,23,30,30,23,0,0,2,1
https://github.com/a0x8o/druid,SPDX,bom,2019-07-17T00:27:22Z,Java,1,30,30,29,30,30,0,0,2,1
https://github.com/linagora/Lincompliance,SPDX,ort,2022-01-26T15:32:32Z,CSS,1,0,0,3,0,0,0,0,2,9
https://github.com/Be-Secure/BeSLab,SPDX,spdx-sbomgenerator,2023-05-04T07:12:45Z,Shell,7,2,30,30,0,30,4,5,16,3
https://github.com/karuppiah7890/tanzu-framework,SPDX,bom,2021-07-28T07:22:11Z,,30,0,0,30,0,0,0,0,1,2
https://github.com/MaibornWolff/OSSLR,SPDX,spdx-sbomgenerator,2021-08-24T09:45:38Z,TypeScript,8,11,9,30,0,7,0,1,1,7
https://github.com/Be-Secure/besecure-ce-env-repo,SPDX,spdx-sbomgenerator,2021-03-17T06:53:45Z,Shell,11,1,30,30,0,30,2,15,17,3
https://github.com/aj-stein-nist/oscal-cat,SPDX,bom,2022-07-22T23:18:15Z,TypeScript,4,0,0,30,0,0,0,0,1,0
https://github.com/pezra/pretty-printer,SPDX,spdx-maven-plugin,2011-03-30T15:21:38Z,Java,2,0,0,17,0,0,0,3,1,1
https://github.com/spdx/spdx-java-spreadsheet-store,SPDX,spdx-maven-plugin,2020-05-12T03:20:45Z,Java,3,0,29,30,0,22,14,4,2,3
https://github.com/Ed-Fi-Alliance-OSS/Ed-Fi-API-Publisher,SPDX,sbom-tool,2021-03-02T19:42:00Z,C#,9,2,30,30,2,30,20,5,1,8
https://github.com/gon1942/git_command,SPDX,sbom-tool,2018-07-04T08:05:08Z,Shell,6,9,30,30,0,30,30,4,1,0
https://github.com/eclipse-sw360/sw360.website.published,SPDX,tools-java,2022-10-05T20:24:17Z,CSS,2,0,0,30,0,0,0,1,1,9
https://github.com/wang-song/scoopMain,SPDX,sbom-tool,2022-09-28T12:53:01Z,Batchfile,0,0,0,30,0,0,0,1,1,2
https://github.com/diegopereiraeng/payments-validation,SPDX,ort,2022-11-25T13:49:49Z,Python,2,30,23,30,30,23,0,14,1,1
https://github.com/chris-toenjes-deye/salus-spdx-to-osv,SPDX,tools-java,2022-08-10T12:58:33Z,Java,3,0,2,29,0,1,0,0,1,1
https://github.com/leoluz/go-experiments,SPDX,bom,2015-02-23T16:22:40Z,Go,1,2,2,30,1,2,0,0,1,2
https://github.com/alexander-dev-hub/apache-beam,SPDX,bom,2019-09-11T11:31:07Z,Java,2,12,13,2,12,13,0,3,1,2
https://github.com/RobertKielty/hook-plugin-docker-action,SPDX,bom,2022-07-24T19:46:09Z,Shell,0,0,0,24,0,0,0,0,1,3
https://github.com/espv/beam-plus-wrapper,SPDX,bom,2020-06-05T09:31:48Z,Java,30,4,18,30,4,18,0,0,1,2
https://github.com/rohankumardubey/beam,SPDX,bom,2021-09-21T06:14:15Z,Java,30,0,0,30,0,0,0,0,1,1
https://github.com/opensbom-generator/sbom-composer,SPDX,tools-golang,2023-03-17T14:16:51Z,Go,5,6,2,30,0,1,0,0,1,3
https://github.com/anchore/go-logger,SPDX,tools-golang,2022-02-07T18:13:22Z,Go,4,4,10,20,0,10,0,2,1,14
https://github.com/evhart/counsel,SPDX,bom,2023-03-16T21:40:46Z,Python,1,0,0,3,0,0,0,0,1,1
https://github.com/daemon1024/scratchpad-k8s-sig-resource,SPDX,bom,2021-12-04T05:52:10Z,Go,2,0,0,8,0,0,0,0,1,1
https://github.com/swinslow/spdx-oin,SPDX,tools-golang,2018-12-09T23:15:32Z,Go,1,0,1,10,0,1,0,0,1,3
https://github.com/dims/k8s-code.appspot.com,SPDX,bom,2018-04-10T13:18:34Z,Python,2,0,4,11,0,4,0,5,1,3
https://github.com/Pranshu021/ansible-role-bes-spdx-generator,SPDX,spdx-sbomgenerator,,,2,2,2,2,2,2,2,0,0,0
https://github.com/gon1942/how2github,SPDX,sbom-tool,2023-09-17T13:51:33Z,,1,1,1,30,1,0,0,2,2,1
https://github.com/Micronaet/micronaet-sql,SPDX,bom,2015-02-18T08:13:23Z,Python,1,0,0,30,0,0,0,0,0,4
https://github.com/OKiMaureen/test,SPDX,sbom-tool,2019-03-21T13:39:25Z,Dockerfile,3,30,30,30,30,30,30,5,0,1
https://github.com/echapmanFromBunnings/medium-sbom,SPDX,sbom-tool,2022-08-13T21:50:08Z,C#,2,0,0,6,0,0,2,0,0,1
https://github.com/Ed-Fi-Alliance-OSS/Ed-Fi-Compatibility-Libraries,SPDX,sbom-tool,2022-12-08T22:05:30Z,C#,6,0,16,16,0,16,2,1,0,6
https://github.com/dpvreony/net-repo-template,SPDX,sbom-tool,2022-12-03T10:57:53Z,,2,1,30,30,0,30,0,0,0,2
https://github.com/Ed-Fi-Alliance-OSS/Ed-Fi-DataImport,SPDX,sbom-tool,2022-10-10T19:05:06Z,C#,14,2,30,30,2,30,30,11,0,4
https://github.com/xjtucoderesearch/UsabilityTest,SPDX,bom,2022-04-16T14:57:17Z,Python,2,0,0,30,0,0,0,1,0,1
https://github.com/pombredanne/gitlab.com-hoppr-hoppr-cyclonedx-models,SPDX,bom,2023-01-19T18:45:33Z,Python,6,0,0,30,0,0,0,0,0,2
https://github.com/philipwig/ledcube,SPDX,bom,2021-08-11T16:14:53Z,HTML,1,0,0,30,0,0,1,0,0,1
https://github.com/swinslow/peridot-agents,SPDX,tools-golang,2019-01-26T15:29:48Z,Go,1,0,0,11,0,0,0,0,0,2
https://github.com/MrWenBo/mescep,SPDX,bom,2017-05-19T14:29:48Z,Java,2,0,0,2,0,0,0,1,0,2
https://github.com/goneall/spdx-model-to-java,SPDX,tools-java,2023-07-09T00:34:24Z,Java,1,0,0,24,0,0,0,0,0,1
https://github.com/gosh-sh/gosh-build-tools,SPDX,bom,2023-03-21T09:19:09Z,Rust,4,0,8,30,0,8,3,0,0,6
https://github.com/06kellyjac/nur-packages,SPDX,bom,2020-12-08T10:21:02Z,Nix,2,3,19,30,3,19,0,0,0,3
https://github.com/dhercher/beam-old,SPDX,bom,2020-10-09T01:14:56Z,Java,30,1,0,30,1,0,0,0,0,1
https://github.com/OpenTOSCA/license-engine,SPDX,spdx-maven-plugin,2020-11-20T15:21:48Z,Java,2,0,4,30,0,4,0,0,0,23
https://github.com/zvr/hub-spdx,SPDX,spdx-maven-plugin,2018-04-24T17:17:46Z,Java,1,0,0,30,0,0,0,0,0,3
https://github.com/Be-Secure/BeS-dev-kit,SPDX,sbom-tool,2023-03-14T08:42:46Z,Python,4,3,30,30,0,30,7,6,16,2
https://github.com/ep-infosec/36_linkedin_beam,SPDX,bom,2022-12-12T14:33:44Z,Java,1,0,0,1,0,0,0,0,0,2
https://github.com/maxhbr/benchmark,SPDX,ort,2017-05-20T15:42:08Z,Shell,2,0,1,30,0,1,0,1,0,2
https://github.com/ep-infosec/33_apache_beam,SPDX,bom,2022-12-11T01:16:12Z,Java,1,0,0,1,0,0,0,0,0,2
https://github.com/samuelmoss572/dataflowworkshop,SPDX,bom,2019-08-07T15:07:50Z,Java,30,11,13,30,11,13,0,0,0,2
https://github.com/kolaczyn/typescript-template,SPDX,sbom-tool,2022-08-27T08:24:40Z,TypeScript,2,0,30,30,0,30,0,0,0,0
https://github.com/williamfzc/sbom-rule-diff,SPDX,tools-python,2023-08-27T13:22:06Z,Python,1,0,0,2,0,0,0,0,0,2
https://github.com/gridgentoo/uber-kubernetes-test-infra,SPDX,bom,2023-03-01T10:39:59Z,Go,30,0,0,30,0,0,0,0,0,1
https://github.com/mmogylenko/rules_deb_packages,SPDX,tools-golang,2023-06-09T20:44:51Z,Go,0,1,3,2,0,3,2,0,0,1
https://github.com/opossum-tool/opossum.lib.py,SPDX,tools-python,2023-03-06T12:34:09Z,Python,6,17,30,30,3,30,0,7,0,2
https://github.com/MadhavJivrajani/owners-counts,SPDX,bom,2023-03-20T16:23:57Z,Go,1,0,0,5,0,0,0,0,0,2
https://github.com/Prow-Cluster-Bot/prow-config,SPDX,bom,2023-04-07T09:39:23Z,Jsonnet,1,0,0,15,0,0,0,1,0,0
https://github.com/Be-Secure/ansible-role-oah-beslab,SPDX,spdx-sbomgenerator,2023-08-08T05:53:57Z,,1,0,1,2,0,1,0,1,0,2
https://github.com/actions-marketplace-validations/philips-software_post-to-medium-action,SPDX,sbom-tool,2023-03-07T04:13:55Z,C#,3,0,0,30,0,0,0,0,0,0
https://github.com/fullsushidev/qmstr-1,SPDX,tools-golang,2020-12-09T15:40:11Z,,9,0,0,30,0,0,0,0,0,0
https://github.com/Exynos-AOSP-Master/android_build,SPDX,tools-golang,2023-07-24T17:55:29Z,Makefile,30,0,0,30,0,0,0,0,0,0
https://github.com/AOSP-14-RMX2020/platform_build,SPDX,tools-golang,2023-07-29T05:40:08Z,Makefile,30,0,0,30,0,0,0,0,0,0
https://github.com/project-stacker/stacker-bom,SPDX,tools-golang,2023-02-09T19:02:46Z,Go,1,5,30,30,5,30,7,1,0,2
https://github.com/mluker/artifact-signing,SPDX,sbom-tool,2022-11-17T19:47:55Z,Shell,1,0,0,15,0,0,0,0,0,1
https://github.com/mluker/secure-supply-chain,SPDX,sbom-tool,2023-02-24T16:29:47Z,Shell,1,0,0,8,0,0,0,0,0,1
https://github.com/ds2/docker-templates,SPDX,sbom-tool,2019-02-28T13:14:28Z,Dockerfile,5,12,30,30,11,30,0,0,0,2
https://github.com/sethmlarson/cpython-sbom,SPDX,tools-python,2023-08-30T21:40:14Z,Python,2,5,6,10,1,4,0,2,7,2
https://github.com/MHarmony/mharmony.io,SPDX,sbom-tool,2022-10-24T19:49:38Z,TypeScript,1,0,0,17,0,0,2,0,0,1
https://github.com/yuuki1967/https-gintro-to-dotnet-web-dev,SPDX,sbom-tool,2023-07-04T13:35:53Z,C#,11,0,0,30,0,0,0,0,0,1
https://github.com/swinslow/cncf-exceptions-maker,SPDX,tools-golang,2019-11-01T17:16:44Z,Go,1,1,0,2,0,0,0,0,0,2
https://github.com/aasim/Sample2,SPDX,sbom-tool,2020-12-04T21:35:57Z,,1,0,0,15,0,0,0,0,0,1
https://github.com/cuiyeshuai/cilium,SPDX,bom,2023-05-11T14:47:15Z,Go,30,0,0,30,0,0,0,0,1,1
https://github.com/Be-Secure/ansible-role-oah-sbomGenerator,SPDX,spdx-sbomgenerator,2022-09-08T15:52:46Z,,2,0,5,5,0,5,0,3,0,1
https://github.com/spidernet-io/rocktemplate,SPDX,bom,2022-10-12T13:24:15Z,Go,3,30,30,30,13,30,3,1,0,1
https://github.com/DoktorLenz/anmelde-tool,SPDX,ort,2023-03-10T15:42:08Z,Java,3,13,30,30,9,30,0,0,0,1
https://github.com/midokura/gha-devops,SPDX,bom,2022-04-12T08:38:19Z,Python,6,0,18,22,0,18,1,1,1,24
https://github.com/LLNL/Surfactant,SPDX,tools-python,2023-06-27T18:03:31Z,Python,20,30,30,30,6,30,0,13,14,4
https://github.com/spdx/spdx-testbed,SPDX,Spdx-Java-Library,2022-09-08T14:28:31Z,Java,4,16,30,30,0,30,0,1,1,9
https://github.com/NodeSecure/licenses-conformance,SPDX,spdx-maven-plugin,2021-08-30T20:47:45Z,JavaScript,7,3,30,30,3,30,4,2,1,1
https://github.com/xsm110/Beam15.0,SPDX,bom,2019-08-26T09:56:51Z,Java,30,12,13,30,12,13,0,0,0,1
https://github.com/moleske/geode-protobuf,SPDX,spdx-maven-plugin,2021-05-05T22:59:53Z,Java,2,17,30,30,17,30,0,1,0,3
