Format,Tool,Repo,CreationDate,Language,Contributors,OpenPullRequest,ClosedPullRequest,Releases,Forks,Stars,Watchers,Commits,OpenIssues,ClosedIssues
SPDX,Github,oss-review-toolkit/ort,2017-10-19T11:59:49Z,Kotlin,84,37,7414,2,294,1495,41,2,284,941
SPDX,Github,opossum-tool/OpossumUI,2021-09-21T14:45:15Z,TypeScript,24,1,2296,97,25,55,2,4737,15,327
CycloneDx,Official,kyverno/kyverno,2019-02-04T16:25:48Z,Go,287,61,6706,2,776,5200,46,2,310,3040
SPDX,Official,chaoss/augur,2017-01-05T17:34:54Z,Python,119,15,2026,156,841,575,23,11161,113,518
CycloneDx,Github,anchore/syft,2020-05-07T18:19:29Z,Go,130,24,1853,177,510,5577,58,2133,308,709
SPDX,Github,anchore/syft,2020-05-07T18:19:29Z,Go,130,24,1853,177,510,5577,58,2133,308,709
CycloneDx,Official,openrewrite/rewrite,2020-05-12T20:16:14Z,Java,138,34,1793,255,274,1922,21,6379,325,1819
SPDX,Github,spdx/license-list-XML,2016-03-24T21:15:07Z,Makefile,105,3,1409,23,264,328,49,4400,50,923
CycloneDx,Github,DependencyTrack/dependency-track,2013-07-16T19:16:43Z,Java,114,29,1322,53,516,2384,69,4908,662,1134
CycloneDx,Github,CycloneDX/cyclonedx-webpack-plugin,2020-06-04T03:27:11Z,TypeScript,5,5,1236,32,7,23,4,813,12,27
SPDX,Github,CycloneDX/cyclonedx-webpack-plugin,2020-06-04T03:27:11Z,TypeScript,5,5,1236,32,7,23,4,813,12,27
SPDX,Github,nexB/scancode-toolkit,2015-07-01T13:43:06Z,Python,315,28,1220,71,532,1999,73,11071,979,1490
CycloneDx,Official,nexB/scancode-toolkit,2015-07-01T13:43:06Z,Python,315,28,1220,71,532,1999,73,11071,979,1490
SPDX,Official,eclipse/sw360,2018-04-16T15:54:19Z,Java,51,36,1109,26,95,115,25,2113,397,826
CycloneDx,Github,anchore/grype,2020-05-26T13:44:38Z,Go,81,17,1090,133,512,7958,71,1269,215,552
CycloneDx,Github,CycloneDX/cyclonedx-node-npm,2022-07-23T08:53:52Z,TypeScript,7,7,1087,46,16,63,2,851,15,60
CycloneDx,Github,CycloneDX/cyclonedx-javascript-library,2022-02-04T18:20:43Z,TypeScript,5,4,1000,76,9,14,6,942,11,63
CycloneDx,Official,google/ko,2019-03-21T19:24:01Z,Go,89,13,928,33,383,7308,45,1013,53,327
CycloneDx,Official,coinbase/salus,2018-10-16T20:25:54Z,HTML,32,21,743,107,1,14,3,2748,18,27
SPDX,Github,tern-tools/tern,2017-11-27T23:32:17Z,Python,59,4,708,23,187,942,31,1102,54,474
CycloneDx,Github,CycloneDX/cyclonedx-dotnet,2018-10-02T21:58:30Z,C#,37,19,677,44,78,164,13,934,47,134
SPDX,Github,CycloneDX/cyclonedx-dotnet,2018-10-02T21:58:30Z,C#,37,19,677,44,78,164,13,934,47,134
SPDX,Github,spdx/meetings,2020-06-04T16:17:09Z,,20,76,617,0,18,23,12,861,4,5
SPDX,Github,CycloneDX/cyclonedx-rust-cargo,2019-05-21T20:48:15Z,Rust,27,15,614,5,38,77,10,1098,29,57
CycloneDx,Github,CycloneDX/cyclonedx-rust-cargo,2019-05-21T20:48:15Z,Rust,27,15,614,5,38,77,10,1098,29,57
CycloneDx,Official,ckotzbauer/sbom-operator,2022-01-08T11:06:01Z,Go,14,1,603,41,24,182,5,895,2,38
CycloneDx,Github,CycloneDX/cyclonedx-python,2018-11-15T05:53:33Z,Python,29,4,558,79,62,213,14,612,9,153
SPDX,Github,CycloneDX/cyclonedx-python,2018-11-15T05:53:33Z,Python,29,4,558,79,62,213,14,612,9,153
CycloneDx,Official,trailofbits/pip-audit,2021-09-02T15:19:39Z,Python,29,6,510,59,61,929,25,606,52,211
CycloneDx,Official,cisco-open/kubei,2020-03-22T12:52:29Z,Go,33,19,490,71,157,1271,29,348,13,122
SPDX,Github,spdx/spdx-spec,2017-05-10T17:47:17Z,Python,39,16,481,11,133,269,34,661,77,360
CycloneDx,Github,CycloneDX/cyclonedx-python-lib,2021-08-27T06:56:39Z,Python,18,4,465,89,30,59,15,645,17,128
SPDX,Github,CycloneDX/cyclonedx-python-lib,2021-08-27T06:56:39Z,Python,18,4,465,89,30,59,15,645,17,128
SPDX,Github,spdx/spdx-3-model,2021-10-17T22:37:45Z,,31,16,462,3,41,63,22,648,50,245
SPDX,Github,fsfe/reuse-tool,2019-04-12T10:46:18Z,Python,102,17,454,11,134,355,21,2236,170,350
SPDX,Github,spdx/tools-python,2015-03-23T21:54:39Z,Python,51,7,454,15,125,164,24,1379,49,287
CycloneDx,Official,AppThreat/cdxgen,2019-12-30T13:55:18Z,JavaScript,74,8,446,294,137,473,13,1189,272,325
CycloneDx,Official,thepwagner/sbom-action,2022-07-13T20:37:36Z,TypeScript,3,1,440,9,0,1,2,929,0,0
CycloneDx,Github,CycloneDX/cyclonedx-php-composer,2019-08-09T00:04:56Z,PHP,7,0,402,44,7,44,5,615,13,63
SPDX,Github,CycloneDX/cyclonedx-php-composer,2019-08-09T00:04:56Z,PHP,7,0,402,44,7,44,5,615,13,63
CycloneDx,Github,CycloneDX/cyclonedx-gomod,2021-03-07T19:21:22Z,Go,9,2,400,36,21,127,7,760,16,58
CycloneDx,Github,CycloneDX/cyclonedx-php-library,2021-09-12T10:00:04Z,PHP,2,3,370,33,0,6,5,572,12,53
SPDX,Github,CycloneDX/cyclonedx-php-library,2021-09-12T10:00:04Z,PHP,2,3,370,33,0,6,5,572,12,53
SPDX,Github,kubernetes-sigs/bom,2021-11-19T13:06:36Z,Go,30,3,367,10,43,305,11,1057,3,64
SPDX,Official,QMSTR/qmstr,2018-01-19T09:50:33Z,Go,10,2,365,0,1,31,1,1219,58,123
SPDX,Github,microsoft/sbom-tool,2022-06-01T16:58:49Z,C#,30,16,361,56,121,1472,23,251,12,159
CycloneDx,Github,CycloneDX/cyclonedx-bom-repo-server,2021-05-27T10:57:35Z,C#,5,13,354,12,14,71,6,231,6,9
SPDX,Github,sw360/sw360portal,2015-09-28T20:56:14Z,Java,18,1,351,10,20,34,24,987,162,313
CycloneDx,Github,CycloneDX/cyclonedx-core-java,2018-05-30T22:50:46Z,Java,29,8,329,0,54,70,7,1105,27,49
SPDX,Github,CycloneDX/cyclonedx-core-java,2018-05-30T22:50:46Z,Java,29,8,329,0,54,70,7,1105,27,49
CycloneDx,Github,CycloneDX/cyclonedx-maven-plugin,2017-06-04T04:33:47Z,Java,24,13,311,48,83,275,14,707,62,118
SPDX,Github,CycloneDX/cyclonedx-maven-plugin,2017-06-04T04:33:47Z,Java,24,13,311,48,83,275,14,707,62,118
CycloneDx,Github,CycloneDX/cyclonedx-gradle-plugin,2018-05-30T14:52:05Z,Java,32,11,293,12,71,141,10,451,78,59
SPDX,Github,CycloneDX/cyclonedx-gradle-plugin,2018-05-30T14:52:05Z,Java,32,11,293,12,71,141,10,451,78,59
SPDX,Github,ardikars/pcap,2019-08-26T11:42:27Z,Java,2,11,282,8,9,40,3,85,0,13
CycloneDx,Github,CycloneDX/cyclonedx.org,2018-07-20T00:58:21Z,HTML,62,3,277,0,74,8,12,1089,14,10
SPDX,Github,philips-software/spdx-builder,2020-07-16T06:14:32Z,Java,5,6,273,18,6,12,2,673,8,10
SPDX,Github,spdx/spdx-online-tools,2017-05-22T23:58:36Z,JavaScript,28,13,272,6,56,59,14,1207,31,210
CycloneDx,Github,CycloneDX/cyclonedx-node-module,2017-06-04T04:34:48Z,,23,1,260,35,37,121,8,503,0,98
SPDX,Github,CycloneDX/cyclonedx-node-module,2017-06-04T04:34:48Z,,23,1,260,35,37,121,8,503,0,98
CycloneDx,Github,CycloneDX/cyclonedx-dotnet-library,2020-10-19T11:52:20Z,C#,22,15,251,40,19,16,5,879,12,25
CycloneDx,Official,jfrog/build-info-go,2021-10-20T14:06:09Z,Go,21,5,222,64,32,60,9,310,23,4
SPDX,Github,CycloneDX/cyclonedx-cli,2020-10-22T11:25:26Z,C#,15,21,203,45,58,263,14,403,84,60
CycloneDx,Github,CycloneDX/cyclonedx-cli,2020-10-22T11:25:26Z,C#,15,21,203,45,58,263,14,403,84,60
SPDX,Github,EmbarkStudios/cargo-about,2019-11-01T08:38:11Z,Rust,23,0,176,26,28,490,5,181,23,47
CycloneDx,Github,CycloneDX/specification,2017-05-29T02:22:06Z,XSLT,16,7,172,7,55,328,28,944,104,167
SPDX,Github,CycloneDX/specification,2017-05-29T02:22:06Z,XSLT,16,7,172,7,55,328,28,944,104,167
SPDX,Github,spdx/tools,2015-03-23T21:46:19Z,Java,17,3,166,23,68,123,18,1015,26,112
CycloneDx,Github,remisbaima/license-checker-cyclonedx-maven-plugin,2022-04-11T17:25:11Z,Java,3,6,157,7,0,4,1,397,0,0
SPDX,Github,lkoskela/license-expressions,2021-11-23T06:49:41Z,TypeScript,2,5,156,0,1,5,1,201,1,1
CycloneDx,Official,sonatype-nexus-community/nancy,2019-01-31T21:30:35Z,Go,24,4,150,115,75,545,20,282,22,100
CycloneDx,Github,CycloneDX/cyclonedx-go,2021-03-02T11:20:02Z,Go,10,3,143,12,27,64,8,271,7,26
SPDX,Github,spdx/tools-golang,2019-01-10T21:31:26Z,Go,20,1,138,11,53,112,12,467,32,72
SPDX,Github,spdx/Spdx-Java-Library,2019-06-07T18:15:28Z,Java,17,2,132,26,33,32,6,512,18,77
CycloneDx,Github,devops-kung-fu/bomber,2022-07-08T15:05:44Z,Go,12,8,123,19,39,462,8,80,13,76
SPDX,Github,devops-kung-fu/bomber,2022-07-08T15:05:44Z,Go,12,8,123,19,39,462,8,80,13,76
SPDX,Github,chris48s/joi-extension-spdx,2022-06-26T18:50:34Z,JavaScript,2,1,119,0,0,0,2,234,0,0
SPDX,Github,opensbom-generator/spdx-sbom-generator,2021-05-19T19:35:04Z,Go,27,12,114,15,107,377,20,388,118,63
SPDX,Github,whitesource-ps/ws-sbom-generator,2021-04-12T09:48:48Z,Python,12,1,114,62,7,32,7,170,25,31
SPDX,Github,spdx/spdx-maven-plugin,2014-01-13T19:55:58Z,Java,14,0,108,17,26,39,5,246,12,43
CycloneDx,Github,CycloneDX/cyclonedx-web-tool,2021-05-21T12:46:14Z,HTML,4,7,107,14,5,26,4,146,8,5
SPDX,Github,spandx/spandx,2019-11-23T00:28:25Z,Ruby,3,1,103,0,2,3,1,914,0,0
SPDX,Github,linterhub/schema,2018-06-13T20:10:00Z,JavaScript,2,1,101,10,3,2,4,91,14,74
CycloneDx,Official,sonatype-nexus-community/auditjs,2015-09-01T06:16:45Z,TypeScript,21,10,96,139,53,221,13,389,34,135
CycloneDx,Github,CycloneDX/cyclonedx-conan,2021-10-14T11:05:30Z,Python,6,7,88,4,13,23,5,42,9,4
SPDX,Github,CycloneDX/cyclonedx-conan,2021-10-14T11:05:30Z,Python,6,7,88,4,13,23,5,42,9,4
SPDX,Github,spdx/spdx-license-diff,2018-04-15T04:41:03Z,JavaScript,4,2,86,29,4,33,6,373,9,24
CycloneDx,Github,CycloneDX/cyclonedx-authoring-tool,2020-01-04T01:04:22Z,Vue,3,7,85,0,2,7,7,16,3,0
SPDX,Github,CycloneDX/cyclonedx-authoring-tool,2020-01-04T01:04:22Z,Vue,3,7,85,0,2,7,7,16,3,0
CycloneDx,Github,CycloneDX/cyclonedx-node-yarn,2022-06-25T06:08:00Z,TypeScript,4,4,81,7,4,12,6,135,8,25
SPDX,Github,osism/sbom,2022-03-16T12:04:53Z,Python,3,4,76,0,1,2,1,88,1,2
CycloneDx,Official,sonatype-nexus-community/jake,2019-10-10T20:05:24Z,Python,15,4,75,29,24,104,8,536,22,48
SPDX,Official,hyperledger-labs/SParts,2018-03-12T21:51:02Z,Go,5,1,73,0,9,12,10,96,4,0
SPDX,Github,raftario/licensor,2019-09-19T21:10:28Z,Rust,5,12,73,5,11,191,7,98,2,8
SPDX,Github,spdx/tools-java,2020-01-06T18:02:19Z,Java,12,1,70,17,33,56,6,233,10,59
SPDX,Github,NodeSecure/licenses-conformance,2021-08-30T20:47:45Z,JavaScript,7,3,67,4,2,1,1,73,0,5
SPDX,Github,sthagen/spdx-lint,2021-02-28T10:40:00Z,Python,1,0,61,4,0,1,2,2218,0,0
CycloneDx,Github,conda-forge/cyclonedx-python-lib-feedstock,2021-11-01T15:39:51Z,,6,0,60,0,5,0,7,182,1,2
SPDX,Github,DoSOCSv2/DoSOCSv2,2015-05-28T18:44:08Z,Python,12,6,59,3,20,15,9,682,14,49
SPDX,Github,EmbarkStudios/spdx,2019-09-02T15:30:42Z,Rust,19,0,57,28,17,33,6,93,3,9
CycloneDx,Github,CycloneDX/cyclonedx-linux-generator,2021-05-20T15:48:46Z,Java,5,9,55,0,13,38,7,79,5,0
SPDX,Github,src-d/go-license-detector,2018-01-30T09:21:57Z,Go,14,4,55,10,39,234,11,169,7,14
CycloneDx,Official,thinksabin/DTrackAuditor,2020-05-29T22:51:01Z,Python,8,1,53,6,11,10,4,211,0,5
CycloneDx,Github,nicexgk/cyclonedx,2021-05-28T13:06:28Z,HTML,8,7,48,0,0,0,2,273,0,0
CycloneDx,Github,CycloneDX/cyclonedx-property-taxonomy,2021-09-03T03:45:07Z,,24,4,46,0,27,14,10,131,10,29
CycloneDx,Github,CycloneDX/sbom-commons,2021-06-30T04:54:39Z,Java,4,8,45,0,1,1,4,40,0,0
SPDX,Github,pmonks/tools-licenses,2021-10-25T20:13:16Z,Clojure,1,0,45,0,4,6,2,230,2,8
SPDX,Github,snyk-tech-services/snyk2spdx,2021-05-21T15:59:04Z,TypeScript,4,2,44,18,8,14,5,92,7,1
SPDX,Github,nexB/license-expression,2016-08-23T17:39:00Z,Python,23,1,43,5,20,53,14,611,19,32
SPDX,Github,spdx/spdx-java-jackson-store,2020-01-17T23:36:22Z,Java,3,1,42,18,6,3,3,157,3,22
SPDX,Github,spdx/spdx-java-rdf-store,2019-12-06T23:06:03Z,Java,2,1,41,18,3,2,3,163,1,13
SPDX,Github,spdx/spdx-examples,2020-07-17T22:49:19Z,Java,10,6,40,0,47,109,12,85,9,24
CycloneDx,Github,sthagen/cyclonedx-lint,2021-03-02T18:13:01Z,Python,1,0,40,2,0,1,2,2220,0,0
SPDX,Github,librariesio/spdx,2015-02-05T22:09:43Z,Ruby,7,0,39,7,8,35,5,167,2,40
SPDX,Github,composer/spdx-licenses,2015-07-14T15:27:19Z,PHP,18,0,34,20,22,1389,9,156,1,9
CycloneDx,Github,conda-forge/cyclonedx-bom-feedstock,2022-01-17T18:01:18Z,,5,0,34,0,2,0,7,116,0,0
CycloneDx,Github,CycloneDX/cyclonedx-cocoapods,2019-10-10T15:04:12Z,Ruby,6,0,34,6,12,20,7,191,2,34
SPDX,Github,spdx/spdx-java-tagvalue-store,2020-09-09T03:26:27Z,Java,1,1,34,15,1,2,3,118,6,19
SPDX,Github,moritzruth/license-chooser,2021-04-15T14:27:19Z,Vue,2,5,32,0,0,0,1,49,0,0
SPDX,Github,boyter/lc,2018-01-22T00:06:16Z,Go,5,0,31,9,16,120,8,393,4,16
CycloneDx,Github,CycloneDX/gh-gomod-generate-sbom,2021-06-04T18:36:39Z,JavaScript,5,3,31,6,5,9,4,81,1,4
CycloneDx,Official,medavis-gmbh/LicenseComplianceTool,2022-07-27T06:36:52Z,Java,3,1,31,0,1,4,2,52,4,12
SPDX,Github,jslicense/spdx-correct.js,2015-04-29T20:40:33Z,JavaScript,7,1,28,0,22,31,4,119,1,13
CycloneDx,Official,sonatype-nexus-community/chelsea,2019-03-09T20:35:57Z,Ruby,10,3,28,0,11,12,8,129,9,7
SPDX,Github,philips-software/spdx-action,2021-01-22T08:32:01Z,,4,0,26,18,4,14,2,100,2,8
CycloneDx,Github,CycloneDX/bom-examples,2020-07-31T19:03:34Z,,5,0,25,0,53,153,11,118,9,7
CycloneDx,Github,goneall/spdxcyclone,2021-07-15T20:12:13Z,Java,3,0,24,6,8,25,5,85,5,12
SPDX,Github,goneall/spdxcyclone,2021-07-15T20:12:13Z,Java,3,0,24,6,8,25,5,85,5,12
SPDX,Github,phadej/spdx,2015-06-05T10:25:28Z,Haskell,2,1,24,0,6,5,4,77,1,8
SPDX,Github,doubleopen-project/spdx-rs,2021-07-13T10:49:57Z,Rust,7,1,23,5,8,6,3,93,5,3
SPDX,Github,ehuss/license-exprs,2015-06-30T03:59:55Z,Rust,12,0,23,1,11,19,8,49,4,8
SPDX,Github,spdx/license-list-data,2016-04-15T22:48:00Z,HTML,3,0,23,23,139,480,35,644,0,0
SPDX,Github,emzeat/mz-lictools,2013-06-17T08:46:46Z,Python,2,0,22,0,3,0,2,173,0,11
SPDX,Github,ItsNickBarry/hardhat-spdx-license-identifier,2020-05-18T01:30:46Z,JavaScript,6,1,22,0,5,16,3,76,0,1
SPDX,Github,jslicense/spdx-license-ids,2014-10-31T04:06:09Z,JavaScript,4,0,22,4,20,31,4,132,0,13
SPDX,Github,spdx/spdx-java-spreadsheet-store,2020-05-12T03:20:45Z,Java,3,0,22,14,4,2,3,89,0,7
SPDX,Github,xswordsx/spdx-to-react,2017-05-30T05:53:50Z,JavaScript,2,5,22,2,0,0,2,66,0,1
SPDX,Github,clearlydefined/spdx,2019-05-06T15:12:24Z,JavaScript,9,6,21,1,6,5,11,44,2,0
SPDX,Github,spdx/sbom-landscape,2021-05-13T21:36:52Z,,4,3,21,0,11,15,5,20,4,3
CycloneDx,Github,siculo/sbt-bom,2019-03-19T13:58:11Z,Scala,1,0,20,2,3,15,3,105,14,21
CycloneDx,Github,sonatype-nexus-community/go-sona-types,2020-05-22T19:15:57Z,Go,5,0,20,7,8,3,8,42,0,4
SPDX,Github,yevster/spdx-edit,2015-07-01T07:04:46Z,Java,3,5,20,4,3,3,3,111,2,6
SPDX,Github,swinslow/spdx-go,2018-09-23T18:51:29Z,Go,1,0,19,0,0,4,2,107,0,15
CycloneDx,Official,docker/docker-sbom-cli-plugin,2022-01-31T17:49:31Z,Go,4,11,18,9,14,145,14,28,10,3
SPDX,Github,hesa/spdx-validator,2021-09-12T19:11:58Z,Python,2,0,18,0,2,1,2,157,3,16
CycloneDx,Official,javixeneize/yasca,2022-04-24T17:08:41Z,HTML,1,1,18,4,2,13,1,116,2,7
SPDX,Github,morficus/license-ls,2019-06-22T17:48:37Z,JavaScript,4,7,18,0,6,19,2,65,1,3
SPDX,Github,spdx/spdx-to-osv,2021-09-29T18:40:04Z,Java,3,1,18,5,11,58,7,62,3,10
SPDX,Github,ubinux/SW360tools,2019-11-18T00:32:03Z,Java,3,10,18,1,1,1,3,17,0,0
SPDX,Github,cloudflightio/spdx-catalog,2022-03-11T20:35:35Z,Kotlin,4,0,17,8,1,0,7,54,0,0
SPDX,Github,spdx/spdx-license-matcher,2019-06-20T21:32:23Z,Python,6,0,17,5,14,25,4,75,1,6
SPDX,Github,enarx/spdx,2020-08-19T19:01:35Z,Python,6,1,16,0,8,1,6,24,0,4
SPDX,Github,spdx/license-coverage-grader,2017-08-17T04:08:49Z,Python,4,1,16,0,10,7,7,135,3,6
CycloneDx,Github,equisoft-actions/golang-sbom,2022-02-23T21:06:38Z,,4,1,15,10,0,0,2,25,1,1
SPDX,Github,jslicense/spdx-expression-parse.js,2015-08-02T03:12:19Z,JavaScript,5,4,15,0,26,42,10,169,4,11
CycloneDx,Github,ninoseki/pycomponents,2022-04-23T02:02:32Z,Python,1,1,15,0,2,4,3,55,0,0
SPDX,Github,shnitish/spdx-pdf-html-template,2019-06-01T14:06:08Z,HTML,1,0,15,0,2,0,0,42,0,1
CycloneDx,Github,CycloneDX/cyclonedx-ruby-gem,2018-05-21T21:52:13Z,Ruby,10,9,13,0,18,19,5,102,6,3
SPDX,Github,CycloneDX/cyclonedx-ruby-gem,2018-05-21T21:52:13Z,Ruby,10,9,13,0,18,19,5,102,6,3
SPDX,Github,ec-europa/spdx,2019-03-13T09:26:56Z,PHP,3,1,13,6,1,0,16,59,0,0
SPDX,Github,joshdk/licensor,2017-12-03T06:03:05Z,Shell,1,1,13,1,1,4,2,36,6,5
SPDX,Github,Eideticom/workflow-license-check,2022-06-15T20:30:31Z,Python,3,0,12,0,1,4,4,46,1,1
CycloneDx,Official,IBM/gauge,2022-04-19T19:25:33Z,,3,0,12,0,6,11,6,37,0,8
SPDX,Github,sambacha/spdx-runner,2020-07-31T08:49:30Z,Python,1,0,12,2,0,1,3,39,2,0
CycloneDx,Github,CycloneDX/gh-node-module-generatebom,2020-07-13T21:55:46Z,JavaScript,5,0,11,4,7,20,6,32,2,3
SPDX,Github,espressif/check-copyright,2022-06-16T07:52:13Z,Python,9,0,11,4,5,8,8,33,0,2
SPDX,Github,sindresorhus/spdx-license-list,2014-08-05T20:02:07Z,JavaScript,10,0,11,12,16,87,9,63,0,11
SPDX,Github,condy0919/spdx.el,2020-04-12T17:05:53Z,Emacs Lisp,4,0,10,0,4,13,4,240,2,5
SPDX,Github,jslicense/npm-license-corrections.json,2019-02-15T22:38:42Z,JavaScript,4,0,10,0,5,1,3,69,1,2
SPDX,Github,krysnuvadga/license-coverage-grader,2017-06-07T17:25:06Z,Python,1,0,10,0,1,0,2,91,2,3
CycloneDx,Github,mattermost/gobom,2021-02-26T10:43:09Z,Go,2,6,10,0,4,2,27,54,0,0
SPDX,Github,SamuraiAku/SPDX.jl,2021-09-13T16:37:30Z,Julia,3,2,10,11,1,5,2,243,8,24
SPDX,Github,spdx/spdx-github,2017-05-17T16:14:53Z,Python,4,0,10,0,4,5,6,168,0,8
CycloneDx,Github,thspinto/oss_inventory,2020-04-05T14:15:01Z,Go,3,7,10,0,1,2,3,30,1,0
SPDX,Github,tiaanduplessis/license-o-matic,2018-03-30T15:51:27Z,JavaScript,5,0,10,0,6,5,2,24,0,2
SPDX,Github,jslicense/spdx-satisfies.js,2015-07-18T20:34:32Z,JavaScript,4,2,9,0,10,11,3,66,1,6
CycloneDx,Official,nyph-infosec/daggerboard,2022-06-01T21:38:08Z,JavaScript,6,1,9,4,19,94,12,55,3,13
SPDX,Github,spdx/governance,2021-08-25T13:57:00Z,,5,1,9,0,8,14,7,20,0,1
SPDX,Github,spdx/license-list,2015-03-23T22:40:32Z,,5,0,9,0,27,42,14,78,0,14
SPDX,Github,swinslow/npm-spdx,2019-11-18T15:01:12Z,Go,1,20,9,0,3,11,3,8,2,3
CycloneDx,Github,voltone/rebar3_sbom,2019-11-19T15:31:55Z,Erlang,4,0,9,5,8,9,1,13,2,6
CycloneDx,Github,alex-todorov86/xlsx_to_CycloneDX,2020-12-07T21:42:30Z,,1,0,8,0,0,0,1,1,0,0
CycloneDx,Official,Contrast-Security-OSS/jbom,2021-12-20T23:24:04Z,Java,5,1,8,4,5,106,11,67,7,6
SPDX,Github,david-a-wheeler/spdx-tutorial,2015-11-21T20:25:53Z,,6,1,8,0,14,121,10,145,4,3
SPDX,Github,ralexander-phi/which-license,2021-07-09T18:53:02Z,TypeScript,2,1,8,0,0,2,3,41,0,1
SPDX,Github,raratiru/django-quenv,2019-05-06T18:27:46Z,Python,2,0,8,4,1,2,1,29,1,8
CycloneDx,Github,voltone/sbom,2019-10-24T14:23:13Z,Elixir,3,2,8,5,14,35,2,11,3,1
CycloneDx,Github,CycloneDX/sbom-commons-combiner,2021-06-30T04:51:09Z,Java,3,2,7,0,1,0,4,6,0,0
SPDX,Github,dl9pf/meta-spdxscanner,2016-11-16T05:13:01Z,BitBake,3,0,7,0,10,9,7,85,5,11
SPDX,Github,kemitchell/spdx.js,2015-04-24T08:49:37Z,JavaScript,3,0,7,0,11,51,8,81,0,13
SPDX,Github,librariesio/license-compatibility,2015-11-25T21:54:43Z,Ruby,4,0,7,0,5,34,7,75,8,36
CycloneDx,Github,madpah/vexy,2022-07-04T14:37:59Z,Python,2,0,7,5,2,17,3,71,5,5
SPDX,Github,opensource-jp/licenses,2020-07-29T14:01:37Z,HTML,1,4,7,1,9,59,3,172,3,1
SPDX,Github,spdx/schema-to-java,2020-05-14T15:57:06Z,Java,3,1,7,0,4,3,8,95,4,0
SPDX,Github,spdx/spdx-build-tool,2018-08-13T18:21:03Z,Python,4,1,7,0,8,11,6,51,1,1
SPDX,Github,spdx/yalm-python,2020-07-02T07:43:26Z,Python,3,0,7,0,3,6,6,133,4,12
SPDX,Github,cutenode/conformance,2019-07-29T18:09:11Z,JavaScript,2,13,6,0,0,9,1,7,1,0
CycloneDx,Github,CycloneDX/gh-php-composer-generate-sbom,2020-07-13T13:02:10Z,JavaScript,3,0,6,3,0,0,4,24,2,1
CycloneDx,Github,doddi/cyclonedx-rust,2021-03-06T22:12:34Z,Rust,4,0,6,1,4,1,1,24,2,1
SPDX,Github,doubleopen-project/spdx-expression,2022-02-02T09:35:13Z,Rust,1,1,6,0,1,0,2,40,0,1
CycloneDx,Github,fortify-ps/fortify-ssc-parser-cyclonedx,2022-05-03T14:50:21Z,Shell,2,0,6,5,1,1,4,52,1,0
SPDX,Github,patriksvensson/spdx,2021-11-20T16:55:43Z,C#,2,0,6,0,0,13,3,31,1,0
SPDX,Github,alilleybrinker/cargo-spdx,2022-05-10T23:42:25Z,Rust,2,0,5,0,2,18,4,43,5,2
SPDX,Github,blackducksoftware/bd_export_spdx2.2,2021-08-17T12:30:33Z,Python,4,2,5,2,8,6,5,80,1,17
CycloneDx,Github,CycloneDX/homebrew-cyclonedx,2022-03-02T19:14:56Z,Ruby,3,0,5,0,1,0,9,19,0,1
SPDX,Github,hfukuchi/SPDX_specification,2018-07-18T01:48:48Z,,2,0,5,0,2,4,2,110,1,3
SPDX,Github,jslicense/spdx-exceptions.json,2015-08-01T23:26:32Z,JavaScript,2,1,5,0,11,13,4,44,0,7
CycloneDx,Official,Quobis/action-owasp-dependecy-track-check,2021-05-15T17:32:57Z,Shell,4,0,5,4,17,32,6,52,5,3
SPDX,Github,RedstormJones/SPDX_Eclipse_Plugin,2015-01-21T22:22:45Z,Java,2,0,5,0,1,2,5,340,4,130
SPDX,Github,yohangz/packer-cli,2018-09-18T10:28:18Z,HTML,3,22,5,0,3,86,3,531,0,9
SPDX,Github,0xflotus/speedy-x,2019-01-03T23:26:02Z,JavaScript,1,0,4,0,0,0,2,24,0,0
SPDX,Official,CERTCC/SBOM,2020-06-01T17:08:22Z,JavaScript,2,0,4,0,17,55,12,50,2,15
CycloneDx,Github,CycloneDX/gh-python-generate-sbom,2020-07-13T11:58:49Z,JavaScript,4,0,4,4,4,12,6,27,4,2
SPDX,Github,domcleal/spdx-licenses,2014-12-09T10:25:28Z,Ruby,4,1,4,1,12,14,3,17,3,1
SPDX,Github,doubleopen-project/spdx-toolkit,2021-10-21T19:17:16Z,Rust,2,0,4,3,0,0,3,18,0,0
SPDX,Github,HansHammel/license-compatibility-checker,2017-01-04T23:21:57Z,JavaScript,2,2,4,0,6,91,3,95,5,12
CycloneDx,Official,ozonru/dtrack-audit,2019-10-11T09:30:02Z,Go,1,2,4,1,14,47,12,50,9,6
SPDX,Github,rpavlik/spdx-to-dep5,2021-10-13T21:05:26Z,Rust,2,0,4,0,0,3,3,91,3,6
SPDX,Github,shnitish/spdx-html,2019-08-03T12:53:43Z,HTML,1,0,4,0,0,0,1,10,0,0
SPDX,Github,spdx/canonical-serialisation,2022-07-11T13:12:10Z,CSS,1,0,4,0,1,2,7,9,4,2
SPDX,Github,swinslow/cmake-spdx,2020-08-30T04:42:08Z,Python,2,0,4,0,3,23,6,31,4,2
SPDX,Github,Terkwood/spdx-blaster,2020-05-17T16:36:31Z,Rust,1,0,4,4,0,3,2,33,10,2
SPDX,Github,tngraf/Tethys.SPDX,2022-02-09T18:58:01Z,C#,3,0,4,5,1,0,1,56,0,2
SPDX,Github,conda-forge/spdx-license-matcher-feedstock,2022-02-05T08:42:39Z,,5,2,3,0,1,0,7,12,0,0
SPDX,Github,DBOMproject/tools,2021-01-15T18:33:09Z,Python,3,2,3,0,0,0,4,9,0,0
SPDX,Github,Fabien-Chouteau/spdx_ada,2020-10-22T13:50:20Z,Ada,1,0,3,2,0,0,2,12,0,0
SPDX,Github,flexera-public/sca-codeinsight-reports-spdx,2020-10-20T22:43:46Z,Python,2,2,3,0,2,2,3,209,0,1
SPDX,Github,kyoh86/go-spdx,2017-05-21T09:09:17Z,Go,4,0,3,0,4,4,4,51,0,4
CycloneDx,Github,ozonru/cyclonedx-go,2020-01-30T07:29:09Z,Go,1,0,3,1,3,20,9,18,4,2
SPDX,Github,spdx/ATTIC-tools-go,2015-03-23T21:55:34Z,Go,5,0,3,0,10,6,6,137,0,0
SPDX,Github,spdx/spdx-adoption,2019-05-08T20:33:20Z,,3,2,3,0,3,3,5,7,0,0
CycloneDx,Official,Andrii-Grytsenko-OWASP/SnykVulnCheck,2022-03-08T11:45:41Z,Python,2,0,2,0,2,3,1,13,1,0
CycloneDx,Github,angrymeir/CycloneDX-test,,,2,2,2,2,0,0,0,2,0,0
CycloneDx,Github,AppThreat/cdxgen-action,2020-01-06T14:28:44Z,JavaScript,1,1,2,2,6,10,4,15,2,0
SPDX,Github,arsharaj/spdx-license-fetcher,,,2,2,2,2,0,0,0,2,0,0
SPDX,Github,aschet/spdx-license-expression-tools,2017-04-14T21:12:16Z,Java,3,0,2,3,2,4,2,24,0,0
SPDX,Github,Cantido/spdx_cli,,,2,2,2,2,0,0,0,2,0,0
SPDX,Github,citation-file-format/get-spdx-licenses,2021-05-15T10:38:21Z,TypeScript,1,0,2,0,0,4,2,32,0,0
SPDX,Github,dephell/dephell_licenses,2019-03-25T18:13:21Z,Python,2,0,2,0,3,1,3,40,0,0
SPDX,Github,desenvolvendo-me/spdxyz,,,2,2,2,2,0,0,0,2,0,0
SPDX,Github,DimarrWS/ws_joint_spdx,,,2,2,2,2,0,0,0,2,0,0
SPDX,Github,doubleopen-project/example-spdx-analysis,,,2,2,2,2,0,0,0,2,0,0
SPDX,Github,evenorog/license,2019-10-26T21:32:44Z,Rust,3,0,2,0,1,8,2,124,1,2
SPDX,Github,freight-trust/legal,2020-06-20T17:05:40Z,Roff,0,0,2,4,1,0,2,60,1,0
SPDX,Github,hen/spdx-cheat-sheet,2019-05-11T17:10:01Z,,3,0,2,0,3,4,1,20,0,0
SPDX,Github,jslicense/spdx-to-html.js,2015-05-22T06:35:19Z,JavaScript,2,0,2,0,2,3,2,48,1,0
SPDX,Github,lokeshjoshi01/Simple-Storage-Solidiy,,,2,2,2,2,0,0,0,2,0,0
SPDX,Github,matthewb66/bd_export_spdx2.2,2020-09-29T08:36:30Z,Python,1,0,2,0,3,4,3,25,3,3
SPDX,Github,micziz/Licenses-In-All-Languages,,,2,2,2,2,0,0,0,2,0,0
SPDX,Github,mil-oss/spdx-xsd,2018-05-30T03:35:15Z,XSLT,2,0,2,0,3,7,10,122,0,3
CycloneDx,Github,nil-labs/cdx-helm-tools,,,2,2,2,2,0,0,0,2,0,0
SPDX,Github,noelmace/ngu-repro-spdx,,,2,2,2,2,0,0,0,2,0,0
SPDX,Github,noi-techpark/solda-debian2spdx-standalone,2021-07-02T08:36:11Z,,1,0,2,0,1,0,2,1,0,0
CycloneDx,Github,ribbybibby/tally,,,2,2,2,2,0,0,0,2,0,0
CycloneDx,Github,sameer1046/CycloneDX-BOMReader,,,2,2,2,2,0,0,0,2,0,0
CycloneDx,Github,sbomtools/sbomtools,2022-01-28T06:10:19Z,Python,1,0,2,0,1,7,2,39,0,2
SPDX,Github,sbomtools/sbomtools,2022-01-28T06:10:19Z,Python,1,0,2,0,1,7,2,39,0,2
SPDX,Github,sekunho/cabal-check-fail,,,2,2,2,2,0,0,0,2,0,0
SPDX,Github,siemens/spdx-licenselist,,,2,2,2,2,0,0,0,2,0,0
SPDX,Github,SPDX-Git/SPDX-Git-Scanner,,,2,2,2,2,0,0,0,2,0,0
SPDX,Github,stdarg/spdx-licenses,2014-01-05T20:27:05Z,JavaScript,3,1,2,0,3,6,3,15,1,0
SPDX,Github,swinslow/kernel-spdx-ids,2018-12-12T23:07:34Z,Go,1,0,2,0,1,4,2,6,2,0
SPDX,Github,tk-tanab/spdx_lite_depends,2022-07-05T05:22:53Z,Python,3,1,2,0,3,1,1,31,0,0
SPDX,Github,ubinux/get_spdx,2019-09-06T08:26:30Z,Python,0,0,2,0,1,0,4,10,0,0
SPDX,Github,whitesource-ps/ws-import-spdx,,,2,2,2,2,0,0,0,2,0,0
SPDX,Github,ah450/spdx-tools-python,2014-05-20T10:46:35Z,Python,3,0,1,0,1,5,2,182,8,2
CycloneDx,Github,alvinchchen/cyclonedx-buildroot,2020-03-16T05:52:06Z,Python,1,1,1,0,1,5,3,7,1,0
SPDX,Github,apolopena/qna-demo-skeleton,2021-03-29T21:17:56Z,Blade,1,0,1,1,1,0,2,9,0,1
SPDX,Github,apolopena/qna-typescript-demo-skeleton,2021-05-21T18:51:16Z,Blade,1,0,1,1,1,0,2,10,0,2
SPDX,Github,bobby0809/spdx-license-list-XML,2018-07-14T00:49:14Z,Makefile,16,1,1,0,0,0,1,2000,0,0
SPDX,Github,chris-toenjes-deye/salus-spdx-to-osv,2022-08-10T12:58:33Z,Java,3,0,1,0,0,1,1,29,0,1
CycloneDx,Github,CycloneDX/cyclonedx-bom-exchange-api,2021-06-18T09:46:35Z,,2,1,1,0,3,28,15,10,10,1
CycloneDx,Github,CycloneDX/sbom-combiner,2021-05-20T15:44:32Z,Java,2,1,1,0,3,11,3,3,2,1
CycloneDx,Github,CycloneDX/sbom-comparator,2021-05-20T15:45:40Z,Java,2,0,1,0,1,18,4,3,1,0
CycloneDx,Github,djschleen/sbom-release-example,2022-07-27T16:31:13Z,Go,1,2,1,8,0,0,1,3,0,0
SPDX,Github,djschleen/sbom-release-example,2022-07-27T16:31:13Z,Go,1,2,1,8,0,0,1,3,0,0
SPDX,Github,ekongobie/spdx-py-build-tool,2020-06-05T10:56:02Z,Python,1,2,1,1,2,1,3,7,1,0
SPDX,Github,extenda/spdx-maven-plugin,2013-11-02T09:58:03Z,,1,1,1,0,2,0,4,4,0,0
CycloneDx,Github,FiniteStateInc/cyclonedx-property-taxonomy,2022-06-03T14:47:05Z,,2,0,1,0,0,2,17,7,0,0
CycloneDx,Github,flexera-public/sca-codeinsight-reports-cyclonedx,2022-06-13T14:46:32Z,Python,1,2,1,0,2,2,3,52,0,0
SPDX,Github,Fosslim/fosslim,2017-08-08T09:51:20Z,Rust,1,0,1,0,0,4,4,30,16,16
SPDX,Github,Gal-Doron/spdx_tools-0.7.0a3_ws-py3-none-any,2021-11-28T11:14:07Z,,1,1,1,0,0,1,1,2,0,0
SPDX,Github,goneall/spdx-use-cases,2021-09-21T18:05:05Z,,2,0,1,0,1,0,1,5,1,0
CycloneDx,Github,hanstdam/cdx-bower-bom,2020-02-03T14:44:29Z,JavaScript,2,0,1,1,1,0,1,13,0,0
SPDX,Github,hernanmd/license-selector,2021-08-26T07:22:40Z,Smalltalk,1,0,1,0,1,3,3,13,0,1
SPDX,Github,jonathanstowe/License-SPDX,2019-02-20T12:17:56Z,Raku,1,0,1,2,3,0,2,39,0,3
SPDX,Github,jslicense/spdx-compare.js,2015-07-18T20:32:46Z,JavaScript,1,1,1,0,3,3,2,21,0,0
SPDX,Github,jslicense/spdx-is-osi.js,2015-12-27T01:22:56Z,JavaScript,1,0,1,0,1,0,2,22,0,2
SPDX,Github,jslicense/spdx-ranges.js,2015-08-01T23:52:35Z,,1,0,1,0,1,0,2,20,0,1
CycloneDx,Github,kube-tarian/fixer,2022-07-26T06:29:23Z,,3,1,1,0,0,0,1,12,0,0
SPDX,Github,kube-tarian/fixer,2022-07-26T06:29:23Z,,3,1,1,0,0,0,1,12,0,0
SPDX,Github,lfpratik/spdx-poetry-demo,2021-05-27T10:11:06Z,Python,1,0,1,0,1,0,2,19,0,0
SPDX,Github,microsoft/spdx-simplify,2016-05-25T05:41:31Z,JavaScript,1,1,1,0,11,9,10,3,0,0
SPDX,Github,mmurto/spdx-typescript,2020-04-20T19:41:32Z,TypeScript,1,6,1,0,0,1,1,26,0,0
SPDX,Github,msmeissn/rpm-list-to-sbom,2022-07-25T11:43:46Z,Perl,2,0,1,0,0,2,1,9,0,0
SPDX,Github,ndip007/spdx-tools-js,2019-06-04T15:16:47Z,JavaScript,1,7,1,0,3,0,2,28,5,3
SPDX,Github,nektro/zig-detect-license,2021-07-28T07:05:50Z,Zig,2,0,1,0,0,0,4,12,0,0
SPDX,Github,nexB/spdx-license-namespaces-registry,2019-03-06T18:41:02Z,,1,0,1,0,0,0,5,3,0,0
SPDX,Github,nhoyas88/https-spdx.org-licenses-WTFPL.html,2020-04-29T01:50:54Z,,1,0,1,0,0,0,1,4,0,0
CycloneDx,Github,pasientskyhosting/cdxgen,2022-06-20T10:03:48Z,Dockerfile,2,3,1,0,0,0,4,4,1,0
SPDX,Github,pombredanne/spdx-dashboard,2013-02-20T03:21:58Z,Ruby,7,0,1,0,0,0,1,116,0,0
SPDX,Github,sean-clayton/licensor,2020-10-02T22:51:58Z,Rust,2,0,1,4,1,5,2,34,0,0
SPDX,Github,senorprogrammer/spdx-racer,2021-05-05T22:25:16Z,Go,1,0,1,0,0,0,3,13,0,0
SPDX,Github,shinnn/get-spdx-license-ids,2016-01-12T10:23:14Z,JavaScript,2,0,1,0,3,0,1,22,0,3
CycloneDx,Github,sonatype-nexus-community/cyclonedx-sbom-examples,2020-07-30T08:58:40Z,Java,3,0,1,0,7,6,13,29,32,1
SPDX,Github,SPDX-CaseStudy/files,2017-05-31T15:53:03Z,,2,0,1,0,3,0,2,14,0,0
SPDX,Github,spdx/spdx-tools-js,2020-01-08T02:32:44Z,JavaScript,3,0,1,0,2,9,4,31,4,0
CycloneDx,Github,sudo-bmitch/convert-nix-cyclonedx,2021-10-20T19:51:03Z,Go,2,0,1,0,2,4,2,5,0,0
SPDX,Github,swinslow/spdx-oin,2018-12-09T23:15:32Z,Go,1,0,1,0,0,1,3,10,0,0
SPDX,Github,Tokenbaldu/TOKEN-BALDU,2021-12-27T17:23:15Z,,1,0,1,0,1,1,1,4,0,0
CycloneDx,Official,veracode/srcclr_sbom_gen,2021-07-19T13:42:36Z,Python,3,0,1,0,2,1,1,7,0,0
SPDX,Github,vkambhampaty/SPDX-2.0,2015-03-11T14:04:45Z,,2,0,1,0,2,0,2,9,0,5
SPDX,Github,y-ashiduka/fossdriver-test,2019-11-12T10:50:34Z,Python,1,0,1,0,1,1,1,3,0,0
SPDX,Github,15-Lippo/lisprocoin,2021-10-15T14:38:36Z,,1,0,0,0,0,1,1,1,9,0
SPDX,Github,9999years/spdx-tool,2020-09-08T21:07:03Z,Python,1,0,0,0,0,0,3,5,0,0
SPDX,Github,Aaronvivek/fuck-token-staking-contract,2022-06-20T19:22:34Z,,1,0,0,0,0,0,1,1,0,0
SPDX,Github,aaronxsu/licenses-json-to-sql,2018-02-12T18:34:49Z,Scala,1,0,0,0,0,0,2,4,0,0
SPDX,Github,abate/LicenseMatrix,2016-02-27T18:01:02Z,CoffeeScript,0,0,0,0,0,0,2,25,0,0
SPDX,Github,adaptant-labs/spdx-licenses-dart,2019-03-19T23:15:36Z,Dart,1,0,0,0,1,4,2,3,2,0
SPDX,Github,adirel/spdx,2016-11-28T15:36:10Z,,1,0,0,0,0,0,2,1,0,0
CycloneDx,Github,adracea/gha-sbomb-merge,2022-04-07T16:32:50Z,Python,1,0,0,3,0,0,1,10,0,0
CycloneDx,Github,agschrei/cyclonedx-viewer,2021-09-29T23:11:54Z,Go,1,0,0,0,1,1,1,6,0,0
CycloneDx,Github,aidansteele/cyclonedx-webpack-repro,2021-12-15T01:54:03Z,JavaScript,1,0,0,0,0,0,3,1,0,0
SPDX,Github,AjayrajSingh/licenseClassifier,2021-03-29T11:47:11Z,Dart,1,0,0,0,1,0,1,27,0,0
SPDX,Github,all-nights/spdxer,2022-07-26T07:21:24Z,Go,0,0,0,0,0,0,0,1,0,0
CycloneDx,Github,AnalogJ/tangle,2021-11-30T03:43:03Z,Go,1,0,0,0,0,0,3,13,0,0
SPDX,Github,AnalogJ/tangle,2021-11-30T03:43:03Z,Go,1,0,0,0,0,0,3,13,0,0
SPDX,Github,Anas35/sample_code,2021-04-07T16:53:45Z,Dart,1,0,0,0,0,0,1,5,0,0
SPDX,Github,anthonyronda/LicenseRef-OGL-1.0a,2021-06-15T03:19:03Z,,1,0,0,0,2,1,1,14,0,0
SPDX,Github,aodag/wheel2spdx,2022-05-27T10:21:42Z,Python,1,0,0,0,0,0,1,4,0,0
SPDX,Github,aschet/spdx-license-compat,2017-04-21T16:54:25Z,Java,1,1,0,1,1,2,3,13,0,0
SPDX,Github,aschet/talc,2017-04-20T10:43:07Z,Java,1,0,0,1,1,0,3,13,0,0
SPDX,Github,AvishrantsSh/GoLicense-Classifier,2021-05-24T17:01:22Z,Python,1,0,0,2,0,1,3,39,0,0
SPDX,Github,ayamaoka/SPDX_Resource_Slides,2018-08-07T08:15:29Z,,1,0,0,0,0,1,2,2,0,0
SPDX,Github,ayan-b/spdx_xml_to_markdown,2020-03-08T05:38:23Z,Dart,1,0,0,0,0,1,2,8,0,0
SPDX,Github,BabyFlokiCoin/Baby-Floki-Coin,2021-09-28T21:26:06Z,,1,0,0,0,4,12,1,3,0,0
SPDX,Github,baptistecabrera/bca-spdx,2020-07-02T14:50:20Z,PowerShell,1,0,0,0,0,2,1,30,0,1
SPDX,Github,basta1255s/owntoken.sol,2021-06-23T11:59:44Z,Solidity,1,0,0,0,2,11,1,5,1,0
SPDX,Github,bbqsrc/spdx-lookup-python,2015-12-29T09:57:22Z,Python,1,0,0,0,3,7,3,11,2,0
SPDX,Github,bbqsrc/spdx-python,2015-12-29T09:33:12Z,Python,1,0,0,0,4,0,2,9,1,1
SPDX,Github,bconnorwhite/spdx-license,2020-09-07T22:30:21Z,TypeScript,1,0,0,0,0,1,1,6,0,0
CycloneDx,Github,bgnetworks/meta-dependencytrack,2022-05-13T23:28:33Z,,0,6,0,0,18,15,5,4,3,1
SPDX,Github,bharat-1809/spdx_xml_parser,2021-03-20T10:39:46Z,Dart,1,0,0,0,0,1,2,27,0,0
SPDX,Github,bluspider/spdx,2018-07-09T11:50:20Z,,1,1,0,0,0,0,1,2,0,0
SPDX,Github,bobby0809/spdx.is,2018-07-17T21:31:42Z,JavaScript,2,0,0,0,0,0,1,78,0,0
CycloneDx,Github,BranBerAVI/python_advanced_bom_creator,2021-03-01T17:57:31Z,Python,1,0,0,0,0,0,1,9,0,0
SPDX,Github,BULLBITBULL/CONTRACT,2021-11-30T17:40:03Z,,1,0,0,0,1,0,1,3,0,0
CycloneDx,Github,ButterB0wl/jake-sbom-ado-iq-example,2020-05-12T01:02:16Z,,1,0,0,0,0,0,2,7,0,0
SPDX,Github,CatalinStratu/SPDX-generics-code-refactoring-example,2022-04-03T07:25:35Z,Go,1,0,0,0,0,0,1,1,0,0
SPDX,Github,chinmoy12c/spdxLicense,2021-04-05T13:09:13Z,Dart,1,0,0,0,0,0,1,1,0,0
SPDX,Github,ChristianMurphy/apache-category-a-spdx,2018-09-27T01:59:05Z,JavaScript,1,0,0,0,0,0,3,5,0,0
SPDX,Github,ChristianMurphy/apache-category-b-spdx,2018-09-27T03:33:57Z,JavaScript,1,0,0,0,0,0,3,2,0,0
SPDX,Github,ChristianMurphy/apache-category-x-spdx,2018-09-27T03:34:36Z,JavaScript,1,0,0,0,0,0,3,4,0,0
SPDX,Github,compenguy/spdx-dataset,2019-03-02T21:29:08Z,Rust,1,0,0,0,0,0,2,8,0,0
SPDX,Github,cordlandwehr/akademy-2020-talk-spdx,2021-06-13T07:04:41Z,TeX,1,0,0,0,0,0,2,2,0,0
SPDX,Github,cordlandwehr/akademy-2021-spdx-status,2021-06-18T14:14:11Z,TeX,1,0,0,0,0,0,2,2,0,0
SPDX,Github,cthoyt/spdx-obo,2021-05-07T13:00:05Z,Python,1,0,0,0,0,0,3,3,0,0
SPDX,Github,ctron/cargo-clearlydefined,2020-09-03T15:50:35Z,Rust,1,0,0,1,0,0,3,14,0,0
SPDX,Github,CultOfClang/Spdx,2020-12-01T02:20:53Z,C#,1,0,0,0,0,0,1,6,0,0
SPDX,Github,cwege/disco-opa,2021-12-05T21:16:35Z,,1,0,0,0,0,0,1,3,0,0
CycloneDx,Github,CycloneDX/cyclonedx-nuget,2018-08-03T04:53:19Z,Java,1,0,0,0,1,2,2,19,0,0
SPDX,Github,CycloneDX/cyclonedx-nuget,2018-08-03T04:53:19Z,Java,1,0,0,0,1,2,2,19,0,0
CycloneDx,Github,CycloneDX/gh-dotnet-generate-sbom,2020-06-22T11:21:19Z,JavaScript,1,1,0,1,4,8,4,20,2,1
CycloneDx,Github,danielpaulomalley/cyclonedx-node-module,2022-05-19T17:06:41Z,JavaScript,20,0,0,0,0,0,1,437,0,0
SPDX,Github,davaya/spdx-3-elements,2022-07-18T18:42:41Z,Python,1,0,0,0,0,0,1,24,0,0
SPDX,Github,davaya/spdx-world,2021-12-06T03:22:32Z,Python,1,0,0,0,0,0,1,4,0,0
SPDX,Github,davaya/spdxv3-template-tool,2021-07-13T14:12:45Z,Python,1,0,0,0,1,1,2,49,0,0
SPDX,Github,Debian/spdx-licenses,2020-03-26T16:23:45Z,,1,0,0,0,3,3,4,8,0,0
SPDX,Github,deepak6446/spdxValidator,2019-04-23T14:10:55Z,JavaScript,1,4,0,0,0,0,2,17,0,0
CycloneDx,Official,defenseunicorns/sbom-cli,2021-10-04T13:53:19Z,Go,1,0,0,0,2,11,2,4,1,0
SPDX,Github,Devforlive/SPDX-short-identifier-MIT,2017-11-15T14:36:14Z,,1,0,0,0,0,1,0,3,0,0
SPDX,Github,dmgerman/spdxTemplates,2013-04-17T18:54:03Z,,1,0,0,0,1,0,2,18,0,0
SPDX,Github,doubleopen-project/do-convert,2022-05-03T12:56:39Z,Kotlin,1,0,0,0,0,0,2,13,0,0
SPDX,Github,dpasch01/spdx-compat-tools,2015-06-12T06:33:45Z,Java,1,0,0,0,3,1,2,12,0,0
SPDX,Github,dpasch01/spdx-compat-tools-webapp,2016-09-17T12:16:05Z,JavaScript,1,0,0,0,1,1,1,2,0,0
SPDX,Github,DrSensor/granular-licensing-example,2021-02-21T02:34:33Z,Nix,1,0,0,0,2,3,3,47,0,0
SPDX,Github,DST-QA/pytest-Java-build-failure,2021-09-18T22:22:39Z,Java,1,0,0,0,0,0,1,1,0,0
SPDX,Github,ekongobie/spdx_id_doc_gen,2019-06-07T08:44:08Z,Python,1,0,0,0,3,4,1,18,0,1
SPDX,Github,ekongobie/spdx-npm-build-tool,2020-07-31T15:53:02Z,Python,1,4,0,0,2,1,2,4,0,0
CycloneDx,Official,elear/apt2sbom,2021-12-08T18:53:37Z,Python,1,0,0,0,10,22,4,50,1,0
SPDX,Github,ElvisPresleyCoin/Contract-of-ELVIS,2022-07-22T14:21:29Z,,1,0,0,0,1,0,0,1,0,0
SPDX,Github,emem365/spdx_parser,2021-03-18T19:16:00Z,Dart,1,0,0,0,0,0,2,2,0,0
SPDX,Github,etrexel/spdx-verifier-go,2021-12-16T01:55:37Z,Go,1,0,0,0,0,0,2,1,0,0
SPDX,Github,euantorano/spdx_licenses.nim,2018-07-25T15:57:56Z,Nim,1,0,0,0,0,1,2,8,0,0
SPDX,Github,fegcashcommunity/fegcashcontract,2021-07-27T18:08:06Z,Solidity,1,0,0,0,2,1,1,3,0,0
CycloneDx,Github,feliceg77/bom-scala-maven,2021-08-24T13:37:06Z,,1,0,0,0,0,1,1,5,0,0
SPDX,Github,Fosslim/license_matcher,2017-09-13T13:05:05Z,Roff,1,1,0,0,2,2,2,19,1,9
SPDX,Github,freight-trust/spdx-asc-x12,2020-09-22T22:44:54Z,,0,0,0,0,0,0,2,6,0,0
CycloneDx,Github,geirem/bom-tracker,2020-02-26T09:26:35Z,Python,1,0,0,1,1,1,1,23,0,0
CycloneDx,Github,georgearnall/yarn-workspaces-example,2020-10-02T13:01:32Z,,0,1,0,0,0,1,2,3,0,0
SPDX,Github,gkapi/SPDXCompatTools,2014-01-17T13:15:04Z,JavaScript,0,0,0,0,2,3,2,8,0,0
SPDX,Github,GMishx/spdx-test-data,2019-07-08T12:50:12Z,C,1,0,0,0,1,0,1,2,0,0
SPDX,Github,goneall/Spdx-Java-Xml-Store,2020-05-27T16:46:27Z,,1,0,0,0,0,0,1,1,0,0
SPDX,Github,goneall/SpdxEclipsePlugin,2015-03-18T05:10:06Z,Java,1,0,0,0,1,0,2,2,0,0
SPDX,Github,gs146/software_package_data_exchange_list-SPDX-_scraping,2019-09-04T12:04:44Z,Jupyter Notebook,1,0,0,0,0,0,2,4,0,0
SPDX,Github,hangal2001/SPDXHub,2015-02-09T23:12:46Z,PHP,3,0,0,0,0,0,2,41,0,0
SPDX,Github,hastagAB/SPDX-OSS-Dataset,2020-04-02T17:00:31Z,Python,1,1,0,0,2,0,2,3,0,0
SPDX,Github,hattya/license.vim,2016-05-18T14:32:29Z,Vim Script,1,0,0,0,0,2,3,81,0,0
SPDX,Github,heliocastro/ortsample,2021-03-30T06:07:10Z,C++,1,0,0,0,0,0,1,1,0,0
SPDX,Github,hixio-mh/apis.google.com-js-api.js,2021-05-10T06:34:17Z,,1,0,0,0,2,1,1,1,0,0
SPDX,Github,hoijui/SPDX-identifiers,2021-10-22T08:03:26Z,,1,0,0,0,0,1,2,23,0,0
SPDX,Github,hoijui/SPDX-identifiers-generator,2021-10-22T20:00:20Z,Shell,1,0,0,0,0,0,2,6,0,0
SPDX,Github,howderek/get-license,2017-06-09T17:28:51Z,JavaScript,1,0,0,0,0,0,1,5,0,0
SPDX,Github,Inconnu08/multi-spdx-license-parser,2021-12-03T19:09:53Z,Python,1,0,0,0,0,0,2,1,1,0
SPDX,Github,JackTien/bd_export_spdx2.2,2022-06-20T01:22:45Z,Python,5,0,0,0,0,0,1,87,0,0
SPDX,Github,jdelapla/GraphGenerator,2015-09-17T15:59:56Z,C++,1,0,0,0,1,0,1,18,0,0
SPDX,Github,jeremiah/spdxl,2015-08-20T21:35:27Z,Perl,1,0,0,0,1,1,2,82,11,10
SPDX,Github,JeroenKnoops/test-spdx-action,2021-01-22T08:49:25Z,JavaScript,1,3,0,0,2,1,3,22,0,0
SPDX,Github,jfontan/nonSpdx,2020-02-05T13:59:36Z,Ruby,1,0,0,0,0,0,2,1,0,0
SPDX,Github,joerter/spdx-dashboard,2014-01-29T20:00:23Z,JavaScript,3,0,0,1,1,0,4,143,12,23
SPDX,Github,johannes-klein/spdx-eclipse-editor-plugin,2012-11-12T14:56:37Z,Java,1,0,0,0,1,1,0,15,0,0
SPDX,Github,johnjamesmccann/xerces-3.2.3-DTD-hotfix,2022-01-20T13:43:38Z,C++,0,0,0,0,0,0,1,2,0,0
SPDX,Github,jslicense/spdx-copyleft.json,2016-01-13T07:34:27Z,JavaScript,1,0,0,0,1,4,2,12,0,1
SPDX,Github,jslicense/spdx-expression-validate.js,2015-08-02T03:51:15Z,JavaScript,2,0,0,0,1,0,2,86,1,0
SPDX,Github,jslicense/spdx-license-identifiers.json,2020-08-31T18:15:49Z,JavaScript,1,0,0,0,0,2,2,12,0,0
SPDX,Github,jslicense/spdx-osi.json,2015-12-27T00:45:06Z,JavaScript,2,0,0,0,1,1,2,68,0,2
SPDX,Github,jslicense/spdx-whitelisted.js,2019-03-28T03:51:02Z,JavaScript,3,0,0,0,0,0,2,47,0,0
SPDX,Github,jsvcycling/fetchalicense,2022-07-13T01:15:44Z,Python,1,0,0,0,0,0,3,4,0,0
SPDX,Github,jthomp24/ProductHistoryUtility,2014-03-22T02:42:47Z,PHP,3,0,0,0,1,0,2,75,0,0
SPDX,Github,juancarlospaco/parselicense,2020-04-08T11:26:20Z,Nim,1,0,0,0,1,4,4,14,0,0
CycloneDx,Github,kakumara/cyclonedx-maven-plugin-test,2021-11-24T10:03:37Z,Java,1,0,0,0,0,0,1,4,0,0
SPDX,Github,kariu87/test,2022-02-03T17:07:28Z,,1,0,0,0,0,0,1,1,0,0
CycloneDx,Github,karolswdev/cyclonedx-0-9-1-bug,2020-02-10T20:33:19Z,C#,1,0,0,0,0,0,2,1,0,0
SPDX,Github,Kazzira/SPDX-Git-Test-Repo,2015-03-17T23:21:27Z,,1,0,0,0,1,0,2,12,0,0
SPDX,Github,KDE/licensedigger,2020-06-20T07:59:29Z,C++,15,0,0,0,3,4,4,252,0,0
SPDX,Github,KeKo6988/K3k0,2021-05-06T00:25:39Z,,1,0,0,0,0,0,1,1,0,0
SPDX,Github,kemitchell/spdx.kemitchell.com,2019-03-23T16:25:35Z,JavaScript,1,0,0,0,0,0,3,5,0,0
SPDX,Github,keszybz/repo-license-summary,2021-01-28T09:19:28Z,Python,1,0,0,0,0,0,3,15,0,0
SPDX,Github,kit-ty-kate/spdx_licenses,2021-07-23T18:52:37Z,OCaml,1,0,0,3,0,6,3,34,0,2
SPDX,Github,kohldampfer/spdx-test,2018-10-01T12:27:36Z,,1,0,0,0,0,0,2,3,0,0
SPDX,Github,koizumistr/SPDX2Lite,2022-02-19T05:06:53Z,Ruby,1,0,0,3,0,1,2,10,0,0
SPDX,Github,krysnuvadga/wp-spdx-spec,2019-05-10T23:34:43Z,PHP,1,0,0,0,0,0,2,13,0,0
SPDX,Github,kshitij5/spdx-license-fetcher,2021-04-10T19:57:00Z,Dart,1,0,0,0,0,0,1,6,0,0
SPDX,Github,KY-Programming/license-to-json,2022-01-07T10:36:26Z,TypeScript,1,0,0,3,0,0,1,4,0,0
SPDX,Github,L1malucas/AutoHeaderSPDX,2021-01-30T15:55:23Z,,1,0,0,0,0,0,1,1,0,0
SPDX,Github,lfpratik/spdx-conda-demo,2021-05-27T10:20:09Z,,1,0,0,0,0,0,2,2,0,0
SPDX,Github,lfpratik/spdx-gen-demo,2021-05-27T10:19:37Z,,1,0,0,0,0,0,2,2,0,0
SPDX,Github,lfpratik/spdx-pipenv-demo,2021-05-27T10:10:11Z,Python,1,3,0,0,0,0,2,13,0,0
SPDX,Github,lfpratik/spdx-venv-demo,2021-05-27T10:15:18Z,Python,1,0,0,0,0,0,2,16,0,0
SPDX,Github,lfscanning/spdx-acumos,2019-12-16T16:25:25Z,,1,0,0,0,1,0,1,359,0,0
SPDX,Github,lfscanning/spdx-aswf,2020-01-09T19:47:50Z,,2,0,0,0,0,0,1,81,0,0
SPDX,Github,lfscanning/spdx-ccc,2020-10-07T16:06:08Z,,1,0,0,0,0,0,1,7,0,0
SPDX,Github,lfscanning/spdx-cncf,2019-12-09T19:33:45Z,,2,0,0,0,0,0,1,56,0,0
SPDX,Github,lfscanning/spdx-dent,2021-09-28T14:16:26Z,,2,0,0,0,0,0,1,5,0,0
SPDX,Github,lfscanning/spdx-hyperledger,2019-12-10T16:09:10Z,,2,0,0,0,0,0,1,186,0,0
SPDX,Github,lfscanning/spdx-lfai,2020-01-10T18:38:25Z,,2,0,0,0,0,0,2,187,0,0
SPDX,Github,lfscanning/spdx-lfenergy,2021-01-28T15:57:03Z,,2,0,0,0,0,2,1,115,0,0
SPDX,Github,lfscanning/spdx-o-ran,2020-05-22T15:45:24Z,,2,0,0,0,0,0,1,143,0,0
SPDX,Github,lfscanning/spdx-odim,2020-10-08T19:52:22Z,,1,0,0,0,0,0,1,2,0,0
SPDX,Github,lfscanning/spdx-odpi,2020-01-23T17:52:19Z,,1,0,0,0,0,0,2,4,0,0
SPDX,Github,lfscanning/spdx-omp,2020-01-31T19:16:16Z,,2,0,0,0,0,1,1,78,0,0
SPDX,Github,lfscanning/spdx-onap,2019-12-06T17:01:22Z,,2,0,0,0,0,0,1,901,1,0
SPDX,Github,lfscanning/spdx-TEST-SPDX,2021-11-04T20:55:36Z,,1,0,0,0,0,0,2,2,0,0
SPDX,Github,lfscanning/spdx-TEST-ZLIB,2021-11-13T02:07:27Z,,1,0,0,0,0,0,2,2,0,0
SPDX,Github,lfscanning/spdx-xgvela,2021-01-12T16:52:10Z,,1,0,0,0,0,0,1,3,0,0
SPDX,Github,lfscanning/spdx-zowe,2020-04-27T17:02:05Z,,1,0,0,0,0,0,1,2,0,0
SPDX,Github,linux-mailinglist-archives/linux-spdx.vger.kernel.org.0,2019-11-14T13:22:21Z,,99,0,0,0,0,0,2,903,0,0
SPDX,Github,lokeshjoshi01/Smart-Contract-Lottery-Solidity,2022-02-10T05:36:58Z,Solidity,1,0,0,0,0,0,1,3,0,0
CycloneDx,Github,maciejwalkowiak/cyclonedx-spring-boot-sample,2022-07-25T12:05:06Z,Java,1,0,0,0,0,0,2,3,0,0
CycloneDx,Github,magnusp/cyclonedx-aggregator-issue,2021-07-15T08:39:35Z,,1,0,0,0,0,0,2,4,0,0
SPDX,Github,manifoldfinance/legal,2021-03-08T08:52:26Z,Shell,1,0,0,2,0,0,3,46,0,0
CycloneDx,Github,MartinStengard/rust-sbom-windows,2022-02-28T10:34:33Z,Rust,1,0,0,0,0,2,3,10,0,0
SPDX,Github,masami256/meta-spdxscanner,2021-08-20T07:55:44Z,BitBake,1,0,0,0,0,0,3,17,0,0
SPDX,Github,matthewkmayer/spdx-go-repro,2021-02-24T19:43:46Z,Go,1,0,0,0,0,0,2,2,0,0
CycloneDx,Github,mattt/CycloneDX,2021-07-12T18:12:29Z,Swift,1,0,0,0,0,4,1,1,0,0
CycloneDx,Github,mattt/swift-package-sbom,2021-07-15T20:37:32Z,Swift,1,0,0,0,3,23,3,8,0,0
SPDX,Github,maxhbr/spdx-tools-hs,2021-09-01T06:23:33Z,Haskell,1,0,0,0,0,0,4,39,0,0
SPDX,Github,merobi-hub/license-updater,2022-02-02T20:41:43Z,Python,1,0,0,0,0,0,1,11,0,0
SPDX,Github,Micheal66/cotract-X-Wallet,2021-09-16T17:58:29Z,,1,0,0,0,1,2,1,2,0,0
CycloneDx,Github,microdoc/cyclonedx-examples,2020-11-10T21:21:50Z,,0,0,0,0,0,0,1,4,0,0
SPDX,Github,mitchellh/go-spdx,2018-11-17T19:49:09Z,Go,1,0,0,0,2,23,4,5,0,0
SPDX,Github,mk-pmb/spdx-license-exceptions-js,2016-09-27T19:58:30Z,JavaScript,1,0,0,0,0,0,2,2,0,0
SPDX,Github,mk-pmb/spdx-license-urls-js,2016-09-27T16:27:32Z,JavaScript,1,0,0,0,0,0,3,3,0,0
SPDX,Github,moritzruth/spdx-license-data,2021-04-12T11:19:01Z,JavaScript,1,0,0,0,0,0,1,27,0,1
CycloneDx,Github,mostafa/practical-cscrm,2022-06-01T12:30:55Z,,1,0,0,0,1,5,2,12,0,0
SPDX,Github,MrUnfunny/spdx_printer,2021-03-23T03:55:11Z,,1,0,0,0,0,0,1,1,0,0
SPDX,Github,mspiegel/spdx,2016-05-02T17:42:51Z,Go,0,0,0,0,1,0,3,8,0,0
SPDX,Github,mvo5/spdx-license-validator,2017-07-27T12:10:04Z,Go,1,0,0,0,0,0,3,4,0,0
SPDX,Github,myndzi/spdx-license-matcher,2015-07-15T14:15:37Z,JavaScript,0,0,0,0,1,0,3,3,0,0
SPDX,Github,ndip007/spdx-build-tool,2018-05-18T18:41:20Z,Python,1,0,0,0,0,0,2,37,5,13
SPDX,Github,nektro/zig-licenses,2021-02-15T01:59:38Z,Zig,1,0,0,0,0,1,3,32,0,0
SPDX,Github,nektro/zig-licenses-text,2021-07-27T09:19:13Z,Zig,1,0,0,0,0,1,3,9,0,0
SPDX,Github,nexB/spdx-licenses,2015-10-01T16:36:57Z,,3,0,0,0,0,1,10,48,0,0
SPDX,Github,nim-nix-pkgs/spdx_licenses,2022-03-12T18:22:18Z,Nix,1,0,0,0,0,0,1,61,0,0
SPDX,Github,niravpatel27/gh-action-spdx-sbom-generator,2021-06-07T21:21:22Z,Go,1,0,0,1,4,0,2,6,1,1
SPDX,Github,nishakm/spdx-data-model,2020-12-08T14:28:07Z,Python,0,0,0,0,0,0,2,1,0,0
SPDX,Github,nodef/extra-license,2018-09-07T13:39:15Z,JavaScript,2,0,0,0,1,0,3,35,0,0
SPDX,Github,nodepy/spdx-licenses,2017-05-16T21:36:35Z,Python,1,0,0,0,0,0,2,4,0,0
SPDX,Github,ok2it/spdxl,2018-01-05T06:10:50Z,C,1,0,0,0,5,0,1,2,0,0
SPDX,Github,OPEN-NEXT/LOSH-Licenses,2021-10-05T13:23:32Z,,1,0,0,0,2,0,8,11,1,0
SPDX,Github,openlogic/spdx-spec,2010-09-24T19:44:36Z,,1,0,0,0,3,4,1,56,0,0
CycloneDx,Github,OWASP/www-project-cyclonedx,2021-06-04T16:22:34Z,CSS,3,0,0,0,2,4,8,41,0,0
CycloneDx,Github,PaulMorel1/makebom,2022-04-19T17:34:08Z,,1,0,0,0,0,1,2,1,0,0
CycloneDx,Github,PaulMorel1/viewbom,2022-04-19T00:35:05Z,JavaScript,1,0,0,0,2,1,2,15,0,0
SPDX,Github,pezra/pretty-printer,2011-03-30T15:21:38Z,Java,2,0,0,0,3,1,1,17,0,0
SPDX,Github,pfefferle/dash-spdx-licenses,2015-10-06T20:59:19Z,HTML,1,0,0,5,1,4,3,7,0,0
SPDX,Github,phzfi/spdx-license-checker,2017-04-08T22:54:15Z,JavaScript,1,0,0,0,0,0,5,2,0,0
SPDX,Github,pld-linux/php-composer-spdx-licenses,2015-11-25T16:50:11Z,,1,0,0,0,1,0,3,6,0,0
SPDX,Github,pombredanne/Database-SPDX2.0,2015-04-13T18:31:09Z,,2,0,0,0,0,0,1,6,0,0
SPDX,Github,pombredanne/Do_SPDX,2014-07-18T17:07:31Z,,212,0,0,0,0,0,2,28076,0,0
SPDX,Github,pombredanne/DoSPDX,2014-06-17T23:17:32Z,Python,1,0,0,0,0,0,1,17,0,0
SPDX,Github,pombredanne/pub-oss,2014-07-18T17:14:29Z,,1,0,0,0,0,0,2,16,0,0
SPDX,Github,pombredanne/scancode-non-spdx-licenses,2017-08-01T18:00:08Z,,1,0,0,0,0,0,1,2,0,0
SPDX,Github,pombredanne/spdx-pypi-pep-old,2017-02-20T15:02:16Z,Python,118,0,0,0,0,0,3,6773,0,0
SPDX,Github,pombredanne/SPDX2.0-Dashboard-UnderConstruction,2015-04-13T18:31:26Z,PHP,5,0,0,0,0,0,1,60,0,0
SPDX,Github,pombredanne/SPDXDash,2014-07-18T17:09:20Z,,1,0,0,0,2,0,1,5,0,0
SPDX,Github,pombredanne/yocto-spdx,2015-04-13T21:12:08Z,Shell,3,0,0,0,0,0,2,221,0,0
SPDX,Github,poscat0x04/spdx-license,2020-12-22T07:08:08Z,Haskell,0,0,0,0,0,0,3,6,0,0
SPDX,Github,predatorx7/spdx-license-cli,2020-03-15T16:37:59Z,Dart,1,0,0,0,0,0,2,11,0,0
SPDX,Github,PrOF-kk/spdx-headers-vscode,2021-09-23T09:39:30Z,Python,1,0,0,1,0,0,1,1,0,0
SPDX,Github,QMSTR/qmstr-spdx-analyzer,2019-02-13T12:15:46Z,Python,1,0,0,0,1,0,5,1,0,0
SPDX,Github,ralphie79/spdx-docfest-2021-sept,2021-09-14T21:58:30Z,,1,0,0,0,0,3,1,9,0,0
CycloneDx,Github,realshiremath/sbom,2021-11-05T18:20:26Z,Go,1,0,0,0,0,0,1,1,0,0
SPDX,Github,realshiremath/sbom,2021-11-05T18:20:26Z,Go,1,0,0,0,0,0,1,1,0,0
CycloneDx,Github,relizaio/rebom,2022-01-12T11:15:44Z,TypeScript,3,0,0,0,5,4,2,175,0,0
SPDX,Github,reversi-fun/license_doc_similality1,2018-12-18T01:31:07Z,HTML,2,10,0,0,4,7,0,71,0,1
SPDX,Github,RichiH/spdx_helper,2021-05-26T14:28:23Z,Shell,1,0,0,0,0,0,3,2,0,0
SPDX,Github,RishabhBhatnagar/TestSPDXGoModule,2020-01-10T07:42:41Z,,1,0,0,0,0,0,2,2,0,0
SPDX,Github,rjb4standards/SBOMExamples,2021-08-19T16:14:14Z,,1,0,0,0,0,1,1,5,0,0
SPDX,Github,rofrol/spdx-completion,2016-01-19T14:51:29Z,,1,0,0,0,0,0,3,1,0,0
SPDX,Github,rohieb/spdx-license-match,2017-07-31T14:43:50Z,Shell,1,0,0,0,2,5,5,29,0,2
SPDX,Github,rpavlik/khronos-dual-license-finder,2021-02-01T23:25:23Z,Kotlin,1,0,0,1,0,0,3,9,0,0
SPDX,Github,rutisan/XBN-Contrac,2021-03-13T00:08:24Z,,1,0,0,0,1,1,1,2,0,0
CycloneDx,Github,rvsoni/cyclonedx-maven-demo,2022-06-23T16:56:54Z,Java,1,0,0,0,1,0,1,4,0,0
SPDX,Github,salewski/ads-spdx-header-defaults,2020-08-22T19:40:22Z,,1,0,0,0,0,0,2,10,0,0
SPDX,Github,sambacha/spdx-functional,2020-08-20T06:57:43Z,Python,0,0,0,0,0,0,3,4,0,0
SPDX,Github,sambacha/use-UPL-not-MIT,2022-06-16T08:46:30Z,,1,0,0,0,0,1,2,4,0,0
SPDX,Github,samcv/SPDX-Parser,2017-04-30T08:52:27Z,Perl6,1,0,0,0,0,1,3,3,0,0
SPDX,Github,SantiagoTorres/spdx-linking-mockups,2020-06-09T20:49:25Z,Python,1,0,0,0,0,1,3,16,3,0
SPDX,Github,sarathsdev/SPDX-license-detection-package,2021-04-11T15:45:22Z,Dart,1,0,0,0,0,0,1,4,0,0
CycloneDx,Github,satyendra22/SBOM-generated-for-.net-project-via-cyclonedx,2021-10-26T14:20:43Z,,1,0,0,0,0,0,2,6,0,0
SPDX,Github,savinos/SPDX-Tools,2012-01-20T10:32:18Z,Java,2,0,0,0,0,1,2,52,0,0
CycloneDx,Github,sbomtools/apk2sbom,2022-02-10T13:28:28Z,Python,0,0,0,0,1,3,1,2,1,0
SPDX,Github,sbomtools/apk2sbom,2022-02-10T13:28:28Z,Python,0,0,0,0,1,3,1,2,1,0
CycloneDx,Github,sbomtools/apt2sbom,2021-12-08T18:53:37Z,Python,1,0,0,0,10,22,4,50,1,0
SPDX,Github,sbomtools/apt2sbom,2021-12-08T18:53:37Z,Python,1,0,0,0,10,22,4,50,1,0
SPDX,Github,sclorg-distgit/nodejs-spdx,2016-01-25T18:08:07Z,,1,0,0,0,0,0,5,2,0,0
SPDX,Github,sclorg-distgit/nodejs-spdx-correct,2016-01-25T18:18:18Z,,1,0,0,0,0,0,5,2,0,0
SPDX,Github,sclorg-distgit/nodejs-spdx-exceptions,2016-01-25T18:18:45Z,,1,0,0,0,0,0,5,2,0,0
SPDX,Github,sclorg-distgit/nodejs-spdx-expression-parse,2016-01-25T18:25:11Z,,1,0,0,0,0,0,5,2,0,0
SPDX,Github,sclorg-distgit/nodejs-spdx-license-ids,2016-01-25T18:25:44Z,,1,0,0,0,0,0,5,2,0,0
CycloneDx,Github,sduquette-devolutions/CyclonedxDotnetRepro,2022-04-05T17:59:13Z,C#,1,0,0,0,0,0,1,1,0,0
SPDX,Github,seabass-labrax/spdx-license-list-faqs,2021-04-19T10:03:09Z,,1,0,0,0,0,0,0,2,0,0
SPDX,Github,sebdeckers/talk-spdx,2015-10-21T05:14:20Z,,1,0,0,0,0,1,1,1,0,0
CycloneDx,Github,sepbit/wpbom,2021-12-21T00:50:51Z,PHP,1,0,0,0,1,2,1,16,0,3
CycloneDx,Github,sephiroth-j/node-dependency-track-upload,2020-01-22T20:34:52Z,JavaScript,1,0,0,0,0,1,0,20,0,0
SPDX,Github,sergeysova/license.js,2016-06-10T15:08:57Z,JavaScript,1,0,0,3,0,8,1,27,1,0
SPDX,Github,ShaigroRB/spdx-license-list-as-text,2019-09-25T10:03:00Z,,1,0,0,0,2,0,2,3,0,0
SPDX,Github,shinnn/is-spdx-license-id.js,2014-10-31T06:48:35Z,JavaScript,1,0,0,0,1,0,2,20,0,1
SPDX,Github,shinnn/spdx-license-id-set,2016-01-01T05:21:43Z,JavaScript,1,0,0,0,1,0,1,4,0,0
SPDX,Github,skyzyx/spdx-licenses,2012-10-14T06:33:36Z,,1,0,0,1,1,0,3,7,1,0
SPDX,Github,sp9skp/spdxl,2021-01-17T16:24:08Z,C,1,2,0,0,9,4,3,95,0,0
SPDX,Github,spdx/ATTIC-airs,2015-03-23T22:43:18Z,Java,1,0,0,0,1,4,4,7,0,0
SPDX,Github,spdx/DOCS,2022-07-07T15:21:44Z,,1,0,0,0,0,1,8,1,1,0
SPDX,Github,spdx/license-test-generator,2017-09-07T17:37:02Z,PHP,2,0,0,0,1,3,4,4,0,0
SPDX,Github,spdx/package-licenses-mapping,2019-09-25T13:31:51Z,,1,0,0,0,0,2,3,1,4,0
SPDX,Github,spdxdmn/spdxdmn,2022-03-24T01:19:19Z,,1,0,0,0,0,0,1,2,0,0
SPDX,Github,spdxz1/spdxz1,2022-03-21T19:56:25Z,,1,0,0,0,0,0,1,14,0,0
SPDX,Github,sschuberth/spdx-stuff,2017-02-17T08:10:18Z,Shell,1,0,0,0,1,0,2,6,0,0
SPDX,Github,sSpeedx/SpdxDDOS,2022-04-29T02:18:30Z,Python,1,0,0,0,2,4,1,14,0,0
SPDX,Github,sst-yoshizumi/SPDX-CSV,2020-03-24T00:06:51Z,Python,4,0,0,0,0,0,2,135,0,0
CycloneDx,Github,Starkiller1988/mockup_cyclonedx,2022-05-05T05:53:46Z,TypeScript,1,0,0,0,0,0,1,1,0,0
SPDX,Github,stephanlachnit/dep5convert,2022-02-11T00:33:29Z,Python,1,0,0,0,1,4,3,12,1,0
SPDX,Github,supersimple/spdx,2021-05-22T05:14:22Z,Erlang,0,0,0,0,0,1,4,6,0,0
SPDX,Github,swarley/gem-license,2019-05-23T00:39:43Z,Ruby,1,0,0,0,1,2,1,8,0,0
SPDX,Github,swinslow-test/spdx-swinslow,2021-09-29T14:10:10Z,,1,0,0,0,0,0,1,3,0,0
SPDX,Github,swinslow/docfest-20210916,2021-09-03T00:02:46Z,,1,0,0,0,0,0,3,1,0,0
SPDX,Github,swinslow/kernelscan-py,2019-01-16T13:59:03Z,Python,1,0,0,0,0,1,3,3,0,0
SPDX,Github,swinslow/plugfest2-sboms,2021-05-30T16:51:42Z,,1,0,0,0,0,0,3,8,0,0
SPDX,Github,swinslow/spdx-cookbook,2019-10-25T19:01:38Z,,1,0,0,0,0,0,2,2,1,0
SPDX,Github,swinslow/spdx-swinslow,2020-01-31T03:38:54Z,,1,0,0,0,0,0,3,4,0,0
SPDX,Github,swinslow/spdxify,2019-08-24T19:46:04Z,Go,1,0,0,0,0,0,2,6,0,0
SPDX,Github,swinslow/spdxLicenseManager,2018-01-20T19:58:53Z,Python,1,0,0,0,1,0,2,186,1,0
SPDX,Github,swinslow/spdxSummarizer,2017-09-23T12:49:07Z,Python,1,0,0,1,1,2,2,35,4,3
SPDX,Github,tbouron/spdx-license-checker,2016-04-15T09:50:41Z,Java,1,0,0,0,1,5,3,9,0,0
SPDX,Github,TheFinks/Fossology-Ninka,2014-02-03T08:13:58Z,Python,2,0,0,0,1,0,5,140,3,11
CycloneDx,Github,TheTechSurgeon/CYCLONEDX,2021-08-17T16:57:45Z,,0,0,0,0,0,0,2,1,0,0
CycloneDx,Github,tjarrettveracode/veracode-collections-sbom,2022-05-05T14:10:46Z,Python,1,1,0,0,2,2,1,9,0,4
SPDX,Github,TobyAndToby/License-Identifiers,2021-02-28T16:00:30Z,C#,3,2,0,0,0,0,1,45,0,0
CycloneDx,Github,traubad/CycloneDXDirectoryConverter,2021-07-18T14:13:29Z,Python,1,0,0,0,0,0,1,8,0,0
SPDX,Github,TrustSource/ts-spdx-upload,2022-03-28T15:49:47Z,Python,2,0,0,0,0,0,3,5,0,0
SPDX,Github,tsteenbe/openchain-spec,2017-06-18T15:44:06Z,JavaScript,1,0,0,0,1,0,1,2,0,0
SPDX,Github,tsteenbe/spdx-spec,2017-05-02T20:18:36Z,JavaScript,2,0,0,5,0,0,2,47,0,0
SPDX,Github,tuananh/validate-spdx-license,2022-07-01T08:23:34Z,Go,1,0,0,0,0,1,2,5,0,0
SPDX,Github,utkarshshendge/spdx-guideline-examples,2021-04-02T04:15:29Z,,1,0,0,0,0,0,1,4,0,0
CycloneDx,Github,veracode/cyclonedx-property-taxonomy,2022-08-02T03:48:42Z,,1,0,0,0,0,0,2,8,0,0
SPDX,Github,vladvelici/spdx-go,2014-05-27T08:49:03Z,Go,2,0,0,0,1,2,2,129,5,41
SPDX,Github,vmware-archive/license-notices-linter,2020-09-11T10:27:13Z,Go,0,0,0,0,0,0,2,8,0,0
SPDX,Github,vohidjon123/google,2022-04-13T14:01:22Z,,1,0,0,0,4,9,3,1,4,0
SPDX,Github,vpenmatsa/spdxDashboard,2014-05-07T20:18:03Z,PHP,1,0,0,0,1,0,2,3,0,0
SPDX,Github,winlinvip/spdx_bsl,2021-05-31T02:44:36Z,,1,0,0,0,0,0,2,3,0,0
SPDX,Github,winlinvip/spdx_mit,2021-05-31T01:13:14Z,,1,0,0,0,0,0,1,8,0,0
SPDX,Github,winlinvip/spdx_mit_or_mulan,2021-05-31T00:31:51Z,,1,0,0,0,0,0,1,18,0,0
SPDX,Github,woinbo/SPDX-License-detector,2021-03-31T14:53:17Z,Dart,1,0,0,0,0,0,1,1,0,0
SPDX,Github,wojtekmach/spdx,2018-12-28T21:42:01Z,Elixir,1,0,0,0,0,1,3,5,0,0
SPDX,Github,yevster/spdxtra-license-download,2016-05-19T08:17:54Z,Java,1,0,0,1,1,0,2,6,0,0
SPDX,Github,yoyoqe/uououou,2021-06-26T15:34:10Z,,1,0,0,0,0,2,1,1,0,0
SPDX,Github,zchee/go-spdx,2020-03-11T23:04:35Z,Go,1,0,0,0,0,0,2,3,0,0
CycloneDx,Github,zg2pro/cyclonedx-plugin-issue-117,2021-08-12T08:31:29Z,,0,0,0,0,0,0,1,6,0,0
SPDX,Github,zvr/hub-spdx,2018-04-24T17:17:46Z,Java,1,0,0,0,0,0,3,132,0,0
SPDX,Github,zvr/xmlindent,2017-08-19T09:24:45Z,TeX,1,0,0,0,0,3,4,12,0,0