Format,Tool,Repo,Stars,Watchers,Forks,Releases,Contributors,OpenIssues,ClosedIssues,OpenPullRequest,ClosedPullRequest,creation_date,age,Commits
SPDX,Github,0xflotus/speedy-x,0,2,,0,,,,0,4,2019-01-03T23:26:02Z,1959,24
SPDX,Github,15-Lippo/lisprocoin,1,1,,0,,,,0,0,2021-10-15T14:38:36Z,943,1
SPDX,Github,9999years/spdx-tool,0,3,,0,,,,0,0,2020-09-08T21:07:03Z,1345,5
SPDX,Github,Aaronvivek/fuck-token-staking-contract,0,1,,0,,,,0,0,2022-06-20T19:22:34Z,695,1
SPDX,Github,aaronxsu/licenses-json-to-sql,0,2,,0,,,,0,0,2018-02-12T18:34:49Z,2284,4
SPDX,Github,abate/LicenseMatrix,0,2,,0,,,,0,0,2016-02-27T18:01:02Z,3000,25
SPDX,Github,adaptant-labs/spdx-licenses-dart,4,2,,0,,,,0,0,2019-03-19T23:15:36Z,1884,3
SPDX,Github,adirel/spdx,0,2,,0,,,,0,0,2016-11-28T15:36:10Z,2725,1
CycloneDx,Github,adracea/gha-sbomb-merge,0,1,,3,,,,0,0,2022-04-07T16:32:50Z,769,10
CycloneDx,Github,agschrei/cyclonedx-viewer,1,1,,0,,,,0,0,2021-09-29T23:11:54Z,959,6
SPDX,Github,ah450/spdx-tools-python,5,2,,0,2,,,0,1,2014-05-20T10:46:35Z,3648,182
CycloneDx,Github,aidansteele/cyclonedx-webpack-repro,0,3,,0,,,,0,0,2021-12-15T01:54:03Z,883,1
SPDX,Github,AjayrajSingh/licenseClassifier,0,1,,0,,,,0,0,2021-03-29T11:47:11Z,1143,27
CycloneDx,Github,alex-todorov86/xlsx_to_CycloneDX,0,1,,0,,,,0,8,2020-12-07T21:42:30Z,1255,1
SPDX,Github,alilleybrinker/cargo-spdx,18,4,,0,2,,,0,5,2022-05-10T23:42:25Z,736,43
SPDX,Github,all-nights/spdxer,0,0,,0,,,,0,0,2022-07-26T07:21:24Z,659,1
CycloneDx,Github,alvinchchen/cyclonedx-buildroot,5,3,,0,,,,1,1,2020-03-16T05:52:06Z,1521,7
CycloneDx,Official,alvinchchen/cyclonedx-buildroot,5,3,,0,,,,1,1,2020-03-16T05:52:06Z,1521,7
CycloneDx,Github,AnalogJ/tangle,0,3,,0,,,,0,0,2021-11-30T03:43:03Z,897,13
SPDX,Github,AnalogJ/tangle,0,3,,0,,,,0,0,2021-11-30T03:43:03Z,897,13
SPDX,Github,Anas35/sample_code,0,1,,0,,,,0,0,2021-04-07T16:53:45Z,1134,5
CycloneDx,Github,anchore/grype,7885,71,,132,49,,,15,1073,2020-05-26T13:44:38Z,1450,1248
CycloneDx,Official,anchore/grype,7885,71,,132,49,,,15,1073,2020-05-26T13:44:38Z,1450,1248
CycloneDx,Github,anchore/syft,5539,58,,176,62,,,22,1829,2020-05-07T18:19:29Z,1469,2102
SPDX,Github,anchore/syft,5539,58,,176,62,,,22,1829,2020-05-07T18:19:29Z,1469,2102
CycloneDx,Official,anchore/syft,5539,58,,176,62,,,22,1829,2020-05-07T18:19:29Z,1469,2102
CycloneDx,Official,Andrii-Grytsenko-OWASP/SnykVulnCheck,3,1,,0,2,,,0,2,2022-03-08T11:45:41Z,799,13
CycloneDx,Github,angrymeir/CycloneDX-test,N/A,N/A,,N/A,,,,N/A,N/A,N/A,N/A,N/A
SPDX,Github,anthonyronda/LicenseRef-OGL-1.0a,1,1,,0,,,,0,0,2021-06-15T03:19:03Z,1065,14
SPDX,Github,aodag/wheel2spdx,0,1,,0,,,,0,0,2022-05-27T10:21:42Z,719,4
SPDX,Github,apolopena/qna-demo-skeleton,0,2,,1,,,,0,1,2021-03-29T21:17:56Z,1143,9
SPDX,Github,apolopena/qna-typescript-demo-skeleton,0,2,,1,,,,0,1,2021-05-21T18:51:16Z,1090,10
CycloneDx,Official,AppThreat/cdxgen,461,13,,293,,,,7,419,2019-12-30T13:55:18Z,1598,1148
CycloneDx,Github,AppThreat/cdxgen-action,10,4,,2,,,,1,2,2020-01-06T14:28:44Z,1591,15
SPDX,Github,ardikars/pcap,40,3,,8,,,,11,282,2019-08-26T11:42:27Z,1724,85
SPDX,Github,arsharaj/spdx-license-fetcher,0,1,,0,,,,0,0,2021-04-08T04:28:01Z,1133,6
SPDX,Github,aschet/spdx-license-compat,2,3,,1,,,,1,0,2017-04-21T16:54:25Z,2581,13
SPDX,Github,aschet/spdx-license-expression-tools,4,2,,3,3,,,0,2,2017-04-14T21:12:16Z,2588,24
SPDX,Github,aschet/talc,0,3,,1,,,,0,0,2017-04-20T10:43:07Z,2582,13
SPDX,Github,AvishrantsSh/GoLicense-Classifier,1,3,,2,,,,0,0,2021-05-24T17:01:22Z,1087,39
SPDX,Github,ayamaoka/SPDX_Resource_Slides,1,2,,0,,,,0,0,2018-08-07T08:15:29Z,2108,2
SPDX,Github,ayan-b/spdx_xml_to_markdown,1,2,,0,,,,0,0,2020-03-08T05:38:23Z,1529,8
SPDX,Github,BabyFlokiCoin/Baby-Floki-Coin,12,1,,0,,,,0,0,2021-09-28T21:26:06Z,960,3
SPDX,Github,baptistecabrera/bca-spdx,2,1,,0,,,,0,0,2020-07-02T14:50:20Z,1413,30
SPDX,Github,basta1255s/owntoken.sol,11,1,,0,,,,0,0,2021-06-23T11:59:44Z,1057,5
SPDX,Github,bbqsrc/spdx-lookup-python,7,3,,0,,,,0,0,2015-12-29T09:57:22Z,3060,11
SPDX,Github,bbqsrc/spdx-python,0,2,,0,,,,0,0,2015-12-29T09:33:12Z,3060,9
SPDX,Github,bconnorwhite/spdx-license,1,1,,0,,,,0,0,2020-09-07T22:30:21Z,1346,6
CycloneDx,Github,bgnetworks/meta-dependencytrack,15,4,,0,,,,5,0,2022-05-13T23:28:33Z,733,4
CycloneDx,Official,bgnetworks/meta-dependencytrack,15,4,,0,,,,5,0,2022-05-13T23:28:33Z,733,4
SPDX,Github,bharat-1809/spdx_xml_parser,1,2,,0,,,,0,0,2021-03-20T10:39:46Z,1152,27
SPDX,Github,blackducksoftware/bd_export_spdx2.2,6,5,,2,3,,,2,5,2021-08-17T12:30:33Z,1002,80
SPDX,Official,blackducksoftware/bd_export_spdx2.2,6,5,,2,3,,,2,5,2021-08-17T12:30:33Z,1002,80
SPDX,Github,bluspider/spdx,0,1,,0,,,,1,0,2018-07-09T11:50:20Z,2137,2
SPDX,Github,bobby0809/spdx-license-list-XML,0,1,,0,15,,,1,1,2018-07-14T00:49:14Z,2133,2000
SPDX,Github,bobby0809/spdx.is,0,1,,0,2,,,0,0,2018-07-17T21:31:42Z,2129,78
SPDX,Github,boyter/lc,117,8,,9,6,,,0,31,2018-01-22T00:06:16Z,2306,393
CycloneDx,Github,BranBerAVI/python_advanced_bom_creator,0,1,,0,,,,0,0,2021-03-01T17:57:31Z,1171,9
SPDX,Github,BULLBITBULL/CONTRACT,0,1,,0,,,,0,0,2021-11-30T17:40:03Z,897,3
CycloneDx,Github,ButterB0wl/jake-sbom-ado-iq-example,0,2,,0,,,,0,0,2020-05-12T01:02:16Z,1465,7
SPDX,Github,Cantido/spdx_cli,N/A,N/A,,N/A,,,,N/A,N/A,N/A,N/A,N/A
SPDX,Github,CatalinStratu/SPDX-generics-code-refactoring-example,0,1,,0,,,,0,0,2022-04-03T07:25:35Z,773,1
SPDX,Official,CERTCC/SBOM,55,12,,0,2,,,0,4,2020-06-01T17:08:22Z,1444,50
SPDX,Official,chaoss/augur,N/A,N/A,,N/A,92,,,N/A,N/A,N/A,N/A,N/A
SPDX,Github,chinmoy12c/spdxLicense,0,1,,0,,,,0,0,2021-04-05T13:09:13Z,1136,1
SPDX,Github,chris-toenjes-deye/salus-spdx-to-osv,1,1,,0,4,,,0,1,2022-08-10T12:58:33Z,644,29
SPDX,Github,chris48s/joi-extension-spdx,0,2,,0,2,,,1,117,2022-06-26T18:50:34Z,689,223
SPDX,Github,ChristianMurphy/apache-category-a-spdx,0,3,,0,,,,0,0,2018-09-27T01:59:05Z,2058,5
SPDX,Github,ChristianMurphy/apache-category-b-spdx,0,3,,0,,,,0,0,2018-09-27T03:33:57Z,2057,2
SPDX,Github,ChristianMurphy/apache-category-x-spdx,0,3,,0,,,,0,0,2018-09-27T03:34:36Z,2057,4
CycloneDx,Official,cisco-open/kubei,1266,29,,71,13,,,18,490,2020-03-22T12:52:29Z,1515,348
SPDX,Github,citation-file-format/get-spdx-licenses,4,2,,0,,,,0,2,2021-05-15T10:38:21Z,1096,32
CycloneDx,Official,ckotzbauer/sbom-operator,181,5,,41,8,,,0,597,2022-01-08T11:06:01Z,858,889
SPDX,Github,clearlydefined/spdx,5,11,,1,6,,,6,21,2019-05-06T15:12:24Z,1836,44
SPDX,Github,cloudflightio/spdx-catalog,0,7,,8,2,,,0,17,2022-03-11T20:35:35Z,796,54
CycloneDx,Official,coinbase/salus,13,3,,107,33,,,21,743,2018-10-16T20:25:54Z,2038,2748
SPDX,Github,compenguy/spdx-dataset,0,2,,0,,,,0,0,2019-03-02T21:29:08Z,1901,8
SPDX,Github,composer/spdx-licenses,1389,9,,20,17,,,0,34,2015-07-14T15:27:19Z,3228,156
CycloneDx,Github,conda-forge/cyclonedx-bom-feedstock,0,7,,0,4,,,0,34,2022-01-17T18:01:18Z,849,116
CycloneDx,Github,conda-forge/cyclonedx-python-lib-feedstock,0,7,,0,4,,,0,59,2021-11-01T15:39:51Z,926,179
SPDX,Github,conda-forge/spdx-license-matcher-feedstock,0,7,,0,4,,,2,3,2022-02-05T08:42:39Z,830,11
SPDX,Github,condy0919/spdx.el,13,4,,0,3,,,0,10,2020-04-12T17:05:53Z,1494,232
CycloneDx,Official,Contrast-Security-OSS/jbom,106,11,,4,2,,,0,8,2021-12-20T23:24:04Z,877,67
SPDX,Github,cordlandwehr/akademy-2020-talk-spdx,0,2,,0,,,,0,0,2021-06-13T07:04:41Z,1067,2
SPDX,Github,cordlandwehr/akademy-2021-spdx-status,0,2,,0,,,,0,0,2021-06-18T14:14:11Z,1062,2
SPDX,Github,cthoyt/spdx-obo,0,3,,0,,,,0,0,2021-05-07T13:00:05Z,1104,3
SPDX,Github,ctron/cargo-clearlydefined,0,3,,1,,,,0,0,2020-09-03T15:50:35Z,1350,14
SPDX,Github,CultOfClang/Spdx,0,1,,0,,,,0,0,2020-12-01T02:20:53Z,1262,6
SPDX,Github,cutenode/conformance,9,1,,0,2,,,13,6,2019-07-29T18:09:11Z,1752,7
SPDX,Github,cwege/disco-opa,0,1,,0,,,,0,0,2021-12-05T21:16:35Z,892,3
CycloneDx,Github,CycloneDX/bom-examples,152,11,,0,5,,,0,25,2020-07-31T19:03:34Z,1384,118
CycloneDx,Github,CycloneDX/cyclonedx-authoring-tool,7,7,,0,3,,,7,85,2020-01-04T01:04:22Z,1594,16
SPDX,Github,CycloneDX/cyclonedx-authoring-tool,7,7,,0,3,,,7,85,2020-01-04T01:04:22Z,1594,16
CycloneDx,Github,CycloneDX/cyclonedx-bom-exchange-api,28,15,,0,,,,1,1,2021-06-18T09:46:35Z,1062,10
CycloneDx,Official,CycloneDX/cyclonedx-bom-repo-server,70,6,,12,4,,,13,354,2021-05-27T10:57:35Z,1084,231
CycloneDx,Github,CycloneDX/cyclonedx-bom-repo-server,70,6,,12,4,,,13,354,2021-05-27T10:57:35Z,1084,231
SPDX,Github,CycloneDX/cyclonedx-cli,261,14,,44,9,,,22,199,2020-10-22T11:25:26Z,1301,395
CycloneDx,Github,CycloneDX/cyclonedx-cli,261,14,,44,9,,,22,199,2020-10-22T11:25:26Z,1301,395
CycloneDx,Official,CycloneDX/cyclonedx-cli,261,14,,44,9,,,22,199,2020-10-22T11:25:26Z,1301,395
CycloneDx,Github,CycloneDX/cyclonedx-cocoapods,19,7,,6,5,,,0,34,2019-10-10T15:04:12Z,1679,191
CycloneDx,Official,CycloneDX/cyclonedx-cocoapods,19,7,,6,5,,,0,34,2019-10-10T15:04:12Z,1679,191
CycloneDx,Official,CycloneDX/cyclonedx-conan,23,5,,4,2,,,7,88,2021-10-14T11:05:30Z,944,42
CycloneDx,Github,CycloneDX/cyclonedx-conan,23,5,,4,2,,,7,88,2021-10-14T11:05:30Z,944,42
SPDX,Github,CycloneDX/cyclonedx-conan,23,5,,4,2,,,7,88,2021-10-14T11:05:30Z,944,42
CycloneDx,Github,CycloneDX/cyclonedx-core-java,68,7,,0,20,,,12,320,2018-05-30T22:50:46Z,2177,1003
CycloneDx,Official,CycloneDX/cyclonedx-core-java,68,7,,0,20,,,12,320,2018-05-30T22:50:46Z,2177,1003
SPDX,Github,CycloneDX/cyclonedx-core-java,68,7,,0,20,,,12,320,2018-05-30T22:50:46Z,2177,1003
CycloneDx,Github,CycloneDX/cyclonedx-dotnet,161,13,,43,21,,,19,673,2018-10-02T21:58:30Z,2052,932
SPDX,Github,CycloneDX/cyclonedx-dotnet,161,13,,43,21,,,19,673,2018-10-02T21:58:30Z,2052,932
CycloneDx,Github,CycloneDX/cyclonedx-dotnet-library,16,5,,38,15,,,22,232,2020-10-19T11:52:20Z,1304,864
CycloneDx,Github,CycloneDX/cyclonedx-go,64,8,,12,5,,,6,128,2021-03-02T11:20:02Z,1170,267
CycloneDx,Official,CycloneDX/cyclonedx-go,64,8,,12,5,,,6,128,2021-03-02T11:20:02Z,1170,267
CycloneDx,Official,CycloneDX/cyclonedx-gomod,125,7,,36,4,,,9,385,2021-03-07T19:21:22Z,1165,734
CycloneDx,Github,CycloneDX/cyclonedx-gomod,125,7,,36,5,,,9,385,2021-03-07T19:21:22Z,1165,734
CycloneDx,Github,CycloneDX/cyclonedx-gradle-plugin,141,10,,12,20,,,10,291,2018-05-30T14:52:05Z,2177,451
SPDX,Github,CycloneDX/cyclonedx-gradle-plugin,141,10,,12,20,,,10,291,2018-05-30T14:52:05Z,2177,451
CycloneDx,Github,CycloneDX/cyclonedx-javascript-library,14,6,,68,2,,,4,993,2022-02-04T18:20:43Z,831,916
CycloneDx,Github,CycloneDX/cyclonedx-linux-generator,38,7,,0,4,,,9,55,2021-05-20T15:48:46Z,1091,79
CycloneDx,Official,CycloneDX/cyclonedx-maven-plugin,273,14,,48,13,,,13,306,2017-06-04T04:33:47Z,2538,703
CycloneDx,Github,CycloneDX/cyclonedx-maven-plugin,273,14,,48,13,,,13,306,2017-06-04T04:33:47Z,2538,703
SPDX,Github,CycloneDX/cyclonedx-maven-plugin,273,14,,48,13,,,13,306,2017-06-04T04:33:47Z,2538,703
CycloneDx,Github,CycloneDX/cyclonedx-node-module,122,8,,35,22,,,0,260,2017-06-04T04:34:48Z,2538,502
SPDX,Github,CycloneDX/cyclonedx-node-module,122,8,,35,22,,,0,260,2017-06-04T04:34:48Z,2538,502
CycloneDx,Github,CycloneDX/cyclonedx-node-npm,61,2,,46,,,,6,1084,2022-07-23T08:53:52Z,662,840
CycloneDx,Github,CycloneDX/cyclonedx-node-yarn,11,7,,0,,,,8,52,2022-06-25T06:08:00Z,690,69
CycloneDx,Github,CycloneDX/cyclonedx-nuget,2,2,,0,,,,0,0,2018-08-03T04:53:19Z,2112,19
SPDX,Github,CycloneDX/cyclonedx-nuget,2,2,,0,,,,0,0,2018-08-03T04:53:19Z,2112,19
CycloneDx,Github,CycloneDX/cyclonedx-php-composer,44,5,,44,7,,,0,400,2019-08-09T00:04:56Z,1742,613
SPDX,Github,CycloneDX/cyclonedx-php-composer,44,5,,44,7,,,0,400,2019-08-09T00:04:56Z,1742,613
CycloneDx,Github,CycloneDX/cyclonedx-php-library,6,5,,32,2,,,3,367,2021-09-12T10:00:04Z,976,568
SPDX,Github,CycloneDX/cyclonedx-php-library,6,5,,32,2,,,3,367,2021-09-12T10:00:04Z,976,568
CycloneDx,Github,CycloneDX/cyclonedx-property-taxonomy,12,10,,0,5,,,4,46,2021-09-03T03:45:07Z,986,130
CycloneDx,Github,CycloneDX/cyclonedx-python,211,14,,79,22,,,3,555,2018-11-15T05:53:33Z,2008,609
SPDX,Github,CycloneDX/cyclonedx-python,211,14,,79,22,,,3,555,2018-11-15T05:53:33Z,2008,609
CycloneDx,Github,CycloneDX/cyclonedx-python-lib,59,15,,88,13,,,4,459,2021-08-27T06:56:39Z,992,638
SPDX,Github,CycloneDX/cyclonedx-python-lib,59,15,,88,13,,,4,459,2021-08-27T06:56:39Z,992,638
CycloneDx,Github,CycloneDX/cyclonedx-ruby-gem,19,5,,0,7,,,9,13,2018-05-21T21:52:13Z,2186,102
SPDX,Github,CycloneDX/cyclonedx-ruby-gem,19,5,,0,7,,,9,13,2018-05-21T21:52:13Z,2186,102
SPDX,Github,CycloneDX/cyclonedx-rust-cargo,77,10,,4,12,,,17,598,2019-05-21T20:48:15Z,1821,1063
CycloneDx,Github,CycloneDX/cyclonedx-rust-cargo,77,10,,4,12,,,17,598,2019-05-21T20:48:15Z,1821,1063
CycloneDx,Github,CycloneDX/cyclonedx-web-tool,26,4,,14,4,,,7,107,2021-05-21T12:46:14Z,1090,146
CycloneDx,Official,CycloneDX/cyclonedx-webpack-plugin,23,4,,32,5,,,5,1235,2020-06-04T03:27:11Z,1442,811
CycloneDx,Github,CycloneDX/cyclonedx-webpack-plugin,23,4,,32,5,,,5,1235,2020-06-04T03:27:11Z,1442,811
SPDX,Github,CycloneDX/cyclonedx-webpack-plugin,23,4,,32,5,,,5,1235,2020-06-04T03:27:11Z,1442,811
CycloneDx,Github,CycloneDX/cyclonedx.org,8,12,,0,22,,,3,269,2018-07-20T00:58:21Z,2127,1066
CycloneDx,Github,CycloneDX/gh-dotnet-generate-sbom,8,4,,1,,,,1,0,2020-06-22T11:21:19Z,1423,20
CycloneDx,Github,CycloneDX/gh-gomod-generate-sbom,9,4,,6,4,,,3,31,2021-06-04T18:36:39Z,1076,81
CycloneDx,Github,CycloneDX/gh-node-module-generatebom,20,6,,4,,,,0,11,2020-07-13T21:55:46Z,1402,32
CycloneDx,Github,CycloneDX/gh-php-composer-generate-sbom,0,4,,3,,,,0,6,2020-07-13T13:02:10Z,1402,24
CycloneDx,Github,CycloneDX/gh-python-generate-sbom,12,6,,4,2,,,0,4,2020-07-13T11:58:49Z,1402,27
CycloneDx,Github,CycloneDX/homebrew-cyclonedx,0,9,,0,,,,0,5,2022-03-02T19:14:56Z,805,19
CycloneDx,Github,CycloneDX/sbom-combiner,10,3,,0,2,,,1,1,2021-05-20T15:44:32Z,1091,3
CycloneDx,Github,CycloneDX/sbom-commons,1,4,,0,3,,,8,45,2021-06-30T04:54:39Z,1051,40
CycloneDx,Github,CycloneDX/sbom-commons-combiner,0,4,,0,3,,,2,7,2021-06-30T04:51:09Z,1050,6
CycloneDx,Github,CycloneDX/sbom-comparator,18,4,,0,2,,,0,1,2021-05-20T15:45:40Z,1091,3
CycloneDx,Github,CycloneDX/specification,326,28,,7,9,,,11,166,2017-05-29T02:22:06Z,2544,935
SPDX,Github,CycloneDX/specification,326,28,,7,9,,,11,166,2017-05-29T02:22:06Z,2544,935
CycloneDx,Github,danielpaulomalley/cyclonedx-node-module,0,1,,0,20,,,0,0,2022-05-19T17:06:41Z,727,437
SPDX,Github,davaya/spdx-3-elements,0,1,,0,,,,0,0,2022-07-18T18:42:41Z,667,24
SPDX,Github,davaya/spdx-world,0,1,,0,,,,0,0,2021-12-06T03:22:32Z,891,4
SPDX,Github,davaya/spdxv3-template-tool,1,2,,0,,,,0,0,2021-07-13T14:12:45Z,1037,49
SPDX,Github,david-a-wheeler/spdx-tutorial,120,10,,0,6,,,1,8,2015-11-21T20:25:53Z,3098,145
SPDX,Github,DBOMproject/tools,0,4,,0,3,,,2,3,2021-01-15T18:33:09Z,1216,9
SPDX,Github,Debian/spdx-licenses,3,4,,0,,,,0,0,2020-03-26T16:23:45Z,1511,8
SPDX,Github,deepak6446/spdxValidator,0,2,,0,,,,4,0,2019-04-23T14:10:55Z,1849,17
CycloneDx,Official,defenseunicorns/sbom-cli,11,2,,0,,,,0,0,2021-10-04T13:53:19Z,954,4
CycloneDx,Github,DependencyTrack/dependency-track,2360,69,,52,57,,,29,1290,2013-07-16T19:16:43Z,3956,4813
SPDX,Github,dephell/dephell_licenses,1,3,,0,2,,,0,2,2019-03-25T18:13:21Z,1878,40
SPDX,Github,desenvolvendo-me/spdxyz,N/A,N/A,,N/A,,,,N/A,N/A,N/A,N/A,N/A
SPDX,Github,Devforlive/SPDX-short-identifier-MIT,1,0,,0,,,,0,0,2017-11-15T14:36:14Z,2373,3
CycloneDx,Github,devops-kung-fu/bomber,458,8,,19,,,,7,123,2022-07-08T15:05:44Z,677,80
SPDX,Github,devops-kung-fu/bomber,458,8,,19,,,,7,123,2022-07-08T15:05:44Z,677,80
SPDX,Github,DimarrWS/ws_joint_spdx,N/A,N/A,,N/A,,,,N/A,N/A,N/A,N/A,N/A
CycloneDx,Github,djschleen/sbom-release-example,0,1,,8,,,,2,1,2022-07-27T16:31:13Z,658,3
SPDX,Github,djschleen/sbom-release-example,0,1,,8,,,,2,1,2022-07-27T16:31:13Z,658,3
SPDX,Github,dl9pf/meta-spdxscanner,9,7,,0,3,,,0,7,2016-11-16T05:13:01Z,2737,85
SPDX,Github,dmgerman/spdxTemplates,0,2,,0,,,,0,0,2013-04-17T18:54:03Z,4046,18
CycloneDx,Official,docker/docker-sbom-cli-plugin,144,14,,9,4,,,10,18,2022-01-31T17:49:31Z,835,28
CycloneDx,Github,doddi/cyclonedx-rust,1,1,,1,3,,,0,6,2021-03-06T22:12:34Z,1166,24
CycloneDx,Official,doddi/cyclonedx-rust,1,1,,1,3,,,0,6,2021-03-06T22:12:34Z,1166,24
SPDX,Github,domcleal/spdx-licenses,14,3,,1,4,,,1,4,2014-12-09T10:25:28Z,3445,17
SPDX,Github,DoSOCSv2/DoSOCSv2,15,9,,3,10,,,6,59,2015-05-28T18:44:08Z,3275,682
SPDX,Github,doubleopen-project/do-convert,0,2,,0,,,,0,0,2022-05-03T12:56:39Z,743,13
SPDX,Github,doubleopen-project/example-spdx-analysis,N/A,N/A,,N/A,,,,N/A,N/A,N/A,N/A,N/A
SPDX,Github,doubleopen-project/spdx-expression,0,2,,0,,,,1,6,2022-02-02T09:35:13Z,833,40
SPDX,Github,doubleopen-project/spdx-rs,6,3,,5,4,,,0,23,2021-07-13T10:49:57Z,1037,93
SPDX,Github,doubleopen-project/spdx-toolkit,0,3,,3,2,,,0,4,2021-10-21T19:17:16Z,937,18
SPDX,Github,dpasch01/spdx-compat-tools,1,2,,0,,,,0,0,2015-06-12T06:33:45Z,3260,12
SPDX,Github,dpasch01/spdx-compat-tools-webapp,1,1,,0,,,,0,0,2016-09-17T12:16:05Z,2797,2
SPDX,Github,DrSensor/granular-licensing-example,3,3,,0,,,,0,0,2021-02-21T02:34:33Z,1180,47
SPDX,Github,DST-QA/pytest-Java-build-failure,0,1,,0,,,,0,0,2021-09-18T22:22:39Z,970,1
SPDX,Github,ec-europa/spdx,0,16,,6,3,,,1,13,2019-03-13T09:26:56Z,1890,59
SPDX,Official,eclipse/sw360,114,25,,26,37,,,39,1101,2018-04-16T15:54:19Z,2221,2096
SPDX,Github,ehuss/license-exprs,19,8,,1,12,,,0,23,2015-06-30T03:59:55Z,3243,49
SPDX,Github,Eideticom/workflow-license-check,4,4,,0,,,,0,12,2022-06-15T20:30:31Z,700,46
SPDX,Github,ekongobie/spdx_id_doc_gen,4,1,,0,,,,0,0,2019-06-07T08:44:08Z,1804,18
SPDX,Github,ekongobie/spdx-npm-build-tool,1,2,,0,,,,4,0,2020-07-31T15:53:02Z,1384,4
SPDX,Github,ekongobie/spdx-py-build-tool,1,3,,1,,,,2,1,2020-06-05T10:56:02Z,1440,7
CycloneDx,Official,elear/apt2sbom,22,4,,0,,,,0,0,2021-12-08T18:53:37Z,889,50
SPDX,Github,ElvisPresleyCoin/Contract-of-ELVIS,0,0,,0,,,,0,0,2022-07-22T14:21:29Z,663,1
SPDX,Github,EmbarkStudios/cargo-about,488,5,,26,16,,,0,176,2019-11-01T08:38:11Z,1657,181
SPDX,Github,EmbarkStudios/spdx,33,6,,28,15,,,0,57,2019-09-02T15:30:42Z,1717,93
SPDX,Github,emem365/spdx_parser,0,2,,0,,,,0,0,2021-03-18T19:16:00Z,1154,2
SPDX,Github,emzeat/mz-lictools,0,2,,0,,,,0,22,2013-06-17T08:46:46Z,3985,173
SPDX,Github,enarx/spdx,1,6,,0,3,,,1,16,2020-08-19T19:01:35Z,1365,24
CycloneDx,Github,equisoft-actions/golang-sbom,0,2,,10,2,,,1,15,2022-02-23T21:06:38Z,812,25
SPDX,Github,espressif/check-copyright,8,8,,4,6,,,0,11,2022-06-16T07:52:13Z,699,33
SPDX,Github,etrexel/spdx-verifier-go,0,2,,0,,,,0,0,2021-12-16T01:55:37Z,882,1
SPDX,Github,euantorano/spdx_licenses.nim,1,2,,0,,,,0,0,2018-07-25T15:57:56Z,2121,8
SPDX,Github,evenorog/license,8,2,,0,2,,,0,2,2019-10-26T21:32:44Z,1663,124
SPDX,Github,extenda/spdx-maven-plugin,0,4,,0,,,,1,1,2013-11-02T09:58:03Z,3847,4
SPDX,Github,Fabien-Chouteau/spdx_ada,0,2,,2,,,,0,3,2020-10-22T13:50:20Z,1301,12
SPDX,Github,fegcashcommunity/fegcashcontract,1,1,,0,,,,0,0,2021-07-27T18:08:06Z,1023,3
CycloneDx,Github,feliceg77/bom-scala-maven,1,1,,0,,,,0,0,2021-08-24T13:37:06Z,995,5
CycloneDx,Github,FiniteStateInc/cyclonedx-property-taxonomy,2,17,,0,,,,0,1,2022-06-03T14:47:05Z,712,7
CycloneDx,Github,flexera-public/sca-codeinsight-reports-cyclonedx,2,3,,0,,,,2,1,2022-06-13T14:46:32Z,702,52
CycloneDx,Official,flexera-public/sca-codeinsight-reports-cyclonedx,2,3,,0,,,,2,1,2022-06-13T14:46:32Z,702,52
SPDX,Github,flexera-public/sca-codeinsight-reports-spdx,2,3,,0,2,,,2,3,2020-10-20T22:43:46Z,1303,200
CycloneDx,Github,fortify-ps/fortify-ssc-parser-cyclonedx,1,4,,5,,,,0,6,2022-05-03T14:50:21Z,743,52
CycloneDx,Official,fortify-ps/fortify-ssc-parser-cyclonedx,1,4,,5,,,,0,6,2022-05-03T14:50:21Z,743,52
SPDX,Github,Fosslim/fosslim,4,4,,0,,,,0,1,2017-08-08T09:51:20Z,2472,30
SPDX,Github,Fosslim/license_matcher,2,2,,0,,,,1,0,2017-09-13T13:05:05Z,2436,19
SPDX,Github,freight-trust/legal,0,2,,4,,,,0,2,2020-06-20T17:05:40Z,1425,60
SPDX,Github,freight-trust/spdx-asc-x12,0,2,,0,,,,0,0,2020-09-22T22:44:54Z,1331,6
SPDX,Github,fsfe/reuse-tool,351,21,,10,59,,,19,446,2019-04-12T10:46:18Z,1860,2190
SPDX,Official,fsfe/reuse-tool,351,21,,10,59,,,19,446,2019-04-12T10:46:18Z,1860,2190
SPDX,Github,Gal-Doron/spdx_tools-0.7.0a3_ws-py3-none-any,1,1,,0,,,,1,1,2021-11-28T11:14:07Z,899,2
CycloneDx,Github,geirem/bom-tracker,1,1,,1,,,,0,0,2020-02-26T09:26:35Z,1540,23
CycloneDx,Github,georgearnall/yarn-workspaces-example,1,2,,0,,,,1,0,2020-10-02T13:01:32Z,1321,3
SPDX,Github,gkapi/SPDXCompatTools,3,2,,0,,,,0,0,2014-01-17T13:15:04Z,3771,8
SPDX,Github,GMishx/spdx-test-data,0,1,,0,,,,0,0,2019-07-08T12:50:12Z,1773,2
SPDX,Github,goneall/Spdx-Java-Xml-Store,0,1,,0,,,,0,0,2020-05-27T16:46:27Z,1449,1
SPDX,Github,goneall/spdx-use-cases,0,1,,0,2,,,0,1,2021-09-21T18:05:05Z,967,5
CycloneDx,Github,goneall/spdxcyclone,25,5,,6,2,,,0,24,2021-07-15T20:12:13Z,1035,85
CycloneDx,Official,goneall/spdxcyclone,25,5,,6,2,,,0,24,2021-07-15T20:12:13Z,1035,85
SPDX,Github,goneall/spdxcyclone,25,5,,6,2,,,0,24,2021-07-15T20:12:13Z,1035,85
SPDX,Github,goneall/SpdxEclipsePlugin,0,2,,0,,,,0,0,2015-03-18T05:10:06Z,3346,2
CycloneDx,Official,google/ko,7277,45,,32,62,,,14,917,2019-03-21T19:24:01Z,1882,989
SPDX,Github,gs146/software_package_data_exchange_list-SPDX-_scraping,0,2,,0,,,,0,0,2019-09-04T12:04:44Z,1715,4
SPDX,Github,hangal2001/SPDXHub,0,2,,0,,,,0,0,2015-02-09T23:12:46Z,3383,41
SPDX,Github,HansHammel/license-compatibility-checker,91,3,,0,2,,,2,4,2017-01-04T23:21:57Z,2688,95
CycloneDx,Github,hanstdam/cdx-bower-bom,0,1,,1,,,,0,1,2020-02-03T14:44:29Z,1563,13
SPDX,Github,hastagAB/SPDX-OSS-Dataset,0,2,,0,,,,1,0,2020-04-02T17:00:31Z,1504,3
SPDX,Github,hattya/license.vim,2,3,,0,,,,0,0,2016-05-18T14:32:29Z,2919,80
SPDX,Github,heliocastro/ortsample,0,1,,0,,,,0,0,2021-03-30T06:07:10Z,1142,1
SPDX,Github,hen/spdx-cheat-sheet,4,1,,0,3,,,0,2,2019-05-11T17:10:01Z,1831,20
SPDX,Github,hernanmd/license-selector,3,3,,0,2,,,0,1,2021-08-26T07:22:40Z,993,13
SPDX,Github,hesa/spdx-validator,1,2,,0,,,,0,18,2021-09-12T19:11:58Z,976,157
SPDX,Github,hfukuchi/SPDX_specification,4,2,,0,,,,0,5,2018-07-18T01:48:48Z,2129,110
SPDX,Github,hixio-mh/apis.google.com-js-api.js,1,1,,0,,,,0,0,2021-05-10T06:34:17Z,1101,1
SPDX,Github,hoijui/SPDX-identifiers,1,2,,0,,,,0,0,2021-10-22T08:03:26Z,936,23
SPDX,Github,hoijui/SPDX-identifiers-generator,0,2,,0,,,,0,0,2021-10-22T20:00:20Z,936,6
SPDX,Github,howderek/get-license,0,1,,0,,,,0,0,2017-06-09T17:28:51Z,2532,5
SPDX,Official,hyperledger-labs/SParts,12,10,,0,5,,,1,73,2018-03-12T21:51:02Z,2256,96
CycloneDx,Official,IBM/gauge,11,6,,0,3,,,0,12,2022-04-19T19:25:33Z,757,37
SPDX,Github,Inconnu08/multi-spdx-license-parser,0,2,,0,,,,0,0,2021-12-03T19:09:53Z,894,1
SPDX,Github,ItsNickBarry/hardhat-spdx-license-identifier,16,3,,0,4,,,1,22,2020-05-18T01:30:46Z,1459,76
SPDX,Github,JackTien/bd_export_spdx2.2,0,1,,0,4,,,0,0,2022-06-20T01:22:45Z,696,87
CycloneDx,Official,javixeneize/yasca,13,1,,4,,,,1,18,2022-04-24T17:08:41Z,752,116
SPDX,Github,jdelapla/GraphGenerator,0,1,,0,,,,0,0,2015-09-17T15:59:56Z,3163,18
SPDX,Github,jeremiah/spdxl,1,2,,0,,,,0,0,2015-08-20T21:35:27Z,3191,82
SPDX,Github,JeroenKnoops/test-spdx-action,1,3,,0,,,,3,0,2021-01-22T08:49:25Z,1209,22
SPDX,Github,jfontan/nonSpdx,0,2,,0,,,,0,0,2020-02-05T13:59:36Z,1561,1
CycloneDx,Official,jfrog/build-info-go,59,8,,63,12,,,5,218,2021-10-20T14:06:09Z,938,306
SPDX,Github,joerter/spdx-dashboard,0,4,,1,3,,,0,0,2014-01-29T20:00:23Z,3759,143
SPDX,Github,johannes-klein/spdx-eclipse-editor-plugin,1,0,,0,,,,0,0,2012-11-12T14:56:37Z,4202,15
SPDX,Github,johnjamesmccann/xerces-3.2.3-DTD-hotfix,0,1,,0,,,,0,0,2022-01-20T13:43:38Z,846,2
SPDX,Github,jonathanstowe/License-SPDX,0,2,,2,,,,0,1,2019-02-20T12:17:56Z,1911,38
SPDX,Github,joshdk/licensor,4,2,,1,,,,1,13,2017-12-03T06:03:05Z,2355,36
SPDX,Github,jslicense/npm-license-corrections.json,1,3,,0,4,,,0,10,2019-02-15T22:38:42Z,1916,69
SPDX,Github,jslicense/spdx-compare.js,3,2,,0,,,,1,1,2015-07-18T20:32:46Z,3224,21
SPDX,Github,jslicense/spdx-copyleft.json,4,2,,0,,,,0,0,2016-01-13T07:34:27Z,3045,12
SPDX,Github,jslicense/spdx-correct.js,31,4,,0,6,,,1,28,2015-04-29T20:40:33Z,3304,119
SPDX,Github,jslicense/spdx-exceptions.json,13,4,,0,2,,,1,5,2015-08-01T23:26:32Z,3210,44
SPDX,Github,jslicense/spdx-expression-parse.js,42,10,,0,5,,,4,15,2015-08-02T03:12:19Z,3210,169
SPDX,Github,jslicense/spdx-expression-validate.js,0,2,,0,2,,,0,0,2015-08-02T03:51:15Z,3209,86
SPDX,Github,jslicense/spdx-is-osi.js,0,2,,0,,,,0,1,2015-12-27T01:22:56Z,3063,22
SPDX,Github,jslicense/spdx-license-identifiers.json,2,2,,0,,,,0,0,2020-08-31T18:15:49Z,1353,12
SPDX,Github,jslicense/spdx-license-ids,31,4,,4,3,,,0,22,2014-10-31T04:06:09Z,3485,128
SPDX,Github,jslicense/spdx-osi.json,1,2,,0,2,,,0,0,2015-12-27T00:45:06Z,3063,68
SPDX,Github,jslicense/spdx-ranges.js,0,2,,0,,,,0,1,2015-08-01T23:52:35Z,3210,20
SPDX,Github,jslicense/spdx-satisfies.js,11,3,,0,4,,,2,9,2015-07-18T20:34:32Z,3224,66
SPDX,Github,jslicense/spdx-to-html.js,3,2,,0,2,,,0,2,2015-05-22T06:35:19Z,3281,48
SPDX,Github,jslicense/spdx-whitelisted.js,0,2,,0,3,,,0,0,2019-03-28T03:51:02Z,1875,47
SPDX,Github,jsvcycling/fetchalicense,0,3,,0,,,,0,0,2022-07-13T01:15:44Z,673,4
SPDX,Github,jthomp24/ProductHistoryUtility,0,2,,0,,,,0,0,2014-03-22T02:42:47Z,3707,75
SPDX,Github,juancarlospaco/parselicense,4,4,,0,,,,0,0,2020-04-08T11:26:20Z,1498,14
CycloneDx,Github,kakumara/cyclonedx-maven-plugin-test,0,1,,0,,,,0,0,2021-11-24T10:03:37Z,903,4
SPDX,Github,kariu87/test,0,1,,0,,,,0,0,2022-02-03T17:07:28Z,832,1
CycloneDx,Github,karolswdev/cyclonedx-0-9-1-bug,0,2,,0,,,,0,0,2020-02-10T20:33:19Z,1556,1
SPDX,Github,Kazzira/SPDX-Git-Test-Repo,0,2,,0,,,,0,0,2015-03-17T23:21:27Z,3347,12
SPDX,Github,KDE/licensedigger,4,4,,0,13,,,0,0,2020-06-20T07:59:29Z,1425,252
SPDX,Github,KeKo6988/K3k0,0,1,,0,,,,0,0,2021-05-06T00:25:39Z,1106,1
SPDX,Github,kemitchell/spdx.js,51,8,,0,3,,,0,7,2015-04-24T08:49:37Z,3309,81
SPDX,Github,kemitchell/spdx.kemitchell.com,0,3,,0,,,,0,0,2019-03-23T16:25:35Z,1880,5
SPDX,Github,keszybz/repo-license-summary,0,3,,0,,,,0,0,2021-01-28T09:19:28Z,1203,15
SPDX,Github,kit-ty-kate/spdx_licenses,6,3,,3,,,,0,0,2021-07-23T18:52:37Z,1027,34
SPDX,Github,kohldampfer/spdx-test,0,2,,0,,,,0,0,2018-10-01T12:27:36Z,2053,3
SPDX,Github,koizumistr/SPDX2Lite,1,2,,3,,,,0,0,2022-02-19T05:06:53Z,816,10
SPDX,Github,krysnuvadga/license-coverage-grader,0,2,,0,,,,0,10,2017-06-07T17:25:06Z,2534,91
SPDX,Github,krysnuvadga/wp-spdx-spec,0,2,,0,,,,0,0,2019-05-10T23:34:43Z,1832,13
SPDX,Github,kshitij5/spdx-license-fetcher,0,1,,0,,,,0,0,2021-04-10T19:57:00Z,1131,6
CycloneDx,Github,kube-tarian/fixer,0,1,,0,3,,,1,1,2022-07-26T06:29:23Z,659,12
SPDX,Github,kube-tarian/fixer,0,1,,0,3,,,1,1,2022-07-26T06:29:23Z,659,12
SPDX,Github,kubernetes-sigs/bom,304,11,,10,23,,,1,363,2021-11-19T13:06:36Z,908,1049
SPDX,Github,KY-Programming/license-to-json,0,1,,3,,,,0,0,2022-01-07T10:36:26Z,859,4
SPDX,Github,kyoh86/go-spdx,4,4,,0,3,,,0,3,2017-05-21T09:09:17Z,2551,51
CycloneDx,Official,kyverno/kyverno,5179,46,,214,141,,,70,6611,2019-02-04T16:25:48Z,1927,7278
SPDX,Github,L1malucas/AutoHeaderSPDX,0,1,,0,,,,0,0,2021-01-30T15:55:23Z,1201,1
SPDX,Github,lfpratik/spdx-conda-demo,0,2,,0,,,,0,0,2021-05-27T10:20:09Z,1084,2
SPDX,Github,lfpratik/spdx-gen-demo,0,2,,0,,,,0,0,2021-05-27T10:19:37Z,1084,2
SPDX,Github,lfpratik/spdx-pipenv-demo,0,2,,0,,,,3,0,2021-05-27T10:10:11Z,1084,13
SPDX,Github,lfpratik/spdx-poetry-demo,0,2,,0,2,,,0,1,2021-05-27T10:11:06Z,1084,19
SPDX,Github,lfpratik/spdx-venv-demo,0,2,,0,,,,0,0,2021-05-27T10:15:18Z,1084,16
SPDX,Github,lfscanning/spdx-acumos,0,1,,0,,,,0,0,2019-12-16T16:25:25Z,1612,359
SPDX,Github,lfscanning/spdx-aswf,0,1,,0,2,,,0,0,2020-01-09T19:47:50Z,1588,81
SPDX,Github,lfscanning/spdx-ccc,0,1,,0,,,,0,0,2020-10-07T16:06:08Z,1316,7
SPDX,Github,lfscanning/spdx-cncf,0,1,,0,,,,0,0,2019-12-09T19:33:45Z,1619,56
SPDX,Github,lfscanning/spdx-dent,0,1,,0,2,,,0,0,2021-09-28T14:16:26Z,960,5
SPDX,Github,lfscanning/spdx-hyperledger,0,1,,0,2,,,0,0,2019-12-10T16:09:10Z,1618,186
SPDX,Github,lfscanning/spdx-lfai,0,2,,0,2,,,0,0,2020-01-10T18:38:25Z,1587,187
SPDX,Github,lfscanning/spdx-lfenergy,2,1,,0,2,,,0,0,2021-01-28T15:57:03Z,1203,115
SPDX,Github,lfscanning/spdx-o-ran,0,1,,0,2,,,0,0,2020-05-22T15:45:24Z,1454,143
SPDX,Github,lfscanning/spdx-odim,0,1,,0,,,,0,0,2020-10-08T19:52:22Z,1315,2
SPDX,Github,lfscanning/spdx-odpi,0,2,,0,,,,0,0,2020-01-23T17:52:19Z,1574,4
SPDX,Github,lfscanning/spdx-omp,1,1,,0,,,,0,0,2020-01-31T19:16:16Z,1566,78
SPDX,Github,lfscanning/spdx-onap,0,1,,0,2,,,0,0,2019-12-06T17:01:22Z,1622,901
SPDX,Github,lfscanning/spdx-TEST-SPDX,0,2,,0,,,,0,0,2021-11-04T20:55:36Z,923,2
SPDX,Github,lfscanning/spdx-TEST-ZLIB,0,2,,0,,,,0,0,2021-11-13T02:07:27Z,915,2
SPDX,Github,lfscanning/spdx-xgvela,0,1,,0,,,,0,0,2021-01-12T16:52:10Z,1219,3
SPDX,Github,lfscanning/spdx-zowe,0,1,,0,,,,0,0,2020-04-27T17:02:05Z,1479,2
SPDX,Github,librariesio/license-compatibility,34,7,,0,4,,,0,7,2015-11-25T21:54:43Z,3094,75
SPDX,Github,librariesio/spdx,35,5,,7,8,,,0,39,2015-02-05T22:09:43Z,3387,167
SPDX,Github,linterhub/schema,2,4,,10,2,,,1,101,2018-06-13T20:10:00Z,2163,91
SPDX,Github,linux-mailinglist-archives/linux-spdx.vger.kernel.org.0,0,2,,0,76,,,0,0,2019-11-14T13:22:21Z,1644,903
SPDX,Github,lkoskela/license-expressions,5,1,,0,2,,,4,154,2021-11-23T06:49:41Z,904,201
SPDX,Github,lokeshjoshi01/Simple-Storage-Solidiy,N/A,N/A,,N/A,,,,N/A,N/A,N/A,N/A,N/A
SPDX,Github,lokeshjoshi01/Smart-Contract-Lottery-Solidity,0,1,,0,,,,0,0,2022-02-10T05:36:58Z,825,3
CycloneDx,Github,maciejwalkowiak/cyclonedx-spring-boot-sample,0,2,,0,,,,0,0,2022-07-25T12:05:06Z,660,3
CycloneDx,Github,madpah/vexy,17,3,,5,2,,,0,7,2022-07-04T14:37:59Z,681,71
CycloneDx,Official,madpah/vexy,17,3,,5,2,,,0,7,2022-07-04T14:37:59Z,681,71
CycloneDx,Github,magnusp/cyclonedx-aggregator-issue,0,2,,0,,,,0,0,2021-07-15T08:39:35Z,1035,4
SPDX,Github,manifoldfinance/legal,0,3,,2,,,,0,0,2021-03-08T08:52:26Z,1164,46
CycloneDx,Github,MartinStengard/rust-sbom-windows,2,3,,0,,,,0,0,2022-02-28T10:34:33Z,807,10
SPDX,Github,masami256/meta-spdxscanner,0,3,,0,,,,0,0,2021-08-20T07:55:44Z,999,17
CycloneDx,Github,mattermost/gobom,2,27,,0,3,,,6,10,2021-02-26T10:43:09Z,1174,54
CycloneDx,Official,mattermost/gobom,2,27,,0,3,,,6,10,2021-02-26T10:43:09Z,1174,54
SPDX,Github,matthewb66/bd_export_spdx2.2,4,3,,0,,,,0,2,2020-09-29T08:36:30Z,1324,25
SPDX,Github,matthewkmayer/spdx-go-repro,0,2,,0,,,,0,0,2021-02-24T19:43:46Z,1176,2
CycloneDx,Github,mattt/CycloneDX,4,1,,0,,,,0,0,2021-07-12T18:12:29Z,1038,1
CycloneDx,Github,mattt/swift-package-sbom,23,3,,0,,,,0,0,2021-07-15T20:37:32Z,1035,8
CycloneDx,Official,mattt/swift-package-sbom,23,3,,0,,,,0,0,2021-07-15T20:37:32Z,1035,8
SPDX,Github,maxhbr/spdx-tools-hs,0,4,,0,,,,0,0,2021-09-01T06:23:33Z,987,39
CycloneDx,Official,medavis-gmbh/LicenseComplianceTool,3,1,,0,,,,0,19,2022-07-27T06:36:52Z,658,35
SPDX,Github,merobi-hub/license-updater,0,1,,0,,,,0,0,2022-02-02T20:41:43Z,833,11
SPDX,Github,Micheal66/cotract-X-Wallet,2,1,,0,,,,0,0,2021-09-16T17:58:29Z,972,2
CycloneDx,Github,microdoc/cyclonedx-examples,0,1,,0,,,,0,0,2020-11-10T21:21:50Z,1282,4
SPDX,Github,microsoft/sbom-tool,1461,23,,55,9,,,16,350,2022-06-01T16:58:49Z,714,244
SPDX,Github,microsoft/spdx-simplify,9,10,,0,,,,1,1,2016-05-25T05:41:31Z,2912,3
SPDX,Github,micziz/Licenses-In-All-Languages,N/A,N/A,,N/A,,,,N/A,N/A,N/A,N/A,N/A
SPDX,Github,mil-oss/spdx-xsd,7,10,,0,2,,,0,2,2018-05-30T03:35:15Z,2178,122
SPDX,Github,mitchellh/go-spdx,23,4,,0,,,,0,0,2018-11-17T19:49:09Z,2006,5
SPDX,Github,mk-pmb/spdx-license-exceptions-js,0,2,,0,,,,0,0,2016-09-27T19:58:30Z,2787,2
SPDX,Github,mk-pmb/spdx-license-urls-js,0,3,,0,,,,0,0,2016-09-27T16:27:32Z,2787,3
SPDX,Github,mmurto/spdx-typescript,1,1,,0,,,,6,1,2020-04-20T19:41:32Z,1486,26
SPDX,Github,morficus/license-ls,19,2,,0,5,,,7,18,2019-06-22T17:48:37Z,1789,65
SPDX,Github,moritzruth/license-chooser,0,1,,0,2,,,5,32,2021-04-15T14:27:19Z,1126,49
SPDX,Github,moritzruth/spdx-license-data,0,1,,0,,,,0,0,2021-04-12T11:19:01Z,1129,27
CycloneDx,Github,mostafa/practical-cscrm,5,2,,0,,,,0,0,2022-06-01T12:30:55Z,714,12
SPDX,Github,MrUnfunny/spdx_printer,0,1,,0,,,,0,0,2021-03-23T03:55:11Z,1149,1
SPDX,Github,msmeissn/rpm-list-to-sbom,2,1,,0,,,,0,1,2022-07-25T11:43:46Z,660,9
SPDX,Github,mspiegel/spdx,0,3,,0,,,,0,0,2016-05-02T17:42:51Z,2935,8
SPDX,Github,mvo5/spdx-license-validator,0,3,,0,,,,0,0,2017-07-27T12:10:04Z,2484,4
SPDX,Github,myndzi/spdx-license-matcher,0,3,,0,,,,0,0,2015-07-15T14:15:37Z,3227,3
SPDX,Github,ndip007/spdx-build-tool,0,2,,0,,,,0,0,2018-05-18T18:41:20Z,2189,37
SPDX,Github,ndip007/spdx-tools-js,0,2,,0,,,,7,1,2019-06-04T15:16:47Z,1807,28
SPDX,Github,nektro/zig-detect-license,0,4,,0,2,,,0,1,2021-07-28T07:05:50Z,1022,12
SPDX,Github,nektro/zig-licenses,1,3,,0,,,,0,0,2021-02-15T01:59:38Z,1186,32
SPDX,Github,nektro/zig-licenses-text,1,3,,0,,,,0,0,2021-07-27T09:19:13Z,1023,9
SPDX,Github,nexB/license-expression,53,14,,5,14,,,1,43,2016-08-23T17:39:00Z,2822,611
SPDX,Github,nexB/scancode-toolkit,1991,73,,71,298,,,24,1220,2015-07-01T13:43:06Z,3241,11071
CycloneDx,Official,nexB/scancode-toolkit,1991,73,,71,298,,,24,1220,2015-07-01T13:43:06Z,3241,11071
SPDX,Official,nexB/scancode-toolkit,1991,73,,71,298,,,24,1220,2015-07-01T13:43:06Z,3241,11071
SPDX,Github,nexB/spdx-license-namespaces-registry,0,5,,0,,,,0,1,2019-03-06T18:41:02Z,1897,3
SPDX,Github,nexB/spdx-licenses,1,10,,0,3,,,0,0,2015-10-01T16:36:57Z,3149,48
SPDX,Github,nhoyas88/https-spdx.org-licenses-WTFPL.html,0,1,,0,,,,0,1,2020-04-29T01:50:54Z,1478,4
CycloneDx,Github,nicexgk/cyclonedx,0,2,,0,9,,,7,48,2021-05-28T13:06:28Z,1083,273
CycloneDx,Github,nil-labs/cdx-helm-tools,N/A,N/A,,N/A,,,,N/A,N/A,N/A,N/A,N/A
SPDX,Github,nim-nix-pkgs/spdx_licenses,0,1,,0,,,,0,0,2022-03-12T18:22:18Z,795,61
CycloneDx,Github,ninoseki/pycomponents,4,3,,0,,,,1,15,2022-04-23T02:02:32Z,754,55
SPDX,Github,niravpatel27/gh-action-spdx-sbom-generator,0,2,,1,,,,0,0,2021-06-07T21:21:22Z,1073,6
SPDX,Github,nishakm/spdx-data-model,0,2,,0,,,,0,0,2020-12-08T14:28:07Z,1254,1
SPDX,Github,nodef/extra-license,0,3,,0,2,,,0,0,2018-09-07T13:39:15Z,2077,35
SPDX,Github,nodepy/spdx-licenses,0,2,,0,,,,0,0,2017-05-16T21:36:35Z,2556,4
SPDX,Github,NodeSecure/licenses-conformance,1,1,,4,3,,,3,66,2021-08-30T20:47:45Z,989,73
SPDX,Github,noelmace/ngu-repro-spdx,N/A,N/A,,N/A,,,,N/A,N/A,N/A,N/A,N/A
SPDX,Github,noi-techpark/solda-debian2spdx-standalone,0,2,,0,,,,0,2,2021-07-02T08:36:11Z,1048,1
CycloneDx,Official,nyph-infosec/daggerboard,94,12,,4,4,,,1,9,2022-06-01T21:38:08Z,714,55
SPDX,Github,ok2it/spdxl,0,1,,0,,,,0,0,2018-01-05T06:10:50Z,2322,2
SPDX,Github,OPEN-NEXT/LOSH-Licenses,0,8,,0,2,,,0,0,2021-10-05T13:23:32Z,953,11
SPDX,Github,openlogic/spdx-spec,4,1,,0,,,,0,0,2010-09-24T19:44:36Z,4982,56
CycloneDx,Official,openrewrite/rewrite,1907,21,,252,49,,,36,1781,2020-05-12T20:16:14Z,1464,6356
SPDX,Github,opensbom-generator/spdx-sbom-generator,374,20,,15,25,,,12,114,2021-05-19T19:35:04Z,1092,388
SPDX,Github,opensource-jp/licenses,58,3,,1,,,,4,7,2020-07-29T14:01:37Z,1386,172
SPDX,Github,opossum-tool/OpossumUI,54,2,,96,15,,,1,2292,2021-09-21T14:45:15Z,967,4693
SPDX,Github,osism/sbom,2,1,,0,,,,4,75,2022-03-16T12:04:53Z,791,87
SPDX,Official,oss-review-toolkit/ort,1485,41,,38,54,,,34,7357,2017-10-19T11:59:49Z,2400,15469
SPDX,Github,oss-review-toolkit/ort,1485,41,,38,54,,,34,7357,2017-10-19T11:59:49Z,2400,15469
CycloneDx,Github,OWASP/www-project-cyclonedx,4,8,,0,3,,,0,0,2021-06-04T16:22:34Z,1076,41
CycloneDx,Github,ozonru/cyclonedx-go,20,9,,1,,,,0,3,2020-01-30T07:29:09Z,1567,18
CycloneDx,Official,ozonru/cyclonedx-go,20,9,,1,,,,0,3,2020-01-30T07:29:09Z,1567,18
CycloneDx,Official,ozonru/dtrack-audit,47,12,,1,,,,2,4,2019-10-11T09:30:02Z,1678,50
CycloneDx,Github,pasientskyhosting/cdxgen,0,4,,0,,,,3,1,2022-06-20T10:03:48Z,695,4
SPDX,Github,patriksvensson/spdx,13,3,,0,,,,0,6,2021-11-20T16:55:43Z,907,31
CycloneDx,Github,PaulMorel1/makebom,1,2,,0,,,,0,0,2022-04-19T17:34:08Z,757,1
CycloneDx,Github,PaulMorel1/viewbom,1,2,,0,,,,0,0,2022-04-19T00:35:05Z,758,15
SPDX,Github,pezra/pretty-printer,1,1,,0,2,,,0,0,2011-03-30T15:21:38Z,4795,17
SPDX,Github,pfefferle/dash-spdx-licenses,4,3,,5,,,,0,0,2015-10-06T20:59:19Z,3144,7
SPDX,Github,phadej/spdx,5,4,,0,2,,,1,24,2015-06-05T10:25:28Z,3267,77
SPDX,Github,philips-software/spdx-action,14,2,,18,4,,,0,26,2021-01-22T08:32:01Z,1209,100
SPDX,Github,philips-software/spdx-builder,12,2,,18,5,,,6,273,2020-07-16T06:14:32Z,1399,673
SPDX,Github,phzfi/spdx-license-checker,0,5,,0,,,,0,0,2017-04-08T22:54:15Z,2594,2
SPDX,Github,pld-linux/php-composer-spdx-licenses,0,3,,0,,,,0,0,2015-11-25T16:50:11Z,3094,6
SPDX,Github,pmonks/tools-licenses,6,2,,0,,,,0,45,2021-10-25T20:13:16Z,933,230
SPDX,Github,pombredanne/Database-SPDX2.0,0,1,,0,,,,0,0,2015-04-13T18:31:09Z,3320,6
SPDX,Github,pombredanne/Do_SPDX,0,2,,0,,,,0,0,2014-07-18T17:07:31Z,3589,28076
SPDX,Github,pombredanne/DoSPDX,0,1,,0,,,,0,0,2014-06-17T23:17:32Z,3620,17
SPDX,Github,pombredanne/pub-oss,0,2,,0,,,,0,0,2014-07-18T17:14:29Z,3589,16
SPDX,Github,pombredanne/scancode-non-spdx-licenses,0,1,,0,,,,0,0,2017-08-01T18:00:08Z,2479,2
SPDX,Github,pombredanne/spdx-dashboard,0,1,,0,7,,,0,1,2013-02-20T03:21:58Z,4103,116
SPDX,Github,pombredanne/spdx-pypi-pep-old,0,3,,0,63,,,0,0,2017-02-20T15:02:16Z,2641,6773
SPDX,Github,pombredanne/SPDX2.0-Dashboard-UnderConstruction,0,1,,0,,,,0,0,2015-04-13T18:31:26Z,3320,60
SPDX,Github,pombredanne/SPDXDash,0,1,,0,,,,0,0,2014-07-18T17:09:20Z,3589,5
SPDX,Github,pombredanne/yocto-spdx,0,2,,0,,,,0,0,2015-04-13T21:12:08Z,3320,221
SPDX,Github,poscat0x04/spdx-license,0,3,,0,,,,0,0,2020-12-22T07:08:08Z,1240,6
SPDX,Github,predatorx7/spdx-license-cli,0,2,,0,,,,0,0,2020-03-15T16:37:59Z,1522,11
SPDX,Github,PrOF-kk/spdx-headers-vscode,0,1,,1,,,,0,0,2021-09-23T09:39:30Z,965,1
SPDX,Official,QMSTR/qmstr,31,1,,0,12,,,2,365,2018-01-19T09:50:33Z,2308,1219
SPDX,Github,QMSTR/qmstr-spdx-analyzer,0,5,,0,,,,0,0,2019-02-13T12:15:46Z,1918,1
CycloneDx,Official,Quobis/action-owasp-dependecy-track-check,31,6,,4,3,,,0,5,2021-05-15T17:32:57Z,1096,52
SPDX,Github,raftario/licensor,192,7,,5,3,,,12,73,2019-09-19T21:10:28Z,1700,98
SPDX,Github,ralexander-phi/which-license,2,3,,0,,,,1,8,2021-07-09T18:53:02Z,1041,41
SPDX,Github,ralphie79/spdx-docfest-2021-sept,3,1,,0,,,,0,0,2021-09-14T21:58:30Z,974,9
SPDX,Github,raratiru/django-quenv,2,1,,4,2,,,0,8,2019-05-06T18:27:46Z,1836,29
CycloneDx,Github,realshiremath/sbom,0,1,,0,,,,0,0,2021-11-05T18:20:26Z,922,1
SPDX,Github,realshiremath/sbom,0,1,,0,,,,0,0,2021-11-05T18:20:26Z,922,1
SPDX,Github,RedstormJones/SPDX_Eclipse_Plugin,2,5,,0,2,,,0,5,2015-01-21T22:22:45Z,3402,340
CycloneDx,Github,relizaio/rebom,4,2,,0,2,,,0,0,2022-01-12T11:15:44Z,854,174
CycloneDx,Github,remisbaima/license-checker-cyclonedx-maven-plugin,4,1,,7,3,,,6,155,2022-04-11T17:25:11Z,765,397
SPDX,Github,reversi-fun/license_doc_similality1,7,0,,0,2,,,10,0,2018-12-18T01:31:07Z,1975,71
CycloneDx,Github,ribbybibby/tally,N/A,N/A,,N/A,,,,N/A,N/A,N/A,N/A,N/A
SPDX,Github,RichiH/spdx_helper,0,3,,0,,,,0,0,2021-05-26T14:28:23Z,1085,2
SPDX,Github,RishabhBhatnagar/TestSPDXGoModule,0,2,,0,,,,0,0,2020-01-10T07:42:41Z,1587,2
SPDX,Github,rjb4standards/SBOMExamples,1,1,,0,,,,0,0,2021-08-19T16:14:14Z,1000,5
SPDX,Github,rofrol/spdx-completion,0,3,,0,,,,0,0,2016-01-19T14:51:29Z,3039,1
SPDX,Github,rohieb/spdx-license-match,5,5,,0,,,,0,0,2017-07-31T14:43:50Z,2480,29
SPDX,Github,rpavlik/khronos-dual-license-finder,0,3,,1,,,,0,0,2021-02-01T23:25:23Z,1199,9
SPDX,Github,rpavlik/spdx-to-dep5,3,3,,0,,,,1,2,2021-10-13T21:05:26Z,945,68
SPDX,Github,rutisan/XBN-Contrac,1,1,,0,,,,0,0,2021-03-13T00:08:24Z,1160,2
CycloneDx,Github,rvsoni/cyclonedx-maven-demo,0,1,,0,,,,0,0,2022-06-23T16:56:54Z,692,4
SPDX,Github,salewski/ads-spdx-header-defaults,0,2,,0,,,,0,0,2020-08-22T19:40:22Z,1362,10
SPDX,Github,sambacha/spdx-functional,0,3,,0,,,,0,0,2020-08-20T06:57:43Z,1364,4
SPDX,Github,sambacha/spdx-runner,1,3,,2,2,,,0,12,2020-07-31T08:49:30Z,1384,39
SPDX,Github,sambacha/use-UPL-not-MIT,1,2,,0,,,,0,0,2022-06-16T08:46:30Z,699,4
SPDX,Github,samcv/SPDX-Parser,1,3,,0,,,,0,0,2017-04-30T08:52:27Z,2572,3
CycloneDx,Github,sameer1046/CycloneDX-BOMReader,N/A,N/A,,N/A,,,,N/A,N/A,N/A,N/A,N/A
SPDX,Github,SamuraiAku/SPDX.jl,5,2,,11,,,,1,10,2021-09-13T16:37:30Z,975,243
SPDX,Github,SantiagoTorres/spdx-linking-mockups,1,3,,0,,,,0,0,2020-06-09T20:49:25Z,1436,16
SPDX,Github,sarathsdev/SPDX-license-detection-package,0,1,,0,,,,0,0,2021-04-11T15:45:22Z,1130,4
CycloneDx,Github,satyendra22/SBOM-generated-for-.net-project-via-cyclonedx,0,2,,0,,,,0,0,2021-10-26T14:20:43Z,932,6
SPDX,Github,savinos/SPDX-Tools,1,2,,0,,,,0,0,2012-01-20T10:32:18Z,4499,52
CycloneDx,Github,sbomtools/apk2sbom,3,1,,0,,,,0,0,2022-02-10T13:28:28Z,825,2
SPDX,Github,sbomtools/apk2sbom,3,1,,0,,,,0,0,2022-02-10T13:28:28Z,825,2
CycloneDx,Github,sbomtools/apt2sbom,22,4,,0,,,,0,0,2021-12-08T18:53:37Z,889,50
SPDX,Github,sbomtools/apt2sbom,22,4,,0,,,,0,0,2021-12-08T18:53:37Z,889,50
CycloneDx,Github,sbomtools/sbomtools,7,2,,0,,,,0,2,2022-01-28T06:10:19Z,838,39
SPDX,Github,sbomtools/sbomtools,7,2,,0,,,,0,2,2022-01-28T06:10:19Z,838,39
SPDX,Github,sclorg-distgit/nodejs-spdx,0,5,,0,,,,0,0,2016-01-25T18:08:07Z,3033,2
SPDX,Github,sclorg-distgit/nodejs-spdx-correct,0,5,,0,,,,0,0,2016-01-25T18:18:18Z,3033,2
SPDX,Github,sclorg-distgit/nodejs-spdx-exceptions,0,5,,0,,,,0,0,2016-01-25T18:18:45Z,3033,2
SPDX,Github,sclorg-distgit/nodejs-spdx-expression-parse,0,5,,0,,,,0,0,2016-01-25T18:25:11Z,3033,2
SPDX,Github,sclorg-distgit/nodejs-spdx-license-ids,0,5,,0,,,,0,0,2016-01-25T18:25:44Z,3033,2
CycloneDx,Github,sduquette-devolutions/CyclonedxDotnetRepro,0,1,,0,,,,0,0,2022-04-05T17:59:13Z,771,1
SPDX,Github,seabass-labrax/spdx-license-list-faqs,0,0,,0,,,,0,0,2021-04-19T10:03:09Z,1122,2
SPDX,Github,sean-clayton/licensor,5,2,,4,2,,,0,1,2020-10-02T22:51:58Z,1321,34
SPDX,Github,sebdeckers/talk-spdx,1,1,,0,,,,0,0,2015-10-21T05:14:20Z,3129,1
SPDX,Github,sekunho/cabal-check-fail,N/A,N/A,,0,,,,N/A,N/A,2022-01-31T08:16:04Z,N/A,N/A
SPDX,Github,senorprogrammer/spdx-racer,0,3,,0,,,,0,1,2021-05-05T22:25:16Z,1106,13
CycloneDx,Github,sepbit/wpbom,2,1,,0,,,,0,0,2021-12-21T00:50:51Z,877,16
CycloneDx,Github,sephiroth-j/node-dependency-track-upload,1,0,,0,,,,0,0,2020-01-22T20:34:52Z,1575,20
SPDX,Github,sergeysova/license.js,8,1,,3,,,,0,0,2016-06-10T15:08:57Z,2896,27
SPDX,Github,ShaigroRB/spdx-license-list-as-text,0,2,,0,,,,0,0,2019-09-25T10:03:00Z,1694,3
SPDX,Github,shinnn/get-spdx-license-ids,0,1,,0,2,,,0,1,2016-01-12T10:23:14Z,3046,22
SPDX,Github,shinnn/is-spdx-license-id.js,0,2,,0,,,,0,0,2014-10-31T06:48:35Z,3484,20
SPDX,Github,shinnn/spdx-license-id-set,0,1,,0,,,,0,0,2016-01-01T05:21:43Z,3057,4
SPDX,Github,shnitish/spdx-html,0,1,,0,,,,0,4,2019-08-03T12:53:43Z,1747,10
SPDX,Github,shnitish/spdx-pdf-html-template,0,0,,0,,,,0,15,2019-06-01T14:06:08Z,1810,42
CycloneDx,Github,siculo/sbt-bom,15,3,,2,,,,0,20,2019-03-19T13:58:11Z,1884,105
CycloneDx,Official,siculo/sbt-bom,15,3,,2,,,,0,20,2019-03-19T13:58:11Z,1884,105
SPDX,Github,siemens/spdx-licenselist,N/A,N/A,,N/A,2,,,N/A,N/A,N/A,N/A,N/A
SPDX,Github,sindresorhus/spdx-license-list,87,9,,12,9,,,0,11,2014-08-05T20:02:07Z,3571,63
SPDX,Github,skyzyx/spdx-licenses,0,3,,1,,,,0,0,2012-10-14T06:33:36Z,4231,7
SPDX,Github,snyk-tech-services/snyk2spdx,14,5,,18,4,,,2,44,2021-05-21T15:59:04Z,1090,92
CycloneDx,Official,sonatype-nexus-community/auditjs,220,13,,139,21,,,10,96,2015-09-01T06:16:45Z,3179,389
CycloneDx,Official,sonatype-nexus-community/chelsea,12,8,,0,10,,,3,28,2019-03-09T20:35:57Z,1894,127
CycloneDx,Github,sonatype-nexus-community/cyclonedx-sbom-examples,6,13,,0,3,,,0,1,2020-07-30T08:58:40Z,1385,29
CycloneDx,Github,sonatype-nexus-community/go-sona-types,3,8,,7,5,,,0,20,2020-05-22T19:15:57Z,1454,42
CycloneDx,Official,sonatype-nexus-community/go-sona-types,3,8,,7,5,,,0,20,2020-05-22T19:15:57Z,1454,42
CycloneDx,Official,sonatype-nexus-community/jake,102,8,,29,14,,,4,75,2019-10-10T20:05:24Z,1679,536
CycloneDx,Official,sonatype-nexus-community/nancy,545,20,,115,26,,,4,150,2019-01-31T21:30:35Z,1931,282
SPDX,Github,sp9skp/spdxl,4,3,,0,,,,2,0,2021-01-17T16:24:08Z,1214,95
SPDX,Github,spandx/spandx,3,1,,0,3,,,1,103,2019-11-23T00:28:25Z,1636,914
SPDX,Github,SPDX-CaseStudy/files,0,2,,0,2,,,0,1,2017-05-31T15:53:03Z,2541,14
SPDX,Github,SPDX-Git/SPDX-Git-Scanner,N/A,N/A,,N/A,3,,,N/A,N/A,N/A,N/A,N/A
SPDX,Github,spdx/ATTIC-airs,4,4,,0,,,,0,0,2015-03-23T22:43:18Z,3341,7
SPDX,Github,spdx/ATTIC-tools-go,6,6,,0,5,,,0,3,2015-03-23T21:55:34Z,3341,137
SPDX,Github,spdx/canonical-serialisation,2,7,,0,,,,0,4,2022-07-11T13:12:10Z,674,9
SPDX,Github,spdx/DOCS,1,8,,0,,,,0,0,2022-07-07T15:21:44Z,678,1
SPDX,Github,spdx/governance,14,6,,0,2,,,1,8,2021-08-25T13:57:00Z,994,18
SPDX,Github,spdx/license-coverage-grader,7,7,,0,4,,,1,16,2017-08-17T04:08:49Z,2464,135
SPDX,Github,spdx/license-list,42,14,,0,5,,,0,9,2015-03-23T22:40:32Z,3341,78
SPDX,Github,spdx/license-list-data,477,34,,22,2,,,0,23,2016-04-15T22:48:00Z,2952,630
SPDX,Github,spdx/license-list-XML,327,48,,22,61,,,4,1397,2016-03-24T21:15:07Z,2974,4346
SPDX,Github,spdx/license-test-generator,3,4,,0,2,,,0,0,2017-09-07T17:37:02Z,2442,4
SPDX,Github,spdx/meetings,22,11,,0,13,,,73,606,2020-06-04T16:17:09Z,1441,848
SPDX,Github,spdx/package-licenses-mapping,2,3,,0,,,,0,0,2019-09-25T13:31:51Z,1694,1
SPDX,Github,spdx/sbom-landscape,15,5,,0,3,,,3,21,2021-05-13T21:36:52Z,1098,20
SPDX,Github,spdx/schema-to-java,3,8,,0,3,,,1,7,2020-05-14T15:57:06Z,1462,95
SPDX,Github,spdx/spdx-3-model,61,20,,3,2,,,16,461,2021-10-17T22:37:45Z,941,647
SPDX,Github,spdx/spdx-adoption,3,5,,0,3,,,2,3,2019-05-08T20:33:20Z,1834,7
SPDX,Github,spdx/spdx-build-tool,11,6,,0,4,,,1,7,2018-08-13T18:21:03Z,2102,51
SPDX,Official,spdx/spdx-build-tool,11,6,,0,4,,,1,7,2018-08-13T18:21:03Z,2102,51
SPDX,Github,spdx/spdx-examples,108,11,,0,2,,,6,39,2020-07-17T22:49:19Z,1398,83
SPDX,Github,spdx/spdx-github,5,6,,0,3,,,0,10,2017-05-17T16:14:53Z,2555,168
SPDX,Github,spdx/spdx-java-jackson-store,3,3,,18,2,,,1,42,2020-01-17T23:36:22Z,1580,157
SPDX,Github,spdx/Spdx-Java-Library,30,6,,26,7,,,1,131,2019-06-07T18:15:28Z,1804,511
SPDX,Github,spdx/spdx-java-rdf-store,2,3,,18,2,,,1,41,2019-12-06T23:06:03Z,1622,163
SPDX,Github,spdx/spdx-java-spreadsheet-store,2,3,,14,2,,,0,22,2020-05-12T03:20:45Z,1465,89
SPDX,Github,spdx/spdx-java-tagvalue-store,2,3,,15,,,,1,34,2020-09-09T03:26:27Z,1345,118
SPDX,Github,spdx/spdx-license-diff,33,6,,29,3,,,2,86,2018-04-15T04:41:03Z,2223,373
SPDX,Github,spdx/spdx-license-matcher,25,4,,5,4,,,0,17,2019-06-20T21:32:23Z,1791,75
SPDX,Github,spdx/spdx-maven-plugin,39,5,,17,10,,,0,108,2014-01-13T19:55:58Z,3775,246
SPDX,Official,spdx/spdx-maven-plugin,39,5,,17,10,,,0,108,2014-01-13T19:55:58Z,3775,246
SPDX,Github,spdx/spdx-online-tools,59,14,,6,21,,,13,271,2017-05-22T23:58:36Z,2550,1205
SPDX,Official,spdx/spdx-online-tools,59,14,,6,21,,,13,271,2017-05-22T23:58:36Z,2550,1205
SPDX,Github,spdx/spdx-spec,268,33,,11,38,,,16,477,2017-05-10T17:47:17Z,2562,656
SPDX,Github,spdx/spdx-to-osv,56,7,,5,2,,,2,17,2021-09-29T18:40:04Z,959,57
SPDX,Github,spdx/spdx-tools-js,9,4,,0,2,,,0,1,2020-01-08T02:32:44Z,1589,31
SPDX,Official,spdx/spdx-tools-js,9,4,,0,2,,,0,1,2020-01-08T02:32:44Z,1589,31
SPDX,Github,spdx/tools,123,18,,23,18,,,3,166,2015-03-23T21:46:19Z,3341,1015
SPDX,Official,spdx/tools-golang,110,12,,11,9,,,2,134,2019-01-10T21:31:26Z,1952,464
SPDX,Github,spdx/tools-golang,110,12,,11,9,,,2,134,2019-01-10T21:31:26Z,1952,464
SPDX,Github,spdx/tools-java,55,6,,17,7,,,1,70,2020-01-06T18:02:19Z,1591,233
SPDX,Official,spdx/tools-java,55,6,,17,7,,,1,70,2020-01-06T18:02:19Z,1591,233
SPDX,Official,spdx/tools-python,163,23,,15,33,,,7,454,2015-03-23T21:54:39Z,3341,1379
SPDX,Github,spdx/tools-python,163,23,,15,33,,,7,454,2015-03-23T21:54:39Z,3341,1379
SPDX,Github,spdx/yalm-python,6,6,,0,3,,,0,7,2020-07-02T07:43:26Z,1413,133
SPDX,Github,spdxdmn/spdxdmn,0,1,,0,,,,0,0,2022-03-24T01:19:19Z,784,2
SPDX,Github,spdxz1/spdxz1,0,1,,0,,,,0,0,2022-03-21T19:56:25Z,786,14
SPDX,Github,src-d/go-license-detector,234,11,,10,14,,,4,55,2018-01-30T09:21:57Z,2297,169
SPDX,Github,sschuberth/spdx-stuff,0,2,,0,,,,0,0,2017-02-17T08:10:18Z,2644,6
SPDX,Github,sSpeedx/SpdxDDOS,4,1,,0,,,,0,0,2022-04-29T02:18:30Z,747,14
SPDX,Github,sst-yoshizumi/SPDX-CSV,0,2,,0,4,,,0,0,2020-03-24T00:06:51Z,1514,135
CycloneDx,Github,Starkiller1988/mockup_cyclonedx,0,1,,0,,,,0,0,2022-05-05T05:53:46Z,741,1
SPDX,Github,stdarg/spdx-licenses,6,3,,0,3,,,1,2,2014-01-05T20:27:05Z,3783,15
SPDX,Github,stephanlachnit/dep5convert,4,3,,0,,,,0,0,2022-02-11T00:33:29Z,825,12
CycloneDx,Github,sthagen/cyclonedx-lint,1,2,,2,,,,0,40,2021-03-02T18:13:01Z,1170,2133
SPDX,Github,sthagen/spdx-lint,1,2,,4,,,,0,61,2021-02-28T10:40:00Z,1172,2130
CycloneDx,Github,sudo-bmitch/convert-nix-cyclonedx,4,2,,0,2,,,0,1,2021-10-20T19:51:03Z,938,5
SPDX,Github,supersimple/spdx,1,4,,0,,,,0,0,2021-05-22T05:14:22Z,1089,6
SPDX,Github,sw360/sw360portal,34,24,,10,20,,,1,351,2015-09-28T20:56:14Z,3152,987
SPDX,Github,swarley/gem-license,2,1,,0,,,,0,0,2019-05-23T00:39:43Z,1820,8
SPDX,Github,swinslow-test/spdx-swinslow,0,1,,0,,,,0,0,2021-09-29T14:10:10Z,959,3
SPDX,Github,swinslow/cmake-spdx,23,6,,0,2,,,0,4,2020-08-30T04:42:08Z,1354,31
SPDX,Github,swinslow/docfest-20210916,0,3,,0,,,,0,0,2021-09-03T00:02:46Z,986,1
SPDX,Github,swinslow/kernel-spdx-ids,4,2,,0,,,,0,2,2018-12-12T23:07:34Z,1981,6
SPDX,Official,swinslow/kernel-spdx-ids,4,2,,0,,,,0,2,2018-12-12T23:07:34Z,1981,6
SPDX,Github,swinslow/kernelscan-py,1,3,,0,,,,0,0,2019-01-16T13:59:03Z,1946,3
SPDX,Github,swinslow/npm-spdx,11,3,,0,,,,20,9,2019-11-18T15:01:12Z,1640,8
SPDX,Official,swinslow/npm-spdx,11,3,,0,,,,20,9,2019-11-18T15:01:12Z,1640,8
SPDX,Github,swinslow/plugfest2-sboms,0,3,,0,,,,0,0,2021-05-30T16:51:42Z,1081,8
SPDX,Github,swinslow/spdx-cookbook,0,2,,0,,,,0,0,2019-10-25T19:01:38Z,1664,2
SPDX,Github,swinslow/spdx-go,4,2,,0,,,,0,19,2018-09-23T18:51:29Z,2061,107
SPDX,Github,swinslow/spdx-oin,1,3,,0,,,,0,1,2018-12-09T23:15:32Z,1984,10
SPDX,Github,swinslow/spdx-swinslow,0,3,,0,,,,0,0,2020-01-31T03:38:54Z,1566,4
SPDX,Github,swinslow/spdxify,0,2,,0,,,,0,0,2019-08-24T19:46:04Z,1726,6
SPDX,Github,swinslow/spdxLicenseManager,0,2,,0,,,,0,0,2018-01-20T19:58:53Z,2307,186
SPDX,Github,swinslow/spdxSummarizer,2,2,,1,,,,0,0,2017-09-23T12:49:07Z,2426,35
SPDX,Github,tbouron/spdx-license-checker,5,3,,0,,,,0,0,2016-04-15T09:50:41Z,2952,9
SPDX,Github,Terkwood/spdx-blaster,3,2,,4,,,,0,4,2020-05-17T16:36:31Z,1459,33
CycloneDx,Official,tern-tools/tern,940,31,,23,64,,,4,708,2017-11-27T23:32:17Z,2361,1102
SPDX,Github,tern-tools/tern,940,31,,23,64,,,4,708,2017-11-27T23:32:17Z,2361,1102
SPDX,Official,tern-tools/tern,940,31,,23,64,,,4,708,2017-11-27T23:32:17Z,2361,1102
SPDX,Github,TheFinks/Fossology-Ninka,0,5,,0,2,,,0,0,2014-02-03T08:13:58Z,3754,140
CycloneDx,Official,thepwagner/sbom-action,1,2,,9,2,,,2,432,2022-07-13T20:37:36Z,672,911
CycloneDx,Github,TheTechSurgeon/CYCLONEDX,0,2,,0,,,,0,0,2021-08-17T16:57:45Z,1002,1
CycloneDx,Official,thinksabin/DTrackAuditor,10,4,,6,3,,,0,51,2020-05-29T22:51:01Z,1447,211
CycloneDx,Github,thspinto/oss_inventory,2,3,,0,3,,,7,10,2020-04-05T14:15:01Z,1501,30
CycloneDx,Official,thspinto/oss_inventory,2,3,,0,3,,,7,10,2020-04-05T14:15:01Z,1501,30
CycloneDx,Official,thspinto/oss_inventory,2,3,,0,3,,,7,10,2020-04-05T14:15:01Z,1501,30
SPDX,Github,tiaanduplessis/license-o-matic,5,2,,0,5,,,0,10,2018-03-30T15:51:27Z,2238,24
CycloneDx,Github,tjarrettveracode/veracode-collections-sbom,2,1,,0,,,,1,0,2022-05-05T14:10:46Z,741,9
SPDX,Github,tk-tanab/spdx_lite_depends,1,1,,0,3,,,1,2,2022-07-05T05:22:53Z,680,31
SPDX,Github,tngraf/Tethys.SPDX,0,1,,5,,,,0,4,2022-02-09T18:58:01Z,826,55
SPDX,Github,TobyAndToby/License-Identifiers,0,1,,0,2,,,2,0,2021-02-28T16:00:30Z,1172,45
SPDX,Github,Tokenbaldu/TOKEN-BALDU,1,1,,0,,,,0,1,2021-12-27T17:23:15Z,870,4
CycloneDx,Official,trailofbits/pip-audit,924,25,,59,13,,,5,507,2021-09-02T15:19:39Z,986,603
CycloneDx,Github,traubad/CycloneDXDirectoryConverter,0,1,,0,,,,0,0,2021-07-18T14:13:29Z,1032,8
SPDX,Github,TrustSource/ts-spdx-upload,0,3,,0,2,,,0,0,2022-03-28T15:49:47Z,779,5
SPDX,Github,tsteenbe/openchain-spec,0,1,,0,,,,0,0,2017-06-18T15:44:06Z,2523,2
SPDX,Github,tsteenbe/spdx-spec,0,2,,5,2,,,0,0,2017-05-02T20:18:36Z,2570,47
SPDX,Github,tuananh/validate-spdx-license,1,2,,0,,,,0,0,2022-07-01T08:23:34Z,684,5
SPDX,Github,ubinux/get_spdx,0,4,,0,,,,0,2,2019-09-06T08:26:30Z,1713,10
SPDX,Github,ubinux/SW360tools,1,3,,1,3,,,10,18,2019-11-18T00:32:03Z,1641,17
SPDX,Github,utkarshshendge/spdx-guideline-examples,0,1,,0,,,,0,0,2021-04-02T04:15:29Z,1139,4
CycloneDx,Github,veracode/cyclonedx-property-taxonomy,0,2,,0,,,,0,0,2022-08-02T03:48:42Z,652,8
CycloneDx,Official,veracode/srcclr_sbom_gen,1,1,,0,,,,0,1,2021-07-19T13:42:36Z,1031,7
SPDX,Github,vkambhampaty/SPDX-2.0,0,2,,0,2,,,0,1,2015-03-11T14:04:45Z,3353,9
SPDX,Github,vladvelici/spdx-go,2,2,,0,2,,,0,0,2014-05-27T08:49:03Z,3641,129
SPDX,Github,vmware-archive/license-notices-linter,0,2,,0,,,,0,0,2020-09-11T10:27:13Z,1342,8
SPDX,Github,vohidjon123/google,9,3,,0,,,,0,0,2022-04-13T14:01:22Z,763,1
CycloneDx,Github,voltone/rebar3_sbom,9,1,,5,2,,,0,9,2019-11-19T15:31:55Z,1639,13
CycloneDx,Github,voltone/sbom,35,2,,5,3,,,2,8,2019-10-24T14:23:13Z,1665,11
SPDX,Github,vpenmatsa/spdxDashboard,0,2,,0,,,,0,0,2014-05-07T20:18:03Z,3661,3
SPDX,Github,whitesource-ps/ws-import-spdx,N/A,N/A,,N/A,2,,,N/A,N/A,N/A,N/A,N/A
SPDX,Github,whitesource-ps/ws-sbom-generator,32,7,,62,9,,,1,114,2021-04-12T09:48:48Z,1129,170
SPDX,Github,winlinvip/spdx_bsl,0,2,,0,,,,0,0,2021-05-31T02:44:36Z,1081,3
SPDX,Github,winlinvip/spdx_mit,0,1,,0,,,,0,0,2021-05-31T01:13:14Z,1081,8
SPDX,Github,winlinvip/spdx_mit_or_mulan,0,1,,0,,,,0,0,2021-05-31T00:31:51Z,1081,18
SPDX,Github,woinbo/SPDX-License-detector,0,1,,0,,,,0,0,2021-03-31T14:53:17Z,1141,1
SPDX,Github,wojtekmach/spdx,1,3,,0,,,,0,0,2018-12-28T21:42:01Z,1965,5
SPDX,Github,xswordsx/spdx-to-react,0,2,,2,2,,,5,22,2017-05-30T05:53:50Z,2542,66
SPDX,Github,y-ashiduka/fossdriver-test,1,1,,0,,,,0,1,2019-11-12T10:50:34Z,1646,3
SPDX,Github,yevster/spdx-edit,3,3,,4,3,,,5,20,2015-07-01T07:04:46Z,3241,111
SPDX,Github,yevster/spdxtra-license-download,0,2,,1,,,,0,0,2016-05-19T08:17:54Z,2918,6
SPDX,Github,yohangz/packer-cli,86,3,,0,3,,,22,5,2018-09-18T10:28:18Z,2066,531
SPDX,Github,yoyoqe/uououou,2,1,,0,,,,0,0,2021-06-26T15:34:10Z,1054,1
SPDX,Github,zchee/go-spdx,0,2,,0,,,,0,0,2020-03-11T23:04:35Z,1526,3
CycloneDx,Github,zg2pro/cyclonedx-plugin-issue-117,0,1,,0,,,,0,0,2021-08-12T08:31:29Z,1007,6
SPDX,Github,zvr/hub-spdx,0,3,,0,,,,0,0,2018-04-24T17:17:46Z,2213,132
SPDX,Github,zvr/xmlindent,3,4,,0,,,,0,0,2017-08-19T09:24:45Z,2461,12