issue_url,format,repo,created_at,title,qwen_categories,human_categories
https://api.github.com/repos/CycloneDX/cdxgen/issues/294,cdx,CycloneDX/cdxgen,2023-04-15 17:14:39+00:00,[Gradle] `ref` showing as `undefined` in certain cases,"['Bug Fixes and Defects', 'Integration and Interfacing']","['Bug Fixes and Defects', 'Integration and Interfacing']"
https://api.github.com/repos/CycloneDX/cdxgen/issues/299,cdx,CycloneDX/cdxgen,2023-04-22 18:07:19+00:00,Scanning `elasticsearch:8.5.3` Docker image fails with `EACCES: permission denied`,['Bug Fixes and Defects'],['Bug Fixes and Defects']
https://api.github.com/repos/CycloneDX/cdxgen/issues/303,cdx,CycloneDX/cdxgen,2023-04-24 14:33:17+00:00,urlencoded symbols in purl and bom-ref,['Bug Fixes and Defects'],['Bug Fixes and Defects']
https://api.github.com/repos/CycloneDX/cdxgen/issues/308,cdx,CycloneDX/cdxgen,2023-05-01 06:15:45+00:00,Support for gleam,"['Integration and Interfacing', 'Feature Development and Enhancement']","['Feature Development and Enhancement', 'Integration and Interfacing']"
https://api.github.com/repos/CycloneDX/cdxgen/issues/309,cdx,CycloneDX/cdxgen,2023-05-01 06:19:06+00:00,Support for cpan,"['Integration and Interfacing', 'Feature Development and Enhancement']","['Feature Development and Enhancement', 'Integration and Interfacing']"
https://api.github.com/repos/CycloneDX/cdxgen/issues/314,cdx,CycloneDX/cdxgen,2023-05-11 07:46:00+00:00,HTTPError: Response code 405 when generate and upload BOM to dependency track 4.8.0,"['Bug Fixes and Defects', 'Integration and Interfacing']","['Bug Fixes and Defects', 'Integration and Interfacing']"
https://api.github.com/repos/tern-tools/tern/issues/600,spdx,tern-tools/tern,2020-03-23 14:40:10+00:00,TypeError in tern/analyze/docker/helpers.py get_dockerfile_base(): ,['Bug Fixes and Defects'],['Bug Fixes and Defects']
https://api.github.com/repos/tern-tools/tern/issues/627,spdx,tern-tools/tern,2020-04-08 15:18:01+00:00,Setup/Teardown takes too long,['Bug Fixes and Defects'],['Bug Fixes and Defects']
https://api.github.com/repos/CycloneDX/cdxgen/issues/274,cdx,CycloneDX/cdxgen,2023-03-23 09:59:50+00:00,URIError in decodeURIComponent,['Bug Fixes and Defects'],['Bug Fixes and Defects']
https://api.github.com/repos/CycloneDX/cdxgen/issues/278,cdx,CycloneDX/cdxgen,2023-03-27 14:50:37+00:00,How to pass credentials when scanning a remote Git repository in server mode?,"['Community Engagement and Support', 'Documentation']","['Community Engagement and Support', 'Documentation']"
https://api.github.com/repos/CycloneDX/cdxgen/issues/279,cdx,CycloneDX/cdxgen,2023-03-28 12:15:39+00:00,Getting error when trying to generate SBOM for my docker image,['Bug Fixes and Defects'],['Bug Fixes and Defects']
https://api.github.com/repos/CycloneDX/cdxgen/issues/282,cdx,CycloneDX/cdxgen,2023-03-29 07:42:08+00:00,Support pnpm 8 / Crash with lockfile version 6.0,"['Bug Fixes and Defects', 'Integration and Interfacing']","['Bug Fixes and Defects', 'Integration and Interfacing']"
https://api.github.com/repos/CycloneDX/cdxgen/issues/283,cdx,CycloneDX/cdxgen,2023-03-29 11:00:10+00:00,request dependency-track api failed,"['Bug Fixes and Defects', 'Integration and Interfacing']","['Bug Fixes and Defects', 'Integration and Interfacing']"
https://api.github.com/repos/CycloneDX/cdxgen/issues/284,cdx,CycloneDX/cdxgen,2023-03-29 12:28:17+00:00,Support Paket dependency manager for .NET,"['Feature Development and Enhancement', 'Integration and Interfacing']","['Feature Development and Enhancement', 'Integration and Interfacing']"
https://api.github.com/repos/tern-tools/tern/issues/474,cdx,tern-tools/tern,2019-10-17 16:41:00+00:00,Create an extension for scancode,"['Feature Development and Enhancement', 'Integration and Interfacing']","['Feature Development and Enhancement', 'Integration and Interfacing']"
https://api.github.com/repos/tern-tools/tern/issues/476,cdx,tern-tools/tern,2019-10-18 13:55:29+00:00,Create new class: File,"['Feature Development and Enhancement', 'Code Components']","['Feature Development and Enhancement', 'Code Components']"
https://api.github.com/repos/tern-tools/tern/issues/484,cdx,tern-tools/tern,2019-10-31 08:54:57+00:00,Make `bin/activate` be able to run from other shells,"['Bug Fixes and Defects', 'Configuration']","['Bug Fixes and Defects', 'Configuration']"
https://api.github.com/repos/tern-tools/tern/issues/506,cdx,tern-tools/tern,2019-12-17 00:05:07+00:00,Update command parsing to detect package to be installed if version is specified,"['Feature Development and Enhancement', 'Code Components']","['Feature Development and Enhancement', 'Code Components']"
https://api.github.com/repos/tern-tools/tern/issues/513,cdx,tern-tools/tern,2020-01-07 18:34:27+00:00,Prospector issues warnings on freshly cloned repository,['Code Quality'],['Code Quality']
https://api.github.com/repos/tern-tools/tern/issues/524,spdx,tern-tools/tern,2020-01-17 19:13:23+00:00,Include base OS value from /etc/os-release as part of Tern's data model,"['Feature Development and Enhancement', 'Code Components']","['Feature Development and Enhancement', 'Code Components']"
https://api.github.com/repos/tern-tools/tern/issues/546,spdx,tern-tools/tern,2020-02-24 23:12:47+00:00,Fix scancode documentation,['Documentation'],['Documentation']
https://api.github.com/repos/tern-tools/tern/issues/547,spdx,tern-tools/tern,2020-02-24 23:30:04+00:00,Update README documentation,['Documentation'],['Documentation']
https://api.github.com/repos/tern-tools/tern/issues/1122,spdx,tern-tools/tern,2022-02-14 12:07:02+00:00,Tern cannot scan SUSE SLES based images,"['Bug Fixes and Defects', 'Integration and Interfacing']","['Bug Fixes and Defects', 'Integration and Interfacing']"
https://api.github.com/repos/tern-tools/tern/issues/1130,spdx,tern-tools/tern,2022-03-10 15:21:31+00:00,Purl generation,['Bug Fixes and Defects'],"['Bug Fixes and Defects', 'Code Components']"
https://api.github.com/repos/tern-tools/tern/issues/1137,spdx,tern-tools/tern,2022-03-21 14:32:59+00:00,Output format cyclonedxjson incorrectly puts license id into license name property,"['Bug Fixes and Defects', 'User Interface and Outputs']","['Bug Fixes and Defects', 'User Interface and Outputs']"
https://api.github.com/repos/tern-tools/tern/issues/1140,spdx,tern-tools/tern,2022-03-29 07:09:04+00:00,Purl Generation name,['Bug Fixes and Defects'],['Bug Fixes and Defects']
https://api.github.com/repos/tern-tools/tern/issues/1143,spdx,tern-tools/tern,2022-03-31 09:20:28+00:00,Invalid SPDXID,['Bug Fixes and Defects'],['Bug Fixes and Defects']
https://api.github.com/repos/tern-tools/tern/issues/1156,spdx,tern-tools/tern,2022-04-14 17:07:10+00:00,Regression: packages not found for photon image (rpm-based collection),['Bug Fixes and Defects'],['Bug Fixes and Defects']
https://api.github.com/repos/tern-tools/tern/issues/1160,spdx,tern-tools/tern,2022-04-21 09:23:44+00:00,Tern Docker image: Pulling images from private registry,['Configuration'],"['Bug Fixes and Defects', 'Configuration']"
https://api.github.com/repos/tern-tools/tern/issues/1161,spdx,tern-tools/tern,2022-04-25 16:12:39+00:00,rootfs - Error executing command in chroot,['Bug Fixes and Defects'],['Bug Fixes and Defects']
https://api.github.com/repos/CycloneDX/cdxgen/issues/337,cdx,CycloneDX/cdxgen,2023-05-29 20:40:08+00:00,"scanning setup.py doesn't work if ""install_requires"" is initialized to a variable instead of a list of strings","['Bug Fixes and Defects', 'Code Components']","['Bug Fixes and Defects', 'Code Components']"
https://api.github.com/repos/CycloneDX/cdxgen/issues/343,cdx,CycloneDX/cdxgen,2023-06-01 21:45:55+00:00,NOTICE: Replace privado integration with atom,"['Integration and Interfacing', 'Feature Development and Enhancement']","['Integration and Interfacing', 'Feature Development and Enhancement']"
https://api.github.com/repos/CycloneDX/cdxgen/issues/356,cdx,CycloneDX/cdxgen,2023-06-15 17:33:06+00:00,json file is produces in addition to xml,['Bug Fixes and Defects'],['Bug Fixes and Defects']
https://api.github.com/repos/CycloneDX/cdxgen/issues/357,cdx,CycloneDX/cdxgen,2023-06-16 13:52:52+00:00,rebar.lock support,"['Feature Development and Enhancement', 'Integration and Interfacing']","['Feature Development and Enhancement', 'Integration and Interfacing']"
https://api.github.com/repos/CycloneDX/cdxgen/issues/37,cdx,CycloneDX/cdxgen,2021-02-21 11:36:14+00:00,Produce BoM from war/ear/zip files,"['Feature Development and Enhancement', 'Code Components']","['Feature Development and Enhancement', 'Code Components']"
https://api.github.com/repos/CycloneDX/cdxgen/issues/370,cdx,CycloneDX/cdxgen,2023-06-28 11:58:11+00:00,Docker rootless bug,"['Bug Fixes and Defects', 'Integration and Interfacing']","['Bug Fixes and Defects', 'Integration and Interfacing']"
https://api.github.com/repos/CycloneDX/cdxgen/issues/388,cdx,CycloneDX/cdxgen,2023-07-11 17:27:37+00:00,Issues with referencing components in dependency relationships (Python SBOM),['Bug Fixes and Defects'],['Bug Fixes and Defects']
https://api.github.com/repos/tern-tools/tern/issues/1109,spdx,tern-tools/tern,2022-01-28 19:19:17+00:00,Running Tern with scancode should include package and file information,"['Bug Fixes and Defects', 'User Interface and Outputs']","['Bug Fixes and Defects', 'User Interface and Outputs']"
https://api.github.com/repos/tern-tools/tern/issues/367,cdx,tern-tools/tern,2019-08-06 16:26:08+00:00,tern --version should report git commit if working from a git repo,"['Feature Development and Enhancement', 'User Interface and Outputs']","['Feature Development and Enhancement', 'User Interface and Outputs']"
https://api.github.com/repos/tern-tools/tern/issues/373,spdx,tern-tools/tern,2019-08-09 19:58:12+00:00,Fake bug - testing a label,['Community Engagement and Support'],['Community Engagement and Support']
https://api.github.com/repos/tern-tools/tern/issues/403,spdx,tern-tools/tern,2019-08-24 16:14:46+00:00,Add doc to install tern in dev mode,"['Configuration', 'Documentation']","['Documentation', 'Configuration']"
https://api.github.com/repos/tern-tools/tern/issues/408,cdx,tern-tools/tern,2019-08-26 19:49:39+00:00,Remove dev-requirements.txt file,"['Configuration', 'Continuous Integration and Deployment (CI/CD)']","['Configuration', 'Continuous Integration and Deployment (CI/CD)']"
https://api.github.com/repos/tern-tools/tern/issues/458,cdx,tern-tools/tern,2019-09-20 16:46:32+00:00,CI tests DockerImage class,"['Continuous Integration and Deployment (CI/CD)', 'Bug Fixes and Defects']","['Continuous Integration and Deployment (CI/CD)', 'Bug Fixes and Defects']"
https://api.github.com/repos/CycloneDX/cdxgen/issues/324,cdx,CycloneDX/cdxgen,2023-05-18 18:03:42+00:00,[Gradle] Sub-project direct dependencies broken,['Bug Fixes and Defects'],['Bug Fixes and Defects']
https://api.github.com/repos/CycloneDX/cdxgen/issues/326,cdx,CycloneDX/cdxgen,2023-05-19 22:38:29+00:00,Dependency Track API call failing with large payloads,"['Bug Fixes and Defects', 'Integration and Interfacing']","['Bug Fixes and Defects', 'Integration and Interfacing']"
https://api.github.com/repos/CycloneDX/cdxgen/issues/336,cdx,CycloneDX/cdxgen,2023-05-28 20:25:34+00:00,cdxgen fails to look at all dependencies for python project,"['Bug Fixes and Defects', 'Code Components']","['Bug Fixes and Defects', 'Code Components']"
https://api.github.com/repos/tern-tools/tern/issues/183,cdx,tern-tools/tern,2019-03-18 19:22:59+00:00,Add checksum as a Package property,"['Feature Development and Enhancement', 'Code Components']","['Feature Development and Enhancement', 'Code Components']"
https://api.github.com/repos/tern-tools/tern/issues/184,cdx,tern-tools/tern,2019-03-19 18:02:14+00:00,Create abstract class Template,"['Feature Development and Enhancement', 'Code Components']","['Feature Development and Enhancement', 'Code Components']"
https://api.github.com/repos/tern-tools/tern/issues/186,cdx,tern-tools/tern,2019-03-19 18:40:31+00:00,Implement from_template() method in class Package,"['Feature Development and Enhancement', 'Code Components']","['Feature Development and Enhancement', 'Code Components']"
https://api.github.com/repos/tern-tools/tern/issues/244,cdx,tern-tools/tern,2019-04-25 20:06:45+00:00,Add download_url property to Package class,"['Feature Development and Enhancement', 'Code Components']","['Feature Development and Enhancement', 'Code Components']"
https://api.github.com/repos/tern-tools/tern/issues/252,cdx,tern-tools/tern,2019-05-06 15:34:34+00:00,Create template for SPDX tags,"['Feature Development and Enhancement', 'Code Components']","['Feature Development and Enhancement', 'Code Components']"
https://api.github.com/repos/tern-tools/tern/issues/260,cdx,tern-tools/tern,2019-05-10 14:00:57+00:00,"Enable option --format, -m to take in a formatting module","['Feature Development and Enhancement', 'User Interface and Outputs']","['Feature Development and Enhancement', 'User Interface and Outputs']"
https://api.github.com/repos/tern-tools/tern/issues/294,cdx,tern-tools/tern,2019-06-07 08:37:56+00:00,pip install fails with missing dependency for wheel on Ubuntu 18.04 ,"['Bug Fixes and Defects', 'Configuration']","['Configuration', 'Bug Fixes and Defects']"
https://api.github.com/repos/tern-tools/tern/issues/353,cdx,tern-tools/tern,2019-06-28 13:26:32+00:00,/usr/bin/python3: No module named tern error in vagrant running in windows 10 Personal computer,"['Configuration', 'Documentation']","['Configuration', 'Documentation']"
https://api.github.com/repos/swinslow/cmake-spdx/issues/8,spdx,swinslow/cmake-spdx,2021-04-26 17:13:03+00:00,External document refs should have a SHA1 instead of a SHA256,['Bug Fixes and Defects'],['Bug Fixes and Defects']
https://api.github.com/repos/swinslow/npm-spdx/issues/15,spdx,swinslow/npm-spdx,2021-08-04 19:12:42+00:00,Entries with namespaces cause validation warnings,['Bug Fixes and Defects'],['Bug Fixes and Defects']
https://api.github.com/repos/swinslow/spdx-go/issues/8,spdx,swinslow/spdx-go,2018-10-21 00:30:17+00:00,PackageDownloadLocation gets set incorrectly,"['Bug Fixes and Defects', 'Code Components']","['Bug Fixes and Defects', 'Code Components']"
https://api.github.com/repos/tern-tools/tern/issues/1002,spdx,tern-tools/tern,2021-07-14 06:28:59+00:00,Report result with same command is not constant ,['Bug Fixes and Defects'],['Bug Fixes and Defects']
https://api.github.com/repos/tern-tools/tern/issues/1020,spdx,tern-tools/tern,2021-07-19 06:51:28+00:00,Tern does not detect 'pip install' command when preceded by 'python -m' in dockerfile RUN line,['Bug Fixes and Defects'],"['Bug Fixes and Defects', 'Code Components']"
https://api.github.com/repos/tern-tools/tern/issues/1074,spdx,tern-tools/tern,2021-10-29 05:51:53+00:00,Tern doesn't detect the license for packages found in layer,"['Bug Fixes and Defects', 'Licensing']","['Bug Fixes and Defects', 'Licensing']"
https://api.github.com/repos/tern-tools/tern/issues/1084,spdx,tern-tools/tern,2021-11-19 19:47:59+00:00,Install with setup.py bug,"['Bug Fixes and Defects', 'Configuration']","['Bug Fixes and Defects', 'Configuration']"
https://api.github.com/repos/tern-tools/tern/issues/1089,spdx,tern-tools/tern,2021-12-09 03:59:03+00:00,I have a question,['Community Engagement and Support'],['Community Engagement and Support']
https://api.github.com/repos/CycloneDX/cdxgen/issues/464,cdx,CycloneDX/cdxgen,2023-08-14 14:09:46+00:00,[Gradle] cdxgen doesn't support 'jetify',"['Bug Fixes and Defects', 'Code Components']","['Bug Fixes and Defects', 'Code Components']"
https://api.github.com/repos/CycloneDX/cdxgen/issues/474,cdx,CycloneDX/cdxgen,2023-08-18 05:09:53+00:00,fineract gradle sbom has validation errors,"['Bug Fixes and Defects', 'Code Components']","['Bug Fixes and Defects', 'Code Components']"
https://api.github.com/repos/CycloneDX/cdxgen/issues/478,cdx,CycloneDX/cdxgen,2023-08-20 21:38:44+00:00,swift tests are broken,"['Continuous Integration and Deployment (CI/CD)', 'Bug Fixes and Defects']","['Bug Fixes and Defects', 'Continuous Integration and Deployment (CI/CD)']"
https://api.github.com/repos/CycloneDX/cdxgen/issues/479,cdx,CycloneDX/cdxgen,2023-08-20 22:24:31+00:00,Changes to 'createJarBom' break single-module Gradle project when running multi-language,"['Bug Fixes and Defects', 'Code Components']","['Bug Fixes and Defects', 'Code Components']"
https://api.github.com/repos/sw360/sw360portal/issues/826,spdx,sw360/sw360portal,2018-06-29 13:41:43+00:00,Access rights of component owner,['Bug Fixes and Defects'],['Bug Fixes and Defects']
https://api.github.com/repos/swinslow/cmake-spdx/issues/10,spdx,swinslow/cmake-spdx,2021-06-21 10:31:06+00:00,Support output in YAML / JSON SPDX formats,"['Feature Development and Enhancement', 'User Interface and Outputs']","['Feature Development and Enhancement', 'User Interface and Outputs']"
https://api.github.com/repos/swinslow/cmake-spdx/issues/2,spdx,swinslow/cmake-spdx,2020-10-04 18:48:27+00:00,Determine file type for files in SPDX doc ,['Feature Development and Enhancement'],['Feature Development and Enhancement']
https://api.github.com/repos/swinslow/cmake-spdx/issues/5,spdx,swinslow/cmake-spdx,2020-10-04 19:08:32+00:00,Update README and add writeup for SPDX building,['Documentation'],['Documentation']
https://api.github.com/repos/tern-tools/tern/issues/12,cdx,tern-tools/tern,2018-02-08 06:51:48+00:00,"Similar project, different approach",['Community Engagement and Support'],['Community Engagement and Support']
https://api.github.com/repos/CycloneDX/cdxgen/issues/389,cdx,CycloneDX/cdxgen,2023-07-11 17:51:36+00:00,[NodeJs] Purls not properly encoded in the dependencies section,"['Bug Fixes and Defects', 'Code Components']","['Bug Fixes and Defects', 'Code Components']"
https://api.github.com/repos/CycloneDX/cdxgen/issues/398,cdx,CycloneDX/cdxgen,2023-07-13 16:25:14+00:00,[Python] Dependencies section empty despite having poetry.lock,"['Bug Fixes and Defects', 'Code Components']","['Bug Fixes and Defects', 'Code Components']"
https://api.github.com/repos/CycloneDX/cdxgen/issues/4,cdx,CycloneDX/cdxgen,2020-05-21 08:07:47+00:00,Implement license lookup for go,"['Feature Development and Enhancement', 'Licensing']","['Feature Development and Enhancement', 'Licensing']"
https://api.github.com/repos/CycloneDX/cdxgen/issues/421,cdx,CycloneDX/cdxgen,2023-07-26 15:54:39+00:00,[Gradle] Inaccurate dependencies section in projects with `gradle.lockfile`,"['Bug Fixes and Defects', 'Code Components']","['Bug Fixes and Defects', 'Code Components']"
https://api.github.com/repos/CycloneDX/cdxgen/issues/423,cdx,CycloneDX/cdxgen,2023-07-26 18:39:41+00:00,GRADLE_ARGS partially ignored in recursive mode,['Bug Fixes and Defects'],['Bug Fixes and Defects']
https://api.github.com/repos/CycloneDX/cdxgen/issues/439,cdx,CycloneDX/cdxgen,2023-08-04 11:12:48+00:00,"Maven-cache analysis might miss components/packages when .pom file is present, but not a META-INF folder","['Bug Fixes and Defects', 'Code Components']","['Bug Fixes and Defects', 'Code Components']"
https://api.github.com/repos/CycloneDX/cdxgen/issues/442,cdx,CycloneDX/cdxgen,2023-08-04 17:05:58+00:00,dependency tree incomplete,"['Bug Fixes and Defects', 'Code Components']","['Bug Fixes and Defects', 'Code Components']"
https://api.github.com/repos/tern-tools/tern/issues/1164,spdx,tern-tools/tern,2022-05-11 16:59:10+00:00,Add Running tests instructions,['Documentation'],['Documentation']
https://api.github.com/repos/tern-tools/tern/issues/1168,spdx,tern-tools/tern,2022-05-17 06:12:10+00:00,How to crosscheck the FOSS packages detected by tern?,['Community Engagement and Support'],['Community Engagement and Support']
https://api.github.com/repos/tern-tools/tern/issues/1170,spdx,tern-tools/tern,2022-06-06 11:34:25+00:00,"FilesAnalyzed: False has a wrong case for ""False""","['Bug Fixes and Defects', 'User Interface and Outputs']","['Bug Fixes and Defects', 'User Interface and Outputs']"
https://api.github.com/repos/tern-tools/tern/issues/1184,spdx,tern-tools/tern,2022-08-03 08:38:30+00:00,Installation instructions with vagrant don't work on my system,['Configuration'],['Configuration']
https://api.github.com/repos/tern-tools/tern/issues/1186,spdx,tern-tools/tern,2022-10-05 14:41:40+00:00,Update SPDX license list to 3.18,['Licensing'],['Licensing']
https://api.github.com/repos/tern-tools/tern/issues/1188,spdx,tern-tools/tern,2022-10-05 16:19:12+00:00,Tern output is much better in text format than in SPDX format,"['Bug Fixes and Defects', 'User Interface and Outputs']","['Bug Fixes and Defects', 'User Interface and Outputs']"
https://api.github.com/repos/tern-tools/tern/issues/1190,spdx,tern-tools/tern,2022-11-08 12:47:02+00:00,Error while trying to inspect local image,['Bug Fixes and Defects'],['Bug Fixes and Defects']
https://api.github.com/repos/tern-tools/tern/issues/1195,spdx,tern-tools/tern,2022-12-08 10:41:17+00:00,Old release of Tern when installed with ScanCode,"['Bug Fixes and Defects', 'Configuration']","['Configuration', 'Bug Fixes and Defects']"
https://api.github.com/repos/CycloneDX/cdxgen/issues/589,cdx,CycloneDX/cdxgen,2023-09-28 08:05:20+00:00,Cargo (rust) purl's are not encoded correctly,['Bug Fixes and Defects'],['Bug Fixes and Defects']
https://api.github.com/repos/spdx/tools/issues/243,spdx,spdx/tools,2020-07-01 18:03:28+00:00,Add git-stripspace to contributing documentation,['Documentation'],['Documentation']
https://api.github.com/repos/spdx/tools/issues/265,spdx,spdx/tools,2021-01-20 21:38:15+00:00,pURL not accepted as PackageDownloadLocation,['Bug Fixes and Defects'],['Bug Fixes and Defects']
https://api.github.com/repos/spdx/tools/issues/267,spdx,spdx/tools,2021-02-10 22:05:40+00:00,CompareMultipleSpdxDocs return some false positives in FileFoundLicenses (different instead of equal),['Bug Fixes and Defects'],['Bug Fixes and Defects']
https://api.github.com/repos/spdx/tools/issues/268,spdx,spdx/tools,2021-03-08 20:26:56+00:00,LicenseInfoFactory.parseSPDXLicenseString Fails for License Strings Containing WITH Operator,['Bug Fixes and Defects'],['Bug Fixes and Defects']
https://api.github.com/repos/spdx/tools/issues/281,spdx,spdx/tools,2021-08-31 08:30:38+00:00,Missing required license text for GPL-2.0-with-OpenSSL-exception in cryptsetup,['Licensing'],['Licensing']
https://api.github.com/repos/spdx/tools/issues/282,spdx,spdx/tools,2021-11-05 02:12:14+00:00,NoSuchMethodError when runtime,['Bug Fixes and Defects'],['Bug Fixes and Defects']
https://api.github.com/repos/spdx/tools/issues/294,spdx,spdx/tools,2022-03-25 06:58:06+00:00,Extract method code refactoring in SpdxLicenseTemplateHelper class,['Code Quality'],['Code Quality']
https://api.github.com/repos/CycloneDX/cdxgen/issues/531,cdx,CycloneDX/cdxgen,2023-09-07 14:33:44+00:00,Bazel: Service specific SBOM,"['Feature Development and Enhancement', 'Integration and Interfacing']","['Feature Development and Enhancement', 'Integration and Interfacing']"
https://api.github.com/repos/CycloneDX/cdxgen/issues/550,cdx,CycloneDX/cdxgen,2023-09-12 15:36:32+00:00,Poetry tree - fallback to lock if the poetry command errors,"['Integration and Interfacing', 'Feature Development and Enhancement']","['Feature Development and Enhancement', 'Integration and Interfacing']"
https://api.github.com/repos/CycloneDX/cdxgen/issues/556,cdx,CycloneDX/cdxgen,2023-09-15 11:55:08+00:00,Option to omit empty component properties,"['Feature Development and Enhancement', 'User Interface and Outputs']","['Feature Development and Enhancement', 'User Interface and Outputs']"
https://api.github.com/repos/CycloneDX/cdxgen/issues/559,cdx,CycloneDX/cdxgen,2023-09-18 08:00:58+00:00,"failing analysis of gradle project with `Error: Invalid purl: ""name"" is a required field.`","['Bug Fixes and Defects', 'Code Components']","['Bug Fixes and Defects', 'Code Components']"
https://api.github.com/repos/CycloneDX/cdxgen/issues/564,cdx,CycloneDX/cdxgen,2023-09-18 17:21:02+00:00,[scala] Support for mill build tool,"['Feature Development and Enhancement', 'Integration and Interfacing']","['Feature Development and Enhancement', 'Integration and Interfacing']"
https://api.github.com/repos/CycloneDX/cdxgen/issues/57,cdx,CycloneDX/cdxgen,2021-05-28 09:38:41+00:00,Support for .net core dll,"['Feature Development and Enhancement', 'Integration and Interfacing']","['Feature Development and Enhancement', 'Integration and Interfacing']"
https://api.github.com/repos/CycloneDX/cdxgen/issues/572,cdx,CycloneDX/cdxgen,2023-09-21 08:39:44+00:00,Error: TAR_ENTRY_INVALID: linkpath forbidden,"['Bug Fixes and Defects', 'Code Components']","['Bug Fixes and Defects', 'Code Components']"
https://api.github.com/repos/CycloneDX/cdxgen/issues/588,cdx,CycloneDX/cdxgen,2023-09-27 06:54:57+00:00,Cdxgen reports incorrect package license,"['Bug Fixes and Defects', 'Licensing']","['Bug Fixes and Defects', 'Licensing']"
https://api.github.com/repos/src-d/go-license-detector/issues/70,spdx,src-d/go-license-detector,2020-02-21 13:34:57+00:00,The binary tarballs are  missing  for linux and mac OSs,['Release Management and Versioning'],['Release Management and Versioning']
https://api.github.com/repos/src-d/go-license-detector/issues/73,spdx,src-d/go-license-detector,2020-04-05 08:38:30+00:00,gets stuck running the checker,['Bug Fixes and Defects'],['Bug Fixes and Defects']
https://api.github.com/repos/sw360/sw360portal/issues/752,spdx,sw360/sw360portal,2018-02-14 08:44:14+00:00,The title of release name ends with a bracket,"['Bug Fixes and Defects', 'User Interface and Outputs']","['Bug Fixes and Defects', 'User Interface and Outputs']"
https://api.github.com/repos/sw360/sw360portal/issues/810,spdx,sw360/sw360portal,2018-04-09 09:30:33+00:00,Moderation request page is not loading (allUsingProjectsCount),['Bug Fixes and Defects'],['Bug Fixes and Defects']
https://api.github.com/repos/CycloneDX/cdxgen/issues/496,cdx,CycloneDX/cdxgen,2023-08-25 16:12:05+00:00,Enable default sorting of generated documents,"['Feature Development and Enhancement', 'User Interface and Outputs']","['Feature Development and Enhancement', 'User Interface and Outputs']"
https://api.github.com/repos/CycloneDX/cdxgen/issues/515,cdx,CycloneDX/cdxgen,2023-08-31 20:48:05+00:00,"Version numbers appended to package name, version marked latest","['Bug Fixes and Defects', 'Code Components']","['Bug Fixes and Defects', 'Code Components']"
https://api.github.com/repos/CycloneDX/cdxgen/issues/520,cdx,CycloneDX/cdxgen,2023-09-01 12:48:24+00:00,Allow to customize the Maven prefix for Bazel,"['Feature Development and Enhancement', 'Integration and Interfacing']","['Feature Development and Enhancement', 'Integration and Interfacing']"
https://api.github.com/repos/CycloneDX/cdxgen/issues/53,cdx,CycloneDX/cdxgen,2021-05-12 07:03:31+00:00,[Dependency-Track integration] JSON BOM upload fails with Dependency Track 4.2.2,"['Bug Fixes and Defects', 'Integration and Interfacing']","['Bug Fixes and Defects', 'Integration and Interfacing']"
https://api.github.com/repos/spdx/yalm-python/issues/20,spdx,spdx/yalm-python,2023-05-31 12:57:28+00:00,Document how to generate the resources,['Documentation'],['Documentation']
https://api.github.com/repos/spdx/yalm-python/issues/21,spdx,spdx/yalm-python,2023-05-31 13:06:52+00:00,Document code properly,"['Documentation', 'Code Quality']","['Documentation', 'Code Quality']"
https://api.github.com/repos/spdx/yalm-python/issues/22,spdx,spdx/yalm-python,2023-05-31 13:08:59+00:00,Increase general test coverage,['Code Quality'],['Code Quality']
https://api.github.com/repos/spdx/yalm-python/issues/23,spdx,spdx/yalm-python,2023-05-31 13:14:01+00:00,Decrease distribution size,"['Configuration', 'Code Quality']","['Configuration', 'Code Quality']"
https://api.github.com/repos/spdx/yalm-python/issues/4,spdx,spdx/yalm-python,2020-07-11 04:33:24+00:00,Use Context Manager For Files,['Code Quality'],['Code Quality']
https://api.github.com/repos/src-d/go-license-detector/issues/11,spdx,src-d/go-license-detector,2018-02-11 23:03:41+00:00,Compare to https://github.com/google/licenseclassifier (at least),['Community Engagement and Support'],['Community Engagement and Support']
https://api.github.com/repos/src-d/go-license-detector/issues/45,spdx,src-d/go-license-detector,2018-12-12 15:26:37+00:00,Assign a maintainer,['Community Engagement and Support'],['Community Engagement and Support']
https://api.github.com/repos/src-d/go-license-detector/issues/52,spdx,src-d/go-license-detector,2019-05-22 09:17:40+00:00,Error when build project,['Configuration'],['Configuration']
https://api.github.com/repos/spdx/tools-python/issues/773,spdx,spdx/tools-python,2023-11-23 17:26:36+00:00,Ugly error for nonexisting file,"['Bug Fixes and Defects', 'User Interface and Outputs']","['Bug Fixes and Defects', 'User Interface and Outputs']"
https://api.github.com/repos/spdx/tools-python/issues/775,spdx,spdx/tools-python,2023-11-23 18:09:00+00:00,Ugly error message when the JSON syntax is not correct,"['Bug Fixes and Defects', 'User Interface and Outputs']","['Bug Fixes and Defects', 'User Interface and Outputs']"
https://api.github.com/repos/spdx/tools-python/issues/79,spdx,spdx/tools-python,2018-08-12 13:43:34+00:00,Add support for parsing more than one package,"['Feature Development and Enhancement', 'Code Components']","['Feature Development and Enhancement', 'Code Components']"
https://api.github.com/repos/spdx/tools-python/issues/793,spdx,spdx/tools-python,2024-02-01 15:57:49+00:00,Would like an option to omit files from graph,"['Feature Development and Enhancement', 'User Interface and Outputs']","['Feature Development and Enhancement', 'User Interface and Outputs']"
https://api.github.com/repos/spdx/tools-python/issues/794,spdx,spdx/tools-python,2024-02-04 01:41:52+00:00,`create_list_without_duplicates` Function Can be Sped Up By Using Set,['Code Quality'],['Code Quality']
https://api.github.com/repos/spdx/tools-python/issues/796,spdx,spdx/tools-python,2024-02-05 16:22:41+00:00,Incorrect cpe23Type validation?,['Bug Fixes and Defects'],['Bug Fixes and Defects']
https://api.github.com/repos/spdx/tools-python/issues/88,spdx,spdx/tools-python,2019-03-20 05:12:11+00:00,has_optional_field implementation may lead to unexpected results,['Bug Fixes and Defects'],['Bug Fixes and Defects']
https://api.github.com/repos/spdx/tools-python/issues/91,spdx,spdx/tools-python,2019-03-27 18:56:38+00:00,Data from parsers should be stored in spdx models only as python types and spdx models,"['Bug Fixes and Defects', 'Code Components']","['Bug Fixes and Defects', 'Code Components']"
https://api.github.com/repos/spdx/tools/issues/162,spdx,spdx/tools,2018-06-11 14:02:33+00:00,Formatting of plain license text in JSON data is broken,"['Bug Fixes and Defects', 'Code Components']","['Bug Fixes and Defects', 'Code Components']"
https://api.github.com/repos/spdx/tools/issues/186,spdx,spdx/tools,2019-04-09 04:16:54+00:00,Standard exception should not require its text provided,['Bug Fixes and Defects'],['Bug Fixes and Defects']
https://api.github.com/repos/spdx/tools/issues/214,spdx,spdx/tools,2020-01-19 12:43:11+00:00,DocumentRef-1:LicenseRef-XY flagged as invalid,['Bug Fixes and Defects'],['Bug Fixes and Defects']
https://api.github.com/repos/spdx/tools/issues/215,spdx,spdx/tools,2020-01-19 18:07:39+00:00,LicenseRef-08 flagged as invalid,['Bug Fixes and Defects'],['Bug Fixes and Defects']
https://api.github.com/repos/spdx/tools/issues/217,spdx,spdx/tools,2020-01-30 06:47:32+00:00,SPDX Tools Documentation link is malformed,['Documentation'],['Documentation']
https://api.github.com/repos/spdx/tools/issues/218,spdx,spdx/tools,2020-01-31 12:43:27+00:00,Documentation for java idiots needed,['Documentation'],['Documentation']
https://api.github.com/repos/spdx/tools/issues/229,spdx,spdx/tools,2020-05-06 22:49:47+00:00,Confusing Error message trying to validate tag value document,"['Bug Fixes and Defects', 'User Interface and Outputs']","['Bug Fixes and Defects', 'User Interface and Outputs']"
https://api.github.com/repos/spdx/tools/issues/231,spdx,spdx/tools,2020-06-01 08:12:08+00:00,Documentation link in README leads to 404,['Documentation'],['Documentation']
https://api.github.com/repos/CycloneDX/cdxgen/issues/602,cdx,CycloneDX/cdxgen,2023-10-02 10:15:17+00:00,Support for conda,"['Feature Development and Enhancement', 'Integration and Interfacing']","['Feature Development and Enhancement', 'Integration and Interfacing']"
https://api.github.com/repos/CycloneDX/cdxgen/issues/609,cdx,CycloneDX/cdxgen,2023-10-04 10:28:55+00:00,SBOM generated for requirements-dev.txt even with `--required-only` flag,"['Bug Fixes and Defects', 'Code Components']","['Bug Fixes and Defects', 'Code Components']"
https://api.github.com/repos/CycloneDX/cdxgen/issues/61,cdx,CycloneDX/cdxgen,2021-05-31 18:13:39+00:00,Parsing go.mod with single require statement results in no BOM,"['Bug Fixes and Defects', 'Code Components']","['Bug Fixes and Defects', 'Code Components']"
https://api.github.com/repos/CycloneDX/cdxgen/issues/615,cdx,CycloneDX/cdxgen,2023-10-05 15:44:02+00:00,CDXGEN command does not honor usage of --usages-slices-file,['Bug Fixes and Defects'],['Bug Fixes and Defects']
https://api.github.com/repos/CycloneDX/cdxgen/issues/62,cdx,CycloneDX/cdxgen,2021-06-07 02:17:39+00:00,Golang parsing incorrect,"['Bug Fixes and Defects', 'Code Components']","['Bug Fixes and Defects', 'Code Components']"
https://api.github.com/repos/CycloneDX/cdxgen/issues/631,cdx,CycloneDX/cdxgen,2023-10-11 14:44:14+00:00,dotnet - project.assets.json parsing creates extra package versions in the BOM,"['Bug Fixes and Defects', 'Code Components']","['Bug Fixes and Defects', 'Code Components']"
https://api.github.com/repos/CycloneDX/cdxgen/issues/635,cdx,CycloneDX/cdxgen,2023-10-12 20:47:49+00:00,Scan failes with docker,['Bug Fixes and Defects'],['Bug Fixes and Defects']
https://api.github.com/repos/CycloneDX/cdxgen/issues/661,cdx,CycloneDX/cdxgen,2023-10-23 14:47:07+00:00,"Incorrect ""author"" when in object format inside package.json","['Bug Fixes and Defects', 'Code Components']","['Bug Fixes and Defects', 'Code Components']"
https://api.github.com/repos/spdx/tools/issues/300,spdx,spdx/tools,2022-03-25 07:52:01+00:00,Replace conditional with polymorphism refactoring in LicenseInfoFactory class,['Code Quality'],['Code Quality']
https://api.github.com/repos/spdx/tools/issues/304,spdx,spdx/tools,2022-06-29 16:58:12+00:00,Two DOCUMENT DESCRIBES relationships incorrectly validates,['Bug Fixes and Defects'],['Bug Fixes and Defects']
https://api.github.com/repos/spdx/tools/issues/310,spdx,spdx/tools,2022-10-28 12:07:36+00:00,SPDX generators for C++?,['Community Engagement and Support'],['Community Engagement and Support']
https://api.github.com/repos/spdx/tools/issues/316,spdx,spdx/tools,2023-12-13 11:34:54+00:00,Ambiguity in SPDX documentation in relation b/w files and filesAnalyzed fields,['Documentation'],['Documentation']
https://api.github.com/repos/spdx/yalm-python/issues/10,spdx,spdx/yalm-python,2020-09-06 21:42:08+00:00,Suggestion: move test text to a separate folder,['Code Quality'],['Code Quality']
https://api.github.com/repos/CycloneDX/cdxgen/issues/591,cdx,CycloneDX/cdxgen,2023-09-28 09:58:43+00:00,What if cdxgen container image bundles depscan,"['Feature Development and Enhancement', 'Integration and Interfacing']","['Feature Development and Enhancement', 'Integration and Interfacing']"
https://api.github.com/repos/CycloneDX/cdxgen/issues/595,cdx,CycloneDX/cdxgen,2023-09-29 16:33:43+00:00,Integration with 3rd party sca platforms,"['Feature Development and Enhancement', 'Integration and Interfacing']","['Feature Development and Enhancement', 'Integration and Interfacing']"
https://api.github.com/repos/CycloneDX/cdxgen/issues/6,cdx,CycloneDX/cdxgen,2020-06-18 10:48:53+00:00,FR: Yarn support,"['Feature Development and Enhancement', 'Integration and Interfacing']","['Feature Development and Enhancement', 'Integration and Interfacing']"
https://api.github.com/repos/spdx/tools-python/issues/716,spdx,spdx/tools-python,2023-06-29 09:11:04+00:00,Auto-generate the SPDX3 model from the official specification,"['Feature Development and Enhancement', 'Code Components']","['Feature Development and Enhancement', 'Code Components']"
https://api.github.com/repos/spdx/tools-python/issues/717,spdx,spdx/tools-python,2023-06-29 09:20:20+00:00,Update SPDX3 model to latest spec,"['Code Components', 'Feature Development and Enhancement']","['Feature Development and Enhancement', 'Code Components']"
https://api.github.com/repos/spdx/tools-python/issues/721,spdx,spdx/tools-python,2023-07-03 12:35:23+00:00,Is this organization name really invalid?,"['Code Components', 'Bug Fixes and Defects']","['Bug Fixes and Defects', 'Code Components']"
https://api.github.com/repos/spdx/tools-python/issues/732,spdx,spdx/tools-python,2023-07-19 08:54:10+00:00,"make ""Package CONTAINS Package"" valid even when `files_analyzed == False`",['Bug Fixes and Defects'],['Bug Fixes and Defects']
https://api.github.com/repos/spdx/tools-python/issues/745,spdx,spdx/tools-python,2023-08-09 18:30:08+00:00,Error validating download location with git+ssh URI,['Bug Fixes and Defects'],['Bug Fixes and Defects']
https://api.github.com/repos/spdx/tools-python/issues/75,spdx,spdx/tools-python,2018-07-04 07:30:23+00:00,Incorrect info in docstring of method `set_pkg_cr_text`,['Documentation'],['Documentation']
https://api.github.com/repos/spdx/tools-python/issues/754,spdx,spdx/tools-python,2023-09-06 14:53:50+00:00,Conversion from JSON tag:value gives invalid SPDX,['Bug Fixes and Defects'],['Bug Fixes and Defects']
https://api.github.com/repos/spdx/tools-python/issues/55,spdx,spdx/tools-python,2018-03-21 05:46:39+00:00,Report an error when an `UNKNOWN_TAG` is found,['Bug Fixes and Defects'],['Bug Fixes and Defects']
https://api.github.com/repos/CycloneDX/cdxgen/issues/728,cdx,CycloneDX/cdxgen,2023-11-20 18:56:01+00:00,[go] Some required components are optional,"['Bug Fixes and Defects', 'Code Components']","['Bug Fixes and Defects', 'Code Components']"
https://api.github.com/repos/CycloneDX/cdxgen/issues/73,cdx,CycloneDX/cdxgen,2021-08-20 16:28:19+00:00,Gradle SBOM Issue,"['Bug Fixes and Defects', 'Integration and Interfacing']","['Bug Fixes and Defects', 'Integration and Interfacing']"
https://api.github.com/repos/CycloneDX/cdxgen/issues/737,cdx,CycloneDX/cdxgen,2023-11-22 10:38:03+00:00,Dependency information missing in SBOM,"['Bug Fixes and Defects', 'Code Components']","['Bug Fixes and Defects', 'Code Components']"
https://api.github.com/repos/CycloneDX/cdxgen/issues/74,cdx,CycloneDX/cdxgen,2021-08-27 04:21:12+00:00,suggested version fo cdxgen,['Community Engagement and Support'],['Community Engagement and Support']
https://api.github.com/repos/CycloneDX/cdxgen/issues/740,cdx,CycloneDX/cdxgen,2023-11-23 10:10:10+00:00,Support for populating formulation.components,"['Feature Development and Enhancement', 'Integration and Interfacing']","['Feature Development and Enhancement', 'Integration and Interfacing']"
https://api.github.com/repos/spdx/tools-python/issues/690,spdx,spdx/tools-python,2023-06-07 06:37:41+00:00,SPDX3: data license should be a URI,"['Bug Fixes and Defects', 'Code Components']","['Bug Fixes and Defects', 'Code Components']"
https://api.github.com/repos/spdx/tools-python/issues/701,spdx,spdx/tools-python,2023-06-20 09:51:59+00:00,Multiple instances of PackageAttributionText within a package not handled,"['Bug Fixes and Defects', 'Code Components']","['Bug Fixes and Defects', 'Code Components']"
https://api.github.com/repos/spdx/tools-python/issues/715,spdx,spdx/tools-python,2023-06-29 09:08:33+00:00,Write documentation on architecture of the project,['Documentation'],['Documentation']
https://api.github.com/repos/CycloneDX/cdxgen/issues/674,cdx,CycloneDX/cdxgen,2023-10-26 12:07:53+00:00,JavaScript analyzer does not output evidence if a transitive of direct is called,"['Bug Fixes and Defects', 'Code Components']","['Bug Fixes and Defects', 'Code Components']"
https://api.github.com/repos/CycloneDX/cdxgen/issues/677,cdx,CycloneDX/cdxgen,2023-10-27 10:34:55+00:00,[Python] Track git referenced packages,"['Feature Development and Enhancement', 'Code Components']","['Feature Development and Enhancement', 'Code Components']"
https://api.github.com/repos/CycloneDX/cdxgen/issues/694,cdx,CycloneDX/cdxgen,2023-11-06 08:04:31+00:00,Automatic Image Pull for Private Docker Registry in cdxgen,"['Feature Development and Enhancement', 'Integration and Interfacing']","['Feature Development and Enhancement', 'Integration and Interfacing']"
https://api.github.com/repos/CycloneDX/cdxgen/issues/70,cdx,CycloneDX/cdxgen,2021-07-28 21:30:36+00:00,python setup.py support,"['Bug Fixes and Defects', 'Documentation']","['Bug Fixes and Defects', 'Documentation']"
https://api.github.com/repos/CycloneDX/cdxgen/issues/702,cdx,CycloneDX/cdxgen,2023-11-07 23:09:09+00:00,unit test failure when updating arborist to 7.2.1,['Bug Fixes and Defects'],['Bug Fixes and Defects']
https://api.github.com/repos/CycloneDX/cdxgen/issues/703,cdx,CycloneDX/cdxgen,2023-11-09 06:20:39+00:00,Possible regression in version 9.9.2: `[ 'Invalid purl pkg:generic/:opencv' ]`,['Bug Fixes and Defects'],['Bug Fixes and Defects']
https://api.github.com/repos/CycloneDX/cdxgen/issues/71,cdx,CycloneDX/cdxgen,2021-08-17 09:08:48+00:00,BOM validation failed for GO bom,"['Bug Fixes and Defects', 'Code Components']","['Bug Fixes and Defects', 'Code Components']"
https://api.github.com/repos/CycloneDX/cdxgen/issues/72,cdx,CycloneDX/cdxgen,2021-08-17 13:23:11+00:00,Add validation tests to workflow,['Continuous Integration and Deployment (CI/CD)'],['Continuous Integration and Deployment (CI/CD)']
https://api.github.com/repos/spdx/tools-python/issues/97,spdx,spdx/tools-python,2019-04-05 17:34:43+00:00,Duplicate extracted licenses when parsing from RDF,['Bug Fixes and Defects'],['Bug Fixes and Defects']
https://api.github.com/repos/spdx/tools/issues/139,spdx,spdx/tools,2018-01-02 19:35:28+00:00,"Errors encounters on spreadsheet translations when any text field exceeds 32,767 characters","['Bug Fixes and Defects', 'User Interface and Outputs']","['Bug Fixes and Defects', 'User Interface and Outputs']"
https://api.github.com/repos/spdx/tools/issues/143,spdx,spdx/tools,2018-01-09 04:37:44+00:00,LicenseListPublisher hangs when exiting,['Bug Fixes and Defects'],['Bug Fixes and Defects']
https://api.github.com/repos/spdx/tools/issues/145,spdx,spdx/tools,2018-01-10 05:49:05+00:00,Dependency Tree Exclusions for RDF/Tag parsing,['Configuration'],['Configuration']
https://api.github.com/repos/spdx/tools/issues/155,spdx,spdx/tools,2018-04-05 13:08:48+00:00,"Exception in thread ""main"" java.lang.NullPointerException",['Bug Fixes and Defects'],['Bug Fixes and Defects']
https://api.github.com/repos/spdx/tools/issues/160,spdx,spdx/tools,2018-04-23 23:01:06+00:00,RdfToHtml cannot find template resources,['Bug Fixes and Defects'],['Bug Fixes and Defects']
https://api.github.com/repos/CycloneDX/cdxgen/issues/669,cdx,CycloneDX/cdxgen,2023-10-25 18:11:18+00:00,Output for pnpm project is unexpected and invalid,"['Bug Fixes and Defects', 'Code Components']","['Bug Fixes and Defects', 'Code Components']"
https://api.github.com/repos/CycloneDX/cdxgen/issues/67,cdx,CycloneDX/cdxgen,2021-07-16 10:41:09+00:00,Support for go binary,"['Feature Development and Enhancement', 'Integration and Interfacing']","['Feature Development and Enhancement', 'Integration and Interfacing']"
https://api.github.com/repos/CycloneDX/cdxgen/issues/806,cdx,CycloneDX/cdxgen,2024-01-08 11:04:59+00:00,Support of cache in CDXGEN,['Feature Development and Enhancement'],['Feature Development and Enhancement']
https://api.github.com/repos/CycloneDX/cdxgen/issues/812,cdx,CycloneDX/cdxgen,2024-01-10 18:49:58+00:00,[hbom] fwupd support,"['Feature Development and Enhancement', 'Integration and Interfacing']","['Feature Development and Enhancement', 'Integration and Interfacing']"
https://api.github.com/repos/CycloneDX/cdxgen/issues/834,cdx,CycloneDX/cdxgen,2024-01-27 14:38:52+00:00,[deno] sqlite3 doesn't work,"['Bug Fixes and Defects', 'Integration and Interfacing']","['Bug Fixes and Defects', 'Integration and Interfacing']"
https://api.github.com/repos/spdx/tools-python/issues/468,spdx,spdx/tools-python,2023-02-09 10:35:11+00:00,Make CONTRIBUTING guideline more specifc,['Documentation'],['Documentation']
https://api.github.com/repos/spdx/tools-python/issues/496,spdx,spdx/tools-python,2023-02-28 07:56:27+00:00,Release 0.7.1,['Release Management and Versioning'],['Release Management and Versioning']
https://api.github.com/repos/spdx/tools-python/issues/50,spdx,spdx/tools-python,2018-03-15 18:23:06+00:00,Messages should be returned instead of modifying the list in place,['Code Quality'],['Code Quality']
https://api.github.com/repos/spdx/tools-python/issues/506,spdx,spdx/tools-python,2023-03-06 07:36:12+00:00,Make GitHub Actions also run post-merge,['Continuous Integration and Deployment (CI/CD)'],['Continuous Integration and Deployment (CI/CD)']
https://api.github.com/repos/spdx/tools-python/issues/52,spdx,spdx/tools-python,2018-03-16 11:03:35+00:00,Redundant `self.error = True` in parsers/tagvalue.py,['Code Quality'],['Code Quality']
https://api.github.com/repos/CycloneDX/cdxgen/issues/768,cdx,CycloneDX/cdxgen,2023-12-08 19:08:34+00:00,"Hallucinated component in sbom with build-time ""generated"" components.","['Bug Fixes and Defects', 'Code Components']","['Bug Fixes and Defects', 'Code Components']"
https://api.github.com/repos/CycloneDX/cdxgen/issues/77,cdx,CycloneDX/cdxgen,2021-09-16 07:55:06+00:00,ReferenceError: buildBomString is not defined ,['Bug Fixes and Defects'],['Bug Fixes and Defects']
https://api.github.com/repos/CycloneDX/cdxgen/issues/771,cdx,CycloneDX/cdxgen,2023-12-11 18:48:11+00:00,React Native Application: missing description into sbom for android ,"['Bug Fixes and Defects', 'Code Components']","['Bug Fixes and Defects', 'Code Components']"
https://api.github.com/repos/CycloneDX/cdxgen/issues/776,cdx,CycloneDX/cdxgen,2023-12-13 13:43:50+00:00,Dotnet Component Metadata not resolved,"['Bug Fixes and Defects', 'Code Components']","['Bug Fixes and Defects', 'Code Components']"
https://api.github.com/repos/CycloneDX/cdxgen/issues/784,cdx,CycloneDX/cdxgen,2023-12-22 11:05:37+00:00,[pnpm] Invalid purl,['Bug Fixes and Defects'],['Bug Fixes and Defects']
https://api.github.com/repos/CycloneDX/cdxgen/issues/794,cdx,CycloneDX/cdxgen,2023-12-26 18:02:21+00:00,[v] v.mod support,"['Integration and Interfacing', 'Feature Development and Enhancement']","['Integration and Interfacing', 'Feature Development and Enhancement']"
https://api.github.com/repos/CycloneDX/cdxgen/issues/797,cdx,CycloneDX/cdxgen,2024-01-02 12:05:24+00:00,[docs] formalize the versioning scheme used by the project,"['Documentation', 'Release Management and Versioning']","['Documentation', 'Release Management and Versioning']"
https://api.github.com/repos/CycloneDX/cdxgen/issues/800,cdx,CycloneDX/cdxgen,2024-01-03 22:11:30+00:00,[ruby] Invalid purl is generated while parsing gemfile lock with remote,"['Bug Fixes and Defects', 'Code Components']","['Bug Fixes and Defects', 'Code Components']"
https://api.github.com/repos/spdx/tools-python/issues/643,spdx,spdx/tools-python,2023-05-10 10:57:55+00:00,Implement conversion for `license_comment`,"['Code Components', 'Feature Development and Enhancement']","['Feature Development and Enhancement', 'Code Components']"
https://api.github.com/repos/spdx/tools-python/issues/649,spdx,spdx/tools-python,2023-05-12 06:21:32+00:00,TV-Parser raises IndexError if package has no SPDXID,['Bug Fixes and Defects'],['Bug Fixes and Defects']
https://api.github.com/repos/spdx/tools-python/issues/680,spdx,spdx/tools-python,2023-06-01 00:14:50+00:00,Questions for using spdx_tools with V3 Model,['Community Engagement and Support'],['Community Engagement and Support']
https://api.github.com/repos/spdx/tools-python/issues/682,spdx,spdx/tools-python,2023-06-01 00:39:52+00:00,[Bug] Sensor is required for Dataset object,['Bug Fixes and Defects'],['Bug Fixes and Defects']
https://api.github.com/repos/spdx/tools-python/issues/689,spdx,spdx/tools-python,2023-06-07 06:35:09+00:00,Automatic checks for missing license headers,"['Continuous Integration and Deployment (CI/CD)', 'Licensing']","['Continuous Integration and Deployment (CI/CD)', 'Licensing']"
https://api.github.com/repos/CycloneDX/cdxgen/issues/745,cdx,CycloneDX/cdxgen,2023-11-27 20:23:47+00:00,Docker / OCI container not supported ,['Bug Fixes and Defects'],['Bug Fixes and Defects']
https://api.github.com/repos/CycloneDX/cdxgen/issues/746,cdx,CycloneDX/cdxgen,2023-11-28 08:35:38+00:00,Missing Node.js components after upgrading from 9.7.4 to 9.8.0 and later,['Bug Fixes and Defects'],['Bug Fixes and Defects']
https://api.github.com/repos/CycloneDX/cdxgen/issues/753,cdx,CycloneDX/cdxgen,2023-12-01 16:08:17+00:00,Unable to Execute Binary with Maven Path Containing Spaces,['Bug Fixes and Defects'],['Bug Fixes and Defects']
https://api.github.com/repos/spdx/tools-python/issues/57,spdx,spdx/tools-python,2018-03-26 15:59:23+00:00,"TypeError: write() argument must be str, not bytes",['Bug Fixes and Defects'],['Bug Fixes and Defects']
https://api.github.com/repos/spdx/tools-python/issues/58,spdx,spdx/tools-python,2018-03-26 16:08:56+00:00,there are some extra quotes which may confuse people,['Documentation'],['Documentation']
https://api.github.com/repos/spdx/tools-python/issues/586,spdx,spdx/tools-python,2023-04-17 11:43:09+00:00,CLI raises error if no arguments provided,"['Bug Fixes and Defects', 'User Interface and Outputs']","['User Interface and Outputs', 'Bug Fixes and Defects']"
https://api.github.com/repos/spdx/tools-python/issues/589,spdx,spdx/tools-python,2023-04-17 12:44:22+00:00,JSON parser: homepage of package not parsed correctly,"['Bug Fixes and Defects', 'Code Components']","['Bug Fixes and Defects', 'Code Components']"
https://api.github.com/repos/spdx/tools-python/issues/592,spdx,spdx/tools-python,2023-04-18 14:33:20+00:00,`src/common` should be installed inside package,['Configuration'],['Configuration']
https://api.github.com/repos/spdx/tools-python/issues/611,spdx,spdx/tools-python,2023-04-24 13:13:26+00:00,XML Parser fails for empty tags,"['Bug Fixes and Defects', 'Code Components']","['Bug Fixes and Defects', 'Code Components']"
https://api.github.com/repos/spdx/tools-python/issues/630,spdx,spdx/tools-python,2023-05-04 13:05:57+00:00,Don't crash on duplicated filetypes,['Bug Fixes and Defects'],['Bug Fixes and Defects']
https://api.github.com/repos/spdx/tools-python/issues/64,spdx,spdx/tools-python,2018-04-28 11:24:49+00:00,virtualenv error on OSX build (CircleCI),['Continuous Integration and Deployment (CI/CD)'],['Continuous Integration and Deployment (CI/CD)']
https://api.github.com/repos/spdx/tools-python/issues/135,spdx,spdx/tools-python,2020-06-08 13:21:24+00:00,TODO task in readme,['Community Engagement and Support'],['Community Engagement and Support']
https://api.github.com/repos/spdx/tools-python/issues/145,spdx,spdx/tools-python,2020-09-08 21:30:30+00:00,Question on UML Object model,['Community Engagement and Support'],['Community Engagement and Support']
https://api.github.com/repos/spdx/tools-python/issues/149,spdx,spdx/tools-python,2020-10-11 10:35:42+00:00,"when files_analyzed is set to false, validation does not comply with specs",['Bug Fixes and Defects'],['Bug Fixes and Defects']
https://api.github.com/repos/spdx/tools-python/issues/160,spdx,spdx/tools-python,2021-05-24 19:47:20+00:00,SPDX tools current state for testing SPDX tag documents. ,['Community Engagement and Support'],['Community Engagement and Support']
https://api.github.com/repos/spdx/tools-python/issues/161,spdx,spdx/tools-python,2021-06-04 17:50:02+00:00,CI failures: click has dropped support for Python 2.7,"['Continuous Integration and Deployment (CI/CD)', 'Configuration']","['Continuous Integration and Deployment (CI/CD)', 'Configuration']"
https://api.github.com/repos/spdx/tools-python/issues/163,spdx,spdx/tools-python,2021-06-04 19:59:46+00:00,CI failures: CircleCI XCode version is no longer supported,['Continuous Integration and Deployment (CI/CD)'],['Continuous Integration and Deployment (CI/CD)']
https://api.github.com/repos/spdx/tools-python/issues/165,spdx,spdx/tools-python,2021-06-05 00:24:03+00:00,CI failures: drop Windows testing of Python 2.7 and 32-bit,['Continuous Integration and Deployment (CI/CD)'],['Continuous Integration and Deployment (CI/CD)']
https://api.github.com/repos/spdx/tools-python/issues/182,spdx,spdx/tools-python,2021-07-16 18:06:47+00:00,Package requires SHA1 hash but spec does not require it,['Bug Fixes and Defects'],['Bug Fixes and Defects']
https://api.github.com/repos/spdx/tools-python/issues/328,spdx,spdx/tools-python,2022-11-29 11:31:24+00:00,json parsing issue when no packages are present,['Bug Fixes and Defects'],['Bug Fixes and Defects']
https://api.github.com/repos/spdx/tools-python/issues/333,spdx,spdx/tools-python,2022-11-29 15:49:37+00:00,jsonyamlxml parser throws TypeError when parsing relationships for None-SPDXIDs,"['Bug Fixes and Defects', 'Code Components']","['Bug Fixes and Defects', 'Code Components']"
https://api.github.com/repos/spdx/tools-python/issues/335,spdx,spdx/tools-python,2022-11-30 16:56:24+00:00,Update TODOs in readme,['Documentation'],['Documentation']
https://api.github.com/repos/spdx/tools-python/issues/358,spdx,spdx/tools-python,2022-12-08 14:24:08+00:00,"Remove old data model, parsers and writers in new refactor branch","['Code Quality', 'Technical Debt']","['Technical Debt', 'Code Quality']"
https://api.github.com/repos/spdx/tools-python/issues/39,spdx,spdx/tools-python,2018-03-06 12:43:20+00:00,Parsing the .tag file gives error,"['Bug Fixes and Defects', 'Code Components']","['Bug Fixes and Defects', 'Code Components']"
https://api.github.com/repos/spdx/tools-python/issues/391,spdx,spdx/tools-python,2022-12-29 09:57:13+00:00,Update README in refactor branch,['Documentation'],['Documentation']
https://api.github.com/repos/spdx/tools-python/issues/41,spdx,spdx/tools-python,2018-03-06 12:53:54+00:00,Update .gitignore ,['Configuration'],['Configuration']
https://api.github.com/repos/spdx/tools-python/issues/128,spdx,spdx/tools-python,2020-02-05 13:15:03+00:00,example file write_tv showing invalid document,['Bug Fixes and Defects'],['Bug Fixes and Defects']
https://api.github.com/repos/CycloneDX/cdxgen/issues/96,cdx,CycloneDX/cdxgen,2021-12-16 15:09:29+00:00,cdxgen hangs on sbt dependencyList,"['Bug Fixes and Defects', 'Integration and Interfacing']","['Bug Fixes and Defects', 'Integration and Interfacing']"
https://api.github.com/repos/CycloneDX/cdxgen/issues/99,cdx,CycloneDX/cdxgen,2022-01-04 12:02:43+00:00,No error returned when failed to push to Dependency Track,['Bug Fixes and Defects'],['Bug Fixes and Defects']
https://api.github.com/repos/CycloneDX/cyclonedx-bom-repo-server/issues/379,cdx,CycloneDX/cyclonedx-bom-repo-server,2023-10-11 14:09:32+00:00,Does someone maintain this project,['Community Engagement and Support'],['Community Engagement and Support']
https://api.github.com/repos/CycloneDX/cyclonedx-cli/issues/109,cdx,CycloneDX/cyclonedx-cli,2021-03-13 02:50:08+00:00,Docker: Unhandled exception: System.IO.DirectoryNotFoundException: Could not find a part of the path ,['Bug Fixes and Defects'],['Bug Fixes and Defects']
https://api.github.com/repos/CycloneDX/cyclonedx-cli/issues/114,cdx,CycloneDX/cyclonedx-cli,2021-04-10 15:34:46+00:00,Add support for component hashes diff,['Feature Development and Enhancement'],['Feature Development and Enhancement']
https://api.github.com/repos/CycloneDX/cyclonedx-cli/issues/127,cdx,CycloneDX/cyclonedx-cli,2021-05-15 17:40:39+00:00,"Document ""merge"" usage in readme",['Documentation'],['Documentation']
https://api.github.com/repos/CycloneDX/cyclonedx-cli/issues/129,cdx,CycloneDX/cyclonedx-cli,2021-05-17 13:55:14+00:00,Regression in 0.15.0: Unable to validate SBOMs in XML format,['Bug Fixes and Defects'],['Bug Fixes and Defects']
https://api.github.com/repos/CycloneDX/cyclonedx-cli/issues/134,cdx,CycloneDX/cyclonedx-cli,2021-05-24 23:29:28+00:00,Analyze Usability #2: Include BOM Timestamp and Serial Number,"['Feature Development and Enhancement', 'User Interface and Outputs']","['Feature Development and Enhancement', 'User Interface and Outputs']"
https://api.github.com/repos/spdx/tools-python/issues/53,spdx,spdx/tools-python,2018-03-19 11:43:28+00:00,Do not require the SPDX version to be 1.2 ,['Bug Fixes and Defects'],['Bug Fixes and Defects']
https://api.github.com/repos/spdx/tools-python/issues/532,spdx,spdx/tools-python,2023-03-23 15:59:20+00:00,Automated PEP8 checking,"['Continuous Integration and Deployment (CI/CD)', 'Code Quality']","['Code Quality', 'Continuous Integration and Deployment (CI/CD)']"
https://api.github.com/repos/spdx/tools-python/issues/535,spdx,spdx/tools-python,2023-03-27 15:50:14+00:00,Use document namespace in SPDXID during 2->3 conversion,['Bug Fixes and Defects'],['Bug Fixes and Defects']
https://api.github.com/repos/CycloneDX/cdxgen/issues/852,cdx,CycloneDX/cdxgen,2024-01-29 14:28:09+00:00,Error while extracting image TAR_ENTRY_UNSUPPORTED,"['Bug Fixes and Defects', 'Code Components']","['Bug Fixes and Defects', 'Code Components']"
https://api.github.com/repos/CycloneDX/cdxgen/issues/859,cdx,CycloneDX/cdxgen,2024-01-31 00:25:32+00:00,[formulation] include-formulation option could become the default in some scenarios,['Feature Development and Enhancement'],['Feature Development and Enhancement']
https://api.github.com/repos/CycloneDX/cdxgen/issues/860,cdx,CycloneDX/cdxgen,2024-01-31 10:45:20+00:00,[Gradle/NPM] Inconsistent handling of component's name and group,"['Bug Fixes and Defects', 'Code Components']","['Bug Fixes and Defects', 'Code Components']"
https://api.github.com/repos/CycloneDX/cdxgen/issues/869,cdx,CycloneDX/cdxgen,2024-02-02 19:03:52+00:00,Generate SBOM for maven project in gitlab-ci job,"['Continuous Integration and Deployment (CI/CD)', 'Configuration']","['Configuration', 'Continuous Integration and Deployment (CI/CD)']"
https://api.github.com/repos/CycloneDX/cdxgen/issues/95,cdx,CycloneDX/cdxgen,2021-12-02 13:40:58+00:00,Recurse mode failing,['Bug Fixes and Defects'],['Bug Fixes and Defects']
https://api.github.com/repos/spdx/tools-java/issues/8,spdx,spdx/tools-java,2021-02-18 10:34:11+00:00,"Verify should support file extension ""yml""",['Bug Fixes and Defects'],['Bug Fixes and Defects']
https://api.github.com/repos/spdx/tools-java/issues/80,spdx,spdx/tools-java,2022-10-12 10:50:24+00:00,SpdxConverter changes referenceType of external references,['Bug Fixes and Defects'],['Bug Fixes and Defects']
https://api.github.com/repos/spdx/tools-java/issues/90,spdx,spdx/tools-java,2022-10-31 20:26:07+00:00,Extraneous error message when using RDF files,['Bug Fixes and Defects'],['Bug Fixes and Defects']
https://api.github.com/repos/spdx/tools-java/issues/93,spdx,spdx/tools-java,2022-11-10 13:46:38+00:00,YAML files not verified?,['Bug Fixes and Defects'],['Bug Fixes and Defects']
https://api.github.com/repos/spdx/tools-java/issues/94,spdx,spdx/tools-java,2022-11-11 16:33:12+00:00,Version output error?,['Bug Fixes and Defects'],['Bug Fixes and Defects']
https://api.github.com/repos/spdx/tools-java/issues/97,spdx,spdx/tools-java,2022-11-25 10:29:17+00:00,Option of using SPDX ID URI when converting tag files - Change proposal,"['Feature Development and Enhancement', 'User Interface and Outputs']","['Feature Development and Enhancement', 'User Interface and Outputs']"
https://api.github.com/repos/spdx/tools-golang/issues/61,spdx,spdx/tools-golang,2021-03-20 18:56:18+00:00,Push 0.1.0 release,['Release Management and Versioning'],['Release Management and Versioning']
https://api.github.com/repos/spdx/tools-golang/issues/69,spdx,spdx/tools-golang,2021-06-05 15:17:22+00:00,Rename primary branch to 'main',['Configuration'],['Configuration']
https://api.github.com/repos/spdx/tools-java/issues/4,spdx,spdx/tools-java,2021-01-17 22:54:01+00:00,Release 0.6 Checklist,['Release Management and Versioning'],['Release Management and Versioning']
https://api.github.com/repos/spdx/tools-java/issues/43,spdx,spdx/tools-java,2021-11-25 08:44:34+00:00,"[Question] About the error message ""ERROR StatusLogger No log4j2 configuration file found""",['Community Engagement and Support'],['Community Engagement and Support']
https://api.github.com/repos/spdx/tools-java/issues/61,spdx,spdx/tools-java,2022-06-08 08:55:14+00:00,Converting Tag file to RDF exception: NoSuchMethodError,['Bug Fixes and Defects'],['Bug Fixes and Defects']
https://api.github.com/repos/spdx/tools-java/issues/65,spdx,spdx/tools-java,2022-09-09 12:02:09+00:00,Update README.md to account for new file names and structure,['Documentation'],['Documentation']
https://api.github.com/repos/spdx/tools-java/issues/68,spdx,spdx/tools-java,2022-09-09 14:42:17+00:00,Compare tool shows diff when fields are identical,['Bug Fixes and Defects'],['Bug Fixes and Defects']
https://api.github.com/repos/spdx/tools-java/issues/7,spdx,spdx/tools-java,2021-02-18 02:11:09+00:00,Translating an RDF file with a 0BSD license reference fails,['Bug Fixes and Defects'],['Bug Fixes and Defects']
https://api.github.com/repos/spdx/tools-java/issues/71,spdx,spdx/tools-java,2022-09-19 09:03:51+00:00,Duplicate documentDescribes when converting from tag to xml,['Bug Fixes and Defects'],['Bug Fixes and Defects']
https://api.github.com/repos/spdx/tools-java/issues/73,spdx,spdx/tools-java,2022-09-28 13:12:26+00:00,Valid JSON document reported as invalid because exception text cannot be found ,['Bug Fixes and Defects'],['Bug Fixes and Defects']
https://api.github.com/repos/CycloneDX/cyclonedx-cli/issues/226,cdx,CycloneDX/cyclonedx-cli,2022-03-27 11:43:04+00:00,"cyclonedx-win-x64, cyclonedx-win-x86 merge issue","['Bug Fixes and Defects', 'User Interface and Outputs']","['Bug Fixes and Defects', 'User Interface and Outputs']"
https://api.github.com/repos/CycloneDX/cyclonedx-cli/issues/227,cdx,CycloneDX/cyclonedx-cli,2022-03-29 20:18:32+00:00,Merged BOM is missing license information,['Bug Fixes and Defects'],['Bug Fixes and Defects']
https://api.github.com/repos/CycloneDX/cyclonedx-cli/issues/230,cdx,CycloneDX/cyclonedx-cli,2022-04-01 07:41:57+00:00,Dependency-Graph in Dependency-Track not working after MERGE - Docker image - Kali Linux,"['Code Components', 'Bug Fixes and Defects']","['Bug Fixes and Defects', 'Code Components']"
https://api.github.com/repos/CycloneDX/cyclonedx-cli/issues/237,cdx,CycloneDX/cyclonedx-cli,2022-04-20 08:30:42+00:00,"CycloneDX-Cli CsvSerializer at schema v1.2, are there plans to upgrade to v1.4?","['Feature Development and Enhancement', 'Community Engagement and Support']","['Feature Development and Enhancement', 'Community Engagement and Support']"
https://api.github.com/repos/CycloneDX/cyclonedx-cli/issues/249,cdx,CycloneDX/cyclonedx-cli,2022-06-30 08:34:54+00:00,Embedding Scancode toolkit into Cyclone DX ,"['Feature Development and Enhancement', 'Integration and Interfacing']","['Feature Development and Enhancement', 'Integration and Interfacing']"
https://api.github.com/repos/CycloneDX/cyclonedx-cli/issues/263,cdx,CycloneDX/cyclonedx-cli,2022-09-13 11:27:04+00:00,Missed BSD-3-Clause-Modification support,"['Licensing', 'Bug Fixes and Defects']","['Bug Fixes and Defects', 'Licensing']"
https://api.github.com/repos/spdx/tools-java/issues/33,spdx,spdx/tools-java,2021-10-02 04:02:28+00:00,README.md convert example needs to be updated,['Documentation'],['Documentation']
https://api.github.com/repos/spdx/tools-java/issues/35,spdx,spdx/tools-java,2021-10-02 16:17:39+00:00,Sonar fails when merging some pull requests,['Continuous Integration and Deployment (CI/CD)'],['Continuous Integration and Deployment (CI/CD)']
https://api.github.com/repos/spdx/tools-python/issues/185,spdx,spdx/tools-python,2021-07-22 15:39:10+00:00,"Multiple checksums per entity allowed by spec, but not supported by FIle and Package classes","['Feature Development and Enhancement', 'Code Components']","['Feature Development and Enhancement', 'Code Components']"
https://api.github.com/repos/spdx/tools-python/issues/190,spdx,spdx/tools-python,2021-09-16 15:38:18+00:00,Minor spelling error in parser message 'lext' ==> 'text',['Bug Fixes and Defects'],['Bug Fixes and Defects']
https://api.github.com/repos/spdx/tools-python/issues/255,spdx,spdx/tools-python,2022-10-27 23:14:42+00:00,Doesn't even work with provided examples,['Bug Fixes and Defects'],['Bug Fixes and Defects']
https://api.github.com/repos/spdx/tools-python/issues/29,spdx,spdx/tools-python,2018-02-25 06:55:05+00:00,Readme points to old Github account of the primary author,['Documentation'],['Documentation']
https://api.github.com/repos/CycloneDX/cyclonedx-cli/issues/179,cdx,CycloneDX/cyclonedx-cli,2021-10-10 11:27:11+00:00,`merge`-d polyglot SBOM loses dependency graph information,"['Bug Fixes and Defects', 'Code Components']","['Bug Fixes and Defects', 'Code Components']"
https://api.github.com/repos/CycloneDX/cyclonedx-cli/issues/206,cdx,CycloneDX/cyclonedx-cli,2022-02-16 23:28:00+00:00,"cyclonedx-win-x64 prefixing the file to be added with a ""\"", causing a FileNotFoundException.",['Bug Fixes and Defects'],['Bug Fixes and Defects']
https://api.github.com/repos/CycloneDX/cyclonedx-cli/issues/217,cdx,CycloneDX/cyclonedx-cli,2022-03-10 09:33:38+00:00,Add support for Separation of Concern,['Feature Development and Enhancement'],['Feature Development and Enhancement']
https://api.github.com/repos/CycloneDX/cyclonedx-cli/issues/218,cdx,CycloneDX/cyclonedx-cli,2022-03-19 05:08:30+00:00,Merge command looses `metadata.component` from original SBOMs,['Bug Fixes and Defects'],['Bug Fixes and Defects']
https://api.github.com/repos/spdx/tools-golang/issues/168,spdx,spdx/tools-golang,2022-10-21 18:51:21+00:00,Streamline testing with testCases and reflect.DeepEquals,['Code Quality'],['Code Quality']
https://api.github.com/repos/spdx/tools-golang/issues/195,spdx,spdx/tools-golang,2023-02-17 19:21:35+00:00,SPDX tag-value parsing fails for ExternalDocumentRef in document.,['Bug Fixes and Defects'],['Bug Fixes and Defects']
https://api.github.com/repos/spdx/tools-golang/issues/222,spdx,spdx/tools-golang,2023-09-13 08:04:13+00:00,The document validation function does not check the uniqueness of SPDX identifiers,['Bug Fixes and Defects'],['Bug Fixes and Defects']
https://api.github.com/repos/spdx/tools-golang/issues/225,spdx,spdx/tools-golang,2023-09-21 19:23:43+00:00,Error while parsing no colon found in 'Relationship',['Bug Fixes and Defects'],['Bug Fixes and Defects']
https://api.github.com/repos/spdx/tools-golang/issues/234,spdx,spdx/tools-golang,2024-01-11 17:27:57+00:00,MIssing File details for some spdx file,['Bug Fixes and Defects'],['Bug Fixes and Defects']
https://api.github.com/repos/spdx/tools-golang/issues/24,spdx,spdx/tools-golang,2020-04-11 19:37:14+00:00,Consider changing data model to IDs as keys,"['Code Components', 'Code Quality']","['Code Quality', 'Code Components']"
https://api.github.com/repos/spdx/tools-golang/issues/30,spdx,spdx/tools-golang,2020-06-06 13:24:17+00:00,Failing Tests on Windows Machine,['Bug Fixes and Defects'],['Bug Fixes and Defects']
https://api.github.com/repos/spdx/tools-golang/issues/33,spdx,spdx/tools-golang,2020-06-13 18:53:26+00:00,Switch to GitHub Actions,['Continuous Integration and Deployment (CI/CD)'],['Continuous Integration and Deployment (CI/CD)']
https://api.github.com/repos/spdx/tools-java/issues/29,spdx,spdx/tools-java,2021-09-20 01:20:39+00:00,OLW to JSON Context generates singular properties for list only properties,['Bug Fixes and Defects'],['Bug Fixes and Defects']
https://api.github.com/repos/CycloneDX/cyclonedx-cli/issues/292,cdx,CycloneDX/cyclonedx-cli,2022-12-18 10:20:20+00:00,Enhance validate command to point to the exact attribute and value,"['Feature Development and Enhancement', 'User Interface and Outputs']","['Feature Development and Enhancement', 'User Interface and Outputs']"
https://api.github.com/repos/CycloneDX/cyclonedx-cli/issues/304,cdx,CycloneDX/cyclonedx-cli,2023-02-01 15:19:21+00:00,Hierarchical merge misplaces <properties> nodes of toplevel components,"['Bug Fixes and Defects', 'Code Components']","['Code Components', 'Bug Fixes and Defects']"
https://api.github.com/repos/CycloneDX/cyclonedx-cli/issues/308,spdx,CycloneDX/cyclonedx-cli,2023-03-03 15:09:01+00:00,Validate doesn't tell you why the format isn't any good or where the problem is,"['Bug Fixes and Defects', 'User Interface and Outputs']","['User Interface and Outputs', 'Bug Fixes and Defects']"
https://api.github.com/repos/CycloneDX/cyclonedx-cli/issues/322,cdx,CycloneDX/cyclonedx-cli,2023-06-20 11:31:37+00:00,"When converting cyclonedx xml to json and a dependency has multiple licenses, only the first license is taken into account","['Bug Fixes and Defects', 'Code Components']","['Bug Fixes and Defects', 'Code Components']"
https://api.github.com/repos/CycloneDX/cyclonedx-cli/issues/326,cdx,CycloneDX/cyclonedx-cli,2023-06-30 13:14:15+00:00,Merged SBOMs contain duplicates,"['Bug Fixes and Defects', 'Release Management and Versioning']","['Bug Fixes and Defects', 'Release Management and Versioning']"
https://api.github.com/repos/spdx/tools-golang/issues/161,spdx,spdx/tools-golang,2022-08-31 06:29:47+00:00,FileChecksum doesn't support hash types as per spec,"['Bug Fixes and Defects', 'Code Components']","['Bug Fixes and Defects', 'Code Components']"
https://api.github.com/repos/spdx/tools-golang/issues/167,spdx,spdx/tools-golang,2022-10-13 16:00:51+00:00,Reduce utility duplication by implementing document conversions,"['Code Quality', 'Feature Development and Enhancement']","['Feature Development and Enhancement', 'Code Quality']"
https://api.github.com/repos/spdx/spdx-3-model/issues/534,spdx,spdx/spdx-3-model,2023-10-25 15:13:51+00:00,relationshipType names should clearly indicate direction,"['Code Components', 'Feature Development and Enhancement']","['Code Quality', 'User Interface and Outputs']"
https://api.github.com/repos/CycloneDX/cyclonedx-python-lib/issues/363,spdx,CycloneDX/cyclonedx-python-lib,2023-03-22 15:51:32+00:00,ExternalReference url parameters that are not XsUri cause hard to find serialization issues,"['Code Components', 'Libraries', 'Bug Fixes and Defects']","['User Interface and Outputs', 'Bug Fixes and Defects', 'Release Management and Versioning']"
https://api.github.com/repos/spdx/spdx-spec/issues/729,spdx,spdx/spdx-spec,2022-06-24 23:44:32+00:00,Use of dashes in enumeration values for spec,"['Feature Development and Enhancement', 'Code Components']","['Integration and Interfacing', 'Code Quality']"
https://api.github.com/repos/CycloneDX/cyclonedx-core-java/issues/233,cdx,CycloneDX/cyclonedx-core-java,2022-11-09 09:15:23+00:00,"Should `cpe` be ""un-deprecated""?","['Feature Development and Enhancement', 'Libraries', 'Code Components']","['Documentation', 'Code Quality', 'Feature Development and Enhancement']"
https://api.github.com/repos/fsfe/reuse-tool/issues/110,spdx,fsfe/reuse-tool,2019-11-13 10:08:19+00:00,kotlin files are not supported (.kt),"['Feature Development and Enhancement', 'Integration and Interfacing']","['Bug Fixes and Defects', 'Code Components']"
https://api.github.com/repos/fsfe/reuse-tool/issues/637,spdx,fsfe/reuse-tool,2022-12-19 21:32:31+00:00,Lisp comment character should go back to using double semicolons,"['Code Components', 'Feature Development and Enhancement']","['Bug Fixes and Defects', 'Code Quality']"
https://api.github.com/repos/spdx/tools-golang/issues/26,spdx,spdx/tools-golang,2020-05-09 18:23:33+00:00,Should warn or error for pkgs / files without SPDX IDs,"['Code Components', 'Feature Development and Enhancement']","['Bug Fixes and Defects', 'Code Quality']"
https://api.github.com/repos/CycloneDX/cyclonedx-php-composer/issues/113,cdx,CycloneDX/cyclonedx-php-composer,2021-07-31 08:10:19+00:00,core library: make bomRefs unique,"['Libraries', 'Code Components']","['Bug Fixes and Defects', 'Code Quality', 'Feature Development and Enhancement', 'Libraries']"
https://api.github.com/repos/tern-tools/tern/issues/1108,spdx,tern-tools/tern,2022-01-25 22:21:38+00:00,May need to adjust scancode parsing variable names,['Licensing'],"['Bug Fixes and Defects', 'Code Quality']"
https://api.github.com/repos/CycloneDX/cyclonedx-php-library/issues/80,spdx,CycloneDX/cyclonedx-php-library,2022-03-08 07:32:04+00:00,switch JSON schema validator to 'opis/json-schema',"['Configuration', 'Libraries', 'Code Components']","['Libraries', 'Feature Development and Enhancement', 'Documentation']"
https://api.github.com/repos/composer/spdx-licenses/issues/16,spdx,composer/spdx-licenses,2018-01-01 12:29:41+00:00,Use SPDX data files instead of screen-scraping,"['Licensing', 'Code Components']","['Feature Development and Enhancement', 'Code Quality']"
https://api.github.com/repos/spdx/tools-golang/issues/152,spdx,spdx/tools-golang,2022-07-19 14:55:24+00:00,Adding minor versions: Versioning refactor proposal,"['Code Components', 'Libraries']","['Feature Development and Enhancement', 'Code Quality']"
https://api.github.com/repos/oss-review-toolkit/ort/issues/3165,spdx,oss-review-toolkit/ort,2020-10-05 06:48:29+00:00,License file patterns: Consistent use and configuration,"['Licensing', 'Configuration', 'Bug Fixes and Defects']","['Feature Development and Enhancement', 'Configuration', 'Code Components']"
https://api.github.com/repos/anchore/syft/issues/1260,spdx,anchore/syft,2022-10-13 04:21:46+00:00,SBOM from a source code repos have missing or repetitive component inventory ,['Bug Fixes and Defects'],"['Feature Development and Enhancement', 'Integration and Interfacing', 'Code Components']"
https://api.github.com/repos/spdx/tools/issues/147,spdx,spdx/tools,2018-01-11 16:56:38+00:00,Proposal: Move LicenseRdfaGenerator to a separate github repository,"['Libraries', 'Release Management and Versioning']","['Code Components', 'Technical Debt']"
https://api.github.com/repos/sonatype-nexus-community/cyclonedx-sbom-examples/issues/19,cdx,sonatype-nexus-community/cyclonedx-sbom-examples,2021-01-08 19:32:16+00:00,[DepShield] (CVSS 7.4) Vulnerability due to usage of lodash._root:3.0.1,['Configuration'],"['Bug Fixes and Defects', 'Libraries']"
https://api.github.com/repos/anchore/syft/issues/527,spdx,anchore/syft,2021-10-04 06:41:56+00:00,Cant install Syft on Mac M1,['Integration and Interfacing'],"['Bug Fixes and Defects', 'Configuration']"
https://api.github.com/repos/spdx/spdx-spec/issues/795,spdx,spdx/spdx-spec,2022-10-06 21:45:49+00:00,JSON schema should include `documentNamespace` as required,['Documentation'],"['Bug Fixes and Defects', 'Code Quality']"
https://api.github.com/repos/sonatype-nexus-community/auditjs/issues/86,cdx,sonatype-nexus-community/auditjs,2019-12-23 18:44:56+00:00,[DepShield] (CVSS 7.4) Vulnerability due to usage of lodash.union:4.6.0,['Configuration'],"['Bug Fixes and Defects', 'Libraries']"
https://api.github.com/repos/spdx/sbom-landscape/issues/27,spdx,spdx/sbom-landscape,2023-04-14 13:38:36+00:00,Add SPDX adopters to the landscape,['Documentation'],"['Feature Development and Enhancement', 'Community Engagement and Support']"
https://api.github.com/repos/CycloneDX/cyclonedx-rust-cargo/issues/446,spdx,CycloneDX/cyclonedx-rust-cargo,2023-08-01 13:19:33+00:00,Allow access to the spec version,"['Code Components', 'Feature Development and Enhancement', 'Libraries']","['Feature Development and Enhancement', 'Integration and Interfacing']"
https://api.github.com/repos/fsfe/reuse-tool/issues/731,spdx,fsfe/reuse-tool,2023-04-10 19:25:41+00:00,`sphinxcontrib-apidoc` dependency is not maintained,['Configuration'],"['Libraries', 'Technical Debt']"
https://api.github.com/repos/spdx/spdx-spec/issues/792,spdx,spdx/spdx-spec,2022-10-02 14:13:20+00:00,PACKAGE_MANAGER vs PACKAGE-MANAGER,['Documentation'],"['Code Components', 'Integration and Interfacing']"
https://api.github.com/repos/spdx/sbom-landscape/issues/1,spdx,spdx/sbom-landscape,2021-05-16 17:15:53+00:00,Bootstrap SBOM SPDX Landscape,['Documentation'],"['Feature Development and Enhancement', 'Community Engagement and Support']"
https://api.github.com/repos/openclarity/kubeclarity/issues/225,cdx,openclarity/kubeclarity,2022-08-18 04:26:41+00:00,clone(openclarity#225): kubeclarity-cli scan UNAUTHORIZED: unauthorized to access repository(e.g. harbor),['Configuration'],"['Bug Fixes and Defects', 'Integration and Interfacing']"
https://api.github.com/repos/kubernetes-sigs/bom/issues/7,spdx,kubernetes-sigs/bom,2021-12-07 22:56:48+00:00,Create a SECURITY_CONTACTS file.,['Documentation'],"['Configuration', 'Community Engagement and Support']"
https://api.github.com/repos/spdx/tools-python/issues/56,spdx,spdx/tools-python,2018-03-25 15:59:44+00:00,Change print to python3 style in example,['Documentation'],"['Bug Fixes and Defects', 'Code Quality']"
https://api.github.com/repos/spdx/tools-python/issues/564,spdx,spdx/tools-python,2023-04-05 12:00:03+00:00,"add constant for ""SPDXRef-DOCUMENT""",['Libraries'],"['Code Quality', 'Feature Development and Enhancement']"
https://api.github.com/repos/spdx/Spdx-Java-Library/issues/215,spdx,spdx/Spdx-Java-Library,2023-11-03 15:25:27+00:00,In need of a canonical way to add license texts for licenseRefs / Maybe bugged?,"['Documentation', 'Libraries']","['Bug Fixes and Defects', 'Feature Development and Enhancement', 'Documentation']"
https://api.github.com/repos/spdx/spdx-spec/issues/164,spdx,spdx/spdx-spec,2019-12-12 20:49:03+00:00,Model XMI cannot be opened,['Documentation'],"['Bug Fixes and Defects', 'Code Components']"
https://api.github.com/repos/jslicense/spdx-expression-parse.js/issues/33,spdx,jslicense/spdx-expression-parse.js,2024-01-23 20:49:42+00:00,Replace the spdx-license-ids and spdx-exceptions packages with upstream data,['Technical Debt'],"['Libraries', 'Feature Development and Enhancement']"
https://api.github.com/repos/dl9pf/meta-spdxscanner/issues/23,spdx,dl9pf/meta-spdxscanner,2020-10-22 21:10:39+00:00,Integrate do_spdx nopackages integration into spdx-common class,['Configuration'],"['Feature Development and Enhancement', 'Code Components']"
https://api.github.com/repos/jslicense/spdx-expression-parse.js/issues/31,spdx,jslicense/spdx-expression-parse.js,2023-09-20 10:36:03+00:00,Old version of spdx-license-ids lib,['Configuration'],"['Libraries', 'Code Quality']"
https://api.github.com/repos/jslicense/spdx-license-ids/issues/34,spdx,jslicense/spdx-license-ids,2023-07-24 15:40:13+00:00,Deprecated license that ends with +,['Licensing'],"['Bug Fixes and Defects', 'Code Components']"
https://api.github.com/repos/spdx/spdx-online-tools/issues/66,spdx,spdx/spdx-online-tools,2018-11-01 20:47:26+00:00,Submit new license: add question re: OSI submission,['Licensing'],"['Feature Development and Enhancement', 'User Interface and Outputs']"
https://api.github.com/repos/jslicense/spdx-license-ids/issues/11,spdx,jslicense/spdx-license-ids,2018-10-19 16:24:34+00:00,Get NONE and NOASSERTION options added ,['Licensing'],"['Feature Development and Enhancement', 'Integration and Interfacing']"
https://api.github.com/repos/pypa/pip-audit/issues/50,cdx,pypa/pip-audit,2021-10-04 07:12:07+00:00,Remove `virtualenv-api` dependency,"['Technical Debt', 'Code Quality']","['Feature Development and Enhancement', 'Libraries', 'Technical Debt']"
https://api.github.com/repos/spdx/tools-python/issues/488,spdx,spdx/tools-python,2023-02-18 06:59:07+00:00,Distribution packaging,['Configuration'],"['Integration and Interfacing', 'Community Engagement and Support']"
https://api.github.com/repos/spdx/tools-python/issues/443,spdx,spdx/tools-python,2023-01-25 09:15:56+00:00,Change fileName validation,['Bug Fixes and Defects'],"['Code Quality', 'Feature Development and Enhancement']"
https://api.github.com/repos/spdx/spdx-online-tools/issues/240,spdx,spdx/spdx-online-tools,2020-09-24 15:25:40+00:00,Add / modify fields for New License Request,['Licensing'],"['Feature Development and Enhancement', 'Documentation']"
https://api.github.com/repos/spdx/license-list-XML/issues/617,spdx,spdx/license-list-XML,2018-03-13 12:30:14+00:00,"Add notes explaining ""or later"" clause in *GPL*-only licenses",['Licensing'],"['Bug Fixes and Defects', 'Documentation']"
https://api.github.com/repos/CycloneDX/cyclonedx-rust-cargo/issues/321,cdx,CycloneDX/cyclonedx-rust-cargo,2022-11-10 17:57:22+00:00,"How to enable ""lax"" parsing?","['Licensing', 'Community Engagement and Support']","['Configuration', 'Community Engagement and Support', 'Documentation']"
https://api.github.com/repos/tern-tools/tern/issues/1199,spdx,tern-tools/tern,2022-12-15 21:46:18+00:00,license-expression does not handle invalid license key characters,"['Bug Fixes and Defects', 'Licensing']","['Bug Fixes and Defects', 'Libraries', 'Code Components']"
https://api.github.com/repos/spdx/spdx-examples/issues/13,spdx,spdx/spdx-examples,2020-08-13 14:38:35+00:00,USE CASE:  binary object has runtime dependencies on other binaries,"['Documentation', 'Code Components']",['Feature Development and Enhancement']
https://api.github.com/repos/spdx/spdx-online-tools/issues/262,spdx,spdx/spdx-online-tools,2020-11-20 04:01:38+00:00,502 on new site,['Bug Fixes and Defects'],"['Configuration', 'Continuous Integration and Deployment (CI/CD)']"
https://api.github.com/repos/CycloneDX/cyclonedx-rust-cargo/issues/409,spdx,CycloneDX/cyclonedx-rust-cargo,2023-05-30 20:37:31+00:00,Make dependency content public.,"['Feature Development and Enhancement', 'Libraries']","['Code Components', 'Code Quality', 'Feature Development and Enhancement']"
https://api.github.com/repos/spdx/spdx-3-model/issues/226,spdx,spdx/spdx-3-model,2023-04-24 09:01:46+00:00,Property names: Singular vs Plural,['Code Components'],"['Code Quality', 'Documentation']"
https://api.github.com/repos/spdx/spdx-online-tools/issues/339,spdx,spdx/spdx-online-tools,2022-03-26 19:36:26+00:00,Migration files appear to be stale for Python 3 branch,['Configuration'],"['Bug Fixes and Defects', 'Code Quality']"
https://api.github.com/repos/CycloneDX/cyclonedx-rust-cargo/issues/411,spdx,CycloneDX/cyclonedx-rust-cargo,2023-05-30 21:16:00+00:00,Consider using `url::Url` instead of custom `Uri` type.,"['Code Components', 'Code Quality', 'Technical Debt']","['Feature Development and Enhancement', 'Code Quality']"
https://api.github.com/repos/jslicense/spdx-satisfies.js/issues/2,spdx,jslicense/spdx-satisfies.js,2018-03-04 23:17:44+00:00,Upgrade with spdx-expression-parse 3.0.0?,['Configuration'],"['Bug Fixes and Defects', 'Libraries']"
https://api.github.com/repos/CycloneDX/cyclonedx-dotnet/issues/62,spdx,CycloneDX/cyclonedx-dotnet,2020-01-24 00:17:49+00:00,.NET core 3.x support,"['Bug Fixes and Defects', 'Integration and Interfacing', 'Feature Development and Enhancement']","['Configuration', 'Integration and Interfacing']"
https://api.github.com/repos/spdx/spdx-spec/issues/801,spdx,spdx/spdx-spec,2022-10-28 09:43:55+00:00,"Spec should allow 0..1 checksums for non-SHA1 checksums on files, not 0..*",['Feature Development and Enhancement'],"['Bug Fixes and Defects', 'Code Components']"
https://api.github.com/repos/jslicense/spdx-satisfies.js/issues/4,spdx,jslicense/spdx-satisfies.js,2018-03-05 16:16:59+00:00,Handling of SPDX 3 *-only and *-or-later,"['Licensing', 'Libraries']","['Licensing', 'Feature Development and Enhancement', 'Community Engagement and Support']"
https://api.github.com/repos/spdx/tools-python/issues/578,spdx,spdx/tools-python,2023-04-13 09:14:25+00:00,Remove `documentDescribes` and `hasFiles` from output,['User Interface and Outputs'],"['Feature Development and Enhancement', 'Code Components']"
https://api.github.com/repos/CycloneDX/cyclonedx-rust-cargo/issues/531,spdx,CycloneDX/cyclonedx-rust-cargo,2023-11-01 23:32:01+00:00,Don't log non-fatal issues as errors,"['User Interface and Outputs', 'Bug Fixes and Defects']","['Technical Debt', 'Bug Fixes and Defects', 'Code Quality']"
https://api.github.com/repos/spdx/sbom-landscape/issues/6,spdx,spdx/sbom-landscape,2021-05-20 16:21:19+00:00,Add SPDX Adopters + Tools,['Documentation'],"['Feature Development and Enhancement', 'Community Engagement and Support']"
https://api.github.com/repos/spdx/sbom-landscape/issues/3,spdx,spdx/sbom-landscape,2021-05-19 23:41:52+00:00,Update SPDX SBOM Landscape logo,['Documentation'],"['User Interface and Outputs', 'Feature Development and Enhancement']"
https://api.github.com/repos/spdx/spdx-3-model/issues/93,spdx,spdx/spdx-3-model,2023-03-03 07:39:36+00:00,Change contentType to mediaType,['Code Components'],"['Feature Development and Enhancement', 'Code Quality']"
https://api.github.com/repos/spdx/spdx-spec/issues/83,spdx,spdx/spdx-spec,2018-05-01 18:16:17+00:00,Clarify major vs. minor spec version bumps,['Release Management and Versioning'],"['Documentation', 'Feature Development and Enhancement']"
https://api.github.com/repos/CycloneDX/specification/issues/37,cdx,CycloneDX/specification,2020-08-22 08:52:59+00:00,JSON Schema for vulnerability extension?,['Documentation'],"['Documentation', 'Integration and Interfacing', 'Feature Development and Enhancement', 'Code Components']"
https://api.github.com/repos/CycloneDX/cyclonedx-maven-plugin/issues/233,cdx,CycloneDX/cyclonedx-maven-plugin,2022-12-21 13:59:12+00:00,Maven properties are not inherited properly,['Bug Fixes and Defects'],"['Libraries', 'Code Components', 'Bug Fixes and Defects', 'Code Quality']"
https://api.github.com/repos/CycloneDX/cyclonedx-node-module/issues/161,cdx,CycloneDX/cyclonedx-node-module,2021-08-31 18:44:44+00:00,Retrieve hashes from `package-lock.json`,"['Bug Fixes and Defects', 'Code Components']","['Integration and Interfacing', 'Bug Fixes and Defects', 'Feature Development and Enhancement']"
https://api.github.com/repos/fsfe/reuse-tool/issues/261,spdx,fsfe/reuse-tool,2020-10-05 16:19:12+00:00,Query: How can I tag the DCO file and satisfy reuse lint?,['Licensing'],"['Community Engagement and Support', 'Feature Development and Enhancement']"
https://api.github.com/repos/spdx/tools/issues/163,spdx,spdx/tools,2018-06-24 08:02:30+00:00,Update json-simple,['Configuration'],"['Libraries', 'Code Quality']"
https://api.github.com/repos/CycloneDX/cyclonedx-core-java/issues/258,cdx,CycloneDX/cyclonedx-core-java,2023-02-01 03:32:03+00:00,Deserialization of SBOM defaults the metadata/timestamp ,"['Libraries', 'Bug Fixes and Defects', 'Code Components']","['Code Quality', 'Bug Fixes and Defects']"
https://api.github.com/repos/blackducksoftware/bd_export_spdx2.2/issues/16,spdx,blackducksoftware/bd_export_spdx2.2,2022-06-14 13:29:56+00:00,Issue with aiohttp ClientSession not working with cluster proxy,['Bug Fixes and Defects'],"['Feature Development and Enhancement', 'Integration and Interfacing']"
https://api.github.com/repos/oss-review-toolkit/ort/issues/8134,spdx,oss-review-toolkit/ort,2024-01-18 11:14:36+00:00,Rename `SPM` to `SwiftPM`,"['Code Components', 'Code Quality', 'Integration and Interfacing']","['Feature Development and Enhancement', 'Code Quality']"
https://api.github.com/repos/CycloneDX/cyclonedx-core-java/issues/332,cdx,CycloneDX/cyclonedx-core-java,2023-10-06 06:25:56+00:00,validate method should read schema version from the file,"['Code Components', 'Bug Fixes and Defects', 'Libraries']","['Feature Development and Enhancement', 'Bug Fixes and Defects']"
https://api.github.com/repos/fsfe/reuse-tool/issues/337,spdx,fsfe/reuse-tool,2021-03-21 17:58:39+00:00,.txt does not have a recognised file extension,['Feature Development and Enhancement'],"['Bug Fixes and Defects', 'Code Components']"
https://api.github.com/repos/CycloneDX/cyclonedx-core-java/issues/34,cdx,CycloneDX/cyclonedx-core-java,2020-04-27 20:47:50+00:00,Add support for spec version 1.2,"['Feature Development and Enhancement', 'Libraries']","['Integration and Interfacing', 'Feature Development and Enhancement', 'Code Components']"
https://api.github.com/repos/spdx/spdx-spec/issues/858,spdx,spdx/spdx-spec,2023-07-29 11:41:51+00:00,How to practically use an external license?,['Licensing'],"['Community Engagement and Support', 'Documentation']"
https://api.github.com/repos/fsfe/reuse-tool/issues/306,spdx,fsfe/reuse-tool,2021-01-25 16:21:57+00:00,MANIFEST.in support,['Feature Development and Enhancement'],"['Bug Fixes and Defects', 'Code Components']"
https://api.github.com/repos/spdx/spdx-spec/issues/578,spdx,spdx/spdx-spec,2021-09-26 17:09:53+00:00,Add Listed License CrossRef fields to Ontology OWL document,['Documentation'],"['Feature Development and Enhancement', 'Code Components']"
https://api.github.com/repos/spdx/spdx-spec/issues/620,spdx,spdx/spdx-spec,2022-01-11 22:04:49+00:00,Relationship for repackaging,['Feature Development and Enhancement'],"['Documentation', 'Community Engagement and Support']"
