tool_used,link,creation_date,,stars,watchers,forks,releases,contributors,openIssues,closedIssues,openPRs,closedPRs,commits,type
bom,https://github.com/06kellyjac/nur-packages,2020-12-08T10:21:02Z,,430,69,538,,671,31,1266,31,1266,1236322,CycloneDX
bom,https://github.com/a0x8o/beam,2016-09-22T22:29:58Z,,28,5,11,,700,0,38,0,38,1199202,CycloneDX
bom,https://github.com/a0x8o/drill,2016-09-22T22:28:32Z,,873,116,671,,718,20,158,20,158,634762,CycloneDX
bom,https://github.com/a0x8o/druid,2019-07-17T00:27:22Z,,51,22,43,,657,1,85,1,85,634668,CycloneDX
bom,https://github.com/a0x8o/kafka,2016-09-22T22:28:02Z,,132000,270,106000,,5000,6973,25693,4589,219059,529360,CycloneDX
bom,https://github.com/a0x8o/presto,2018-03-19T19:30:26Z,,158000,527,5000,,954,241,2253,241,2253,419210,CycloneDX
sbom-tool,https://github.com/aasim/Sample2,2020-12-04T21:35:57Z,,127000,299,118000,,5000,27,5199,93,140539,406640,CycloneDX
cyclonedx-python,https://github.com/abilian/nua,2021-06-25T04:52:39Z,,274,28,151,,41,6,30,2,84,386027,CycloneDX
sbom-tool,https://github.com/actions-marketplace-validations/philips-software_post-to-medium-action,2023-03-07T04:13:55Z,,4,1,1,,557,0,0,1,0,145892,SPDX
sbom-tool,https://github.com/adriandiglio/Demo-for-Microsoft-SBOM-Tool,2019-09-12T20:40:10Z,,29,7,8,,,0,0,0,0,116540,CycloneDX
cyclonedx-editor-validator,https://github.com/AgoraIO/API-Examples,2020-04-21T07:46:07Z,,234000,977,58000,,1969,13,3609,13,3609,111285,SPDX
bom,https://github.com/aj-stein-nist/oscal-cat,2022-07-22T23:18:15Z,,73000,97,35000,,2361,774,2282,517,116934,105871,SPDX
cyclonedx-python,https://github.com/AlbanAndrieu/ansible-jenkins-slave,2014-09-19T19:26:41Z,,459000,15000,57000,210,607,165,4995,165,4995,104983,SPDX
bom,https://github.com/alexander-dev-hub/apache-beam,2019-09-11T11:31:07Z,,420,62,738,,513,0,13,0,13,85611,SPDX
ort,https://github.com/alexethier/utilities,2016-09-18T20:37:02Z,,0,0,0,,555,0,0,0,0,85435,SPDX
cyclonedx-python,https://github.com/algorand-devrel/beaker,2022-07-06T19:42:04Z,,0,0,0,,566,0,0,0,0,85319,SPDX
cyclonedx-python,https://github.com/algorand-devrel/beaker-auction,2022-09-15T00:22:12Z,,453000,663,295000,,5000,703,7221,207,56365,84804,CycloneDX
cyclonedx-python,https://github.com/algorand-devrel/bootcamp,2022-12-20T01:35:17Z,,33000,125,881,,26,68,42,68,42,83819,CycloneDX
cyclonedx-python,https://github.com/algorandfoundation/algokit-cli,2022-11-11T08:03:16Z,,70,7,15,,10,9,155,0,26,66959,CycloneDX
cyclonedx-python,https://github.com/algorandfoundation/algorun,2023-06-29T12:54:34Z,,37000,131,26000,,1227,139,4133,114,26305,55456,SPDX
tools-golang,https://github.com/anchore/go-logger,2022-02-07T18:13:22Z,,0,1,0,,1099,0,0,0,0,51783,SPDX
cyclonedx-go,https://github.com/anchore/grype,2020-05-26T13:44:38Z,,16000,38,12000,,941,390,5377,173,5907,49574,SPDX
tools-golang,https://github.com/anchore/grype-db,2020-07-13T18:15:41Z,,12000,33,800,,678,36,2426,13,2581,43522,CycloneDX
cyclonedx-cli,https://github.com/anchore/syft,2020-05-07T18:19:29Z,,72000,259,4000,33,1136,4131,1908,123,22474,40491,SPDX
sbom-tool,https://github.com/anderlli0053/AppArchive,2023-06-10T10:45:29Z,,7,6,7,,901,0,0,0,16,35634,SPDX
ko-build/ko,https://github.com/anderlli0053/DEV-tools,2022-06-28T08:20:49Z,,87,9,12,,2,2,6,0,5,35581,SPDX
tools-golang,https://github.com/AOSP-14-RMX2020/platform_build,2023-07-29T05:40:08Z,,1,1,0,,817,0,0,0,0,32994,SPDX
tools-golang,https://github.com/aosp-mirror/platform_build,2008-10-21T18:19:56Z,,0,1,0,,677,0,0,1,0,29100,SPDX
swift-package-sbom,https://github.com/apache/airflow,2015-04-13T18:04:58Z,,1,2,0,,2,0,0,4,18,26882,SPDX
bom,https://github.com/apache/beam,2016-02-02T08:00:06Z,,129,28,105,,8,4,115,0,47,26176,CycloneDX
cyclonedx-gomod,https://github.com/apache/camel-k,2018-08-31T08:38:42Z,,165000,310,24000,250,645,913,7319,187,19797,25670,SPDX
cyclonedx-maven-plugin,https://github.com/apache/commons-parent,2017-08-29T07:00:08Z,,17,3,3,3859,,3,6,0,0,24999,CycloneDX
bom,https://github.com/apache/solr-site,2021-02-20T11:54:24Z,,2,2,0,,535,0,0,10,14,24635,SPDX
swift-package-sbom,https://github.com/appknox/irene,2014-11-04T06:26:08Z,,0,1,0,,,0,0,0,0,23197,SPDX
cyclonedx-cli,https://github.com/aquaproj/aqua-registry,2021-09-02T03:49:29Z,,0,1,0,,475,0,0,12,13,22855,SPDX
gh-dotnet-generate-sbom,https://github.com/aquasecurity/chain-bench,2022-05-12T09:08:00Z,,0,2,0,,469,0,0,11,13,22614,SPDX
cyclonedx-go,https://github.com/aquasecurity/trivy,2019-04-11T01:01:07Z,,2,5,5,,439,0,0,11,13,21747,SPDX
cyclonedx-go,https://github.com/aquasecurity/trivy-operator,2022-05-08T06:31:32Z,,318000,764,129000,70,2619,712,7306,169,22884,21547,CycloneDX
pip-audit,https://github.com/aquasecurity/trivy-plugin-referrer,2023-03-26T09:04:33Z,,87000,151,78000,202,110,9,761,0,1318,19304,CycloneDX
bom,https://github.com/argoproj/argo-cd,2018-02-09T11:12:01Z,,1,2,1,,,0,0,0,0,18657,SPDX
bom,https://github.com/argoproj/argo-events,2018-05-17T15:06:49Z,,63,1,55,395,49,29,543,59,15105,18212,CycloneDX
bom,https://github.com/argoproj/argo-rollouts,2018-11-17T18:28:39Z,,535,35,76,112,35,15,3317,15,3317,18188,SPDX
bom,https://github.com/argoproj/argo-workflows,2017-08-21T18:50:44Z,,122000,397,21000,325,113,202,3524,33,7331,17797,CycloneDX
ort,https://github.com/aws-containers/retail-store-sample-app,2022-10-04T16:30:46Z,,23000,488,11000,162,457,545,790,456,17783,15033,CycloneDX
cyclonedx-python,https://github.com/aws-samples/cdk-fargate-gitlab-runner,2021-10-22T12:24:42Z,,59000,58,956,1742,322,111,1375,33,4065,14980,CycloneDX
bom,https://github.com/axenox/PackageManager,2015-11-08T12:24:02Z,,221,30,63,13,31,38,60,19,597,14797,CycloneDX
sbom-tool,https://github.com/Azure/azure-functions-dapr-extension,2020-04-02T21:13:42Z,,13000,42,260,3,74,287,800,40,6420,13942,CycloneDX
tools-golang,https://github.com/Azure/obom,2023-07-14T19:06:54Z,,112000,698,51000,,1247,89,1573,38,5773,12700,SPDX
spdx-maven-plugin,https://github.com/BabelZilla/WTS,2014-06-11T21:02:38Z,,27,3,2,3,63,0,0,0,23,11676,CycloneDX
spdx-sbomgenerator,https://github.com/Be-Secure/ansible-role-oah-beslab,2023-08-08T05:53:57Z,,500,10,93,,64,64,462,58,5347,10865,CycloneDX
spdx-sbomgenerator,https://github.com/Be-Secure/ansible-role-oah-sbomGenerator,2022-09-08T15:52:46Z,,18000,69,504,68,314,861,1412,18,1167,10739,SPDX
sbom-tool,https://github.com/Be-Secure/BeS-dev-kit,2023-03-14T08:42:46Z,,43,3,1,1,2,15,17,1,1,10426,CycloneDX
spdx-sbomgenerator,https://github.com/Be-Secure/besecure-ce-env-repo,2021-03-17T06:53:45Z,,336000,691,47000,157,524,992,9161,41,3736,10350,SPDX
spdx-sbomgenerator,https://github.com/Be-Secure/BeSLab,2023-05-04T07:12:45Z,,413,32,157,104,82,52,65,16,3334,9917,SPDX
cyclonedx-python,https://github.com/benji6/moodtracker,2020-04-07T07:22:55Z,,677,59,358,41,108,356,916,28,1230,9499,SPDX
bom,https://github.com/bespoke-silicon-group/bsg_motherboards,2020-06-19T23:18:56Z,,3000,209,14000,135,366,330,2099,41,6124,9071,CycloneDX
cyclonedx-python,https://github.com/bmwiedemann/openSUSE,2019-09-11T14:31:22Z,,142000,192,16000,170,401,676,3293,14,5102,8787,CycloneDX
cyclonedx-go,https://github.com/bom-squad/protobom,2023-06-04T20:11:52Z,,12,6,17,,134,2,0,2,0,8335,CycloneDX
protobom,https://github.com/bom-squad/sbom-convert,2023-07-06T21:27:27Z,,48000,124,1000,184,282,67,1209,50,5985,8333,SPDX
cyclonedx-python-lib,https://github.com/bridgecrewio/checkov,2019-11-27T08:55:14Z,,107000,147,19000,170,404,158,2942,50,3013,8047,CycloneDX
ko-build/ko,https://github.com/buildkite/agent-stack-k8s,2022-09-30T15:29:28Z,,13,4,4,350,4,3,996,15,6401,7388,CycloneDX
cyclonedx-go,https://github.com/buildpacks/libcnb,2020-02-25T20:02:59Z,,34000,256,12000,2148,329,197,3821,62,4475,7219,CycloneDX
cyclonedx-go,https://github.com/carbonetes/diggity,2023-01-06T13:55:57Z,,26,3,12,,52,15,16,0,11,6617,SPDX
cyclonedx-go,https://github.com/carbonetes/jacked,2023-01-06T13:56:49Z,,46000,165,578,1667,219,101,442,86,4215,6437,CycloneDX
cyclonedx-python,https://github.com/carstencodes/pdm-bump,2021-09-11T19:27:18Z,,32,9,25,54,35,105,1362,19,3573,6353,SPDX
cyclonedx-python,https://github.com/cedricbonhomme/freshermeat,2017-10-01T21:07:36Z,,794,58,321,79,107,160,1710,3,2892,5920,CycloneDX
cyclonedx-python,https://github.com/cedricbonhomme/newspipe,2013-12-02T20:24:52Z,,142000,192,42000,323,1113,2612,4061,375,7055,5887,SPDX
cyclonedx-python,https://github.com/cedricbonhomme/pyEnigma,2017-03-15T09:05:15Z,,2,5,2,,259,0,0,3,21,5808,SPDX
ko-build/ko,https://github.com/cert-manager/cert-manager,2017-05-24T16:25:59Z,,71000,115,1000,98,198,637,1020,87,2465,5784,SPDX
bom,https://github.com/CERTCC/SBOM,2020-06-01T17:08:22Z,,454,87,508,23,175,71,552,7,2654,5706,CycloneDX
tools-java,https://github.com/chainguard-dev/actions,2022-02-21T17:03:15Z,,43000,93,405,58,91,136,1016,4,5441,5331,CycloneDX
ko-build/ko,https://github.com/chainguard-dev/apko,2022-02-08T17:04:37Z,,48000,162,21000,,1043,36,185,8,3890,5079,CycloneDX
cyclonedx-gomod,https://github.com/chainguard-dev/bom-shelter,2022-02-15T20:01:14Z,,16,12,10,90,21,5,334,20,907,5077,CycloneDX
bom,https://github.com/chainguard-dev/melange,2022-03-07T19:53:27Z,,2,6,1,,235,1,0,7,7,4879,SPDX
gh-sbom,https://github.com/chainguard-dev/osquery-defense-kit,2022-08-31T18:33:46Z,,135000,202,29000,267,770,851,4504,46,5488,4724,SPDX
cyclonedx-go,https://github.com/chainloop-dev/chainloop,2023-03-06T14:30:50Z,,741,40,569,328,182,20,917,34,3624,4652,CycloneDX
spdx-sbomgenerator,https://github.com/chamilad/kibana-prometheus-exporter,2020-03-08T08:38:38Z,,19000,69,454,47,92,584,961,18,959,3992,CycloneDX
bom,https://github.com/chaos-mesh/chaos-mesh,2019-09-04T02:29:38Z,,68,3,28,,22,17,41,1,70,3850,CycloneDX
bom,https://github.com/chintal/tendril,2015-07-28T20:38:43Z,,2000,18,120,5,58,60,134,22,309,3814,CycloneDX
tools-java,https://github.com/chris-toenjes-deye/salus-spdx-to-osv,2022-08-10T12:58:33Z,,2000,40,186,14,11,18,165,0,597,3573,CycloneDX
cyclonedx-python,https://github.com/ciaranmccormick/python-bods-client,2021-02-20T20:19:06Z,,48,2,25,71,21,72,135,9,1839,3482,SPDX
bom,https://github.com/cilium/cilium,2015-12-16T12:33:31Z,,173,11,39,114,19,364,1207,11,960,3477,CycloneDX
bom,https://github.com/cilium/proxy,2018-10-29T23:24:15Z,,47,10,50,,30,26,114,1,503,3333,SPDX
bom,https://github.com/cilium/tetragon,2022-03-23T10:25:36Z,,131,13,65,109,51,8,265,5,1805,3296,SPDX
ko-build/ko,https://github.com/cncf/clomonitor,2022-01-14T17:06:04Z,,366,14,40,15,6,0,12,0,12,3124,CycloneDX
ko-build/ko,https://github.com/cncf/devstats,2023-03-30T07:49:21Z,,97,451,43,161,92,43,63,9,954,3114,CycloneDX
ko-build/ko,https://github.com/cncf/tag-contributor-strategy,2020-02-28T18:59:56Z,,25000,34,14000,,1183,51,400,12,2789,3072,CycloneDX
ko-build/ko,https://github.com/cncf/velocity,2017-04-26T14:07:13Z,,144,53,152,,72,154,83,6,515,2930,CycloneDX
ko-build/ko,https://github.com/codepraxis-io/docker-deep-dive,2022-08-25T21:05:50Z,,30,29,32,,26,60,236,0,581,2813,SPDX
sbom-tool,https://github.com/cognitedata/opcua-extractor-net,2019-07-01T12:47:26Z,,373,5,55,41,29,52,534,13,1765,2649,SPDX
build-info-go,https://github.com/conan-io/conan-extensions,2023-02-24T14:51:01Z,,15000,14,192,137,98,48,641,12,2237,2575,CycloneDX
bom,https://github.com/containerbuildsystem/atomic-reactor,2014-10-21T14:45:11Z,,96,9,31,,7,0,3,0,1051,2403,CycloneDX
cyclonedx-editor-validator,https://github.com/coshx/caravel,2015-05-28T19:20:24Z,,187000,163,19000,126,333,157,2055,27,2184,2364,CycloneDX
bom,https://github.com/cpanato/kubepug-installer,2021-11-05T15:40:33Z,,567,8,290,75,202,122,243,14,935,2358,CycloneDX
bom,https://github.com/cri-o/cri-o,2016-09-09T19:56:31Z,,889,14,152,99,49,167,539,12,2168,2351,CycloneDX
bom,https://github.com/cuiyeshuai/cilium,2023-05-11T14:47:15Z,,58,6,34,6,41,26,263,17,440,2288,CycloneDX
cyclonedx-php-composer,https://github.com/CycloneDX/bom-examples,2020-07-31T19:03:34Z,,482,63,199,235,61,429,465,18,1296,2285,CycloneDX
cyclonedx-maven-plugin,https://github.com/CycloneDX/cdxgen,2019-12-30T13:55:18Z,,13,4,11,,,1,0,0,0,2281,CycloneDX
cyclonedx-dotnet-library,https://github.com/CycloneDX/cyclonedx-bom-repo-server,2021-05-27T10:57:35Z,,3,9,14,23,14,3,412,3,412,2259,SPDX
cyclonedx-dotnet-library,https://github.com/CycloneDX/cyclonedx-cli,2020-10-22T11:25:26Z,,2,4,7,8,16,0,73,0,73,2237,SPDX
bom,https://github.com/CycloneDX/cyclonedx-core-java,2018-05-30T22:50:46Z,,29,30,46,182,56,20,9,17,926,2198,CycloneDX
cyclonedx-dotnet-library,https://github.com/CycloneDX/cyclonedx-dotnet,2018-10-02T21:58:30Z,,101000,209,18000,17,71,128,462,20,359,2143,CycloneDX
cyclonedx-gomod,https://github.com/CycloneDX/cyclonedx-go,2021-03-02T11:20:02Z,,822,14,96,28,64,69,927,5,227,2136,CycloneDX
cyclonedx-cli,https://github.com/CycloneDX/cyclonedx-gomod,2021-03-07T19:21:22Z,,26000,44,241,10,59,131,157,72,1149,2022,SPDX
bom,https://github.com/CycloneDX/cyclonedx-linux-generator,2021-05-20T15:48:46Z,,4,1,2,43,6,7,29,4,1453,1980,SPDX
cyclonedx-node-npm,https://github.com/CycloneDX/cyclonedx-node-module,2017-06-04T04:34:48Z,,571,14,85,12,35,21,194,3,1676,1948,SPDX
cyclonedx-python-lib,https://github.com/CycloneDX/cyclonedx-python,2018-11-15T05:53:33Z,,276,8,31,43,15,1,8,11,477,1906,CycloneDX
cyclonedx-dotnet-library,https://github.com/CycloneDX/cyclonedx-web-tool,2021-05-21T12:46:14Z,,10,27,23,,69,2,92,2,92,1890,SPDX
cyclonedx-gomod,https://github.com/CycloneDX/license-scanner,2023-01-13T02:43:33Z,,103,27,87,25,45,345,732,18,939,1831,SPDX
cyclonedx-node-npm,https://github.com/CycloneDX/sbom-utility,2023-01-10T04:00:14Z,,267,23,45,11,,22,126,0,15,1760,CycloneDX
cyclonedx-node-module,https://github.com/CycloneDX/specification,2017-05-29T02:22:06Z,,40,34,34,,37,1,19,4,1147,1759,CycloneDX
cyclonedx-maven-plugin,https://github.com/cycodehq-public/cycode-cli,2022-07-04T16:39:28Z,,534,15,92,14,39,117,318,9,940,1746,CycloneDX
cyclonedx-gomod,https://github.com/dadrus/heimdall,2022-04-12T08:54:37Z,,6000,128,748,68,178,338,1169,16,2485,1739,SPDX
bom,https://github.com/daemon1024/scratchpad-k8s-sig-resource,2021-12-04T05:52:10Z,,86,27,172,,157,16,66,14,513,1696,CycloneDX
ort,https://github.com/danf425/jhttp_isolated,2022-04-05T20:37:16Z,,474,55,75,656,50,75,414,1,3854,1681,CycloneDX
cyclonedx-go,https://github.com/DataDog/datadog-agent,2016-01-19T17:40:41Z,,841,11,71,,34,65,135,8,691,1678,CycloneDX
cyclonedx-php-composer,https://github.com/DataDog/datadog-ci,2019-06-26T15:15:17Z,,47000,57,435,151,120,256,573,21,1311,1625,CycloneDX
swift-package-sbom,https://github.com/davideshay/vulnscan,2021-12-28T01:35:56Z,,30,6,1,,2,18,0,0,0,1621,CycloneDX
cyclonedx-python-lib,https://github.com/DefectDojo/django-DefectDojo,2015-02-19T17:53:47Z,,24,32,27,,26,1,304,1,304,1616,CycloneDX
ort,https://github.com/DefectDojo/sample-scan-files,2018-03-13T14:21:34Z,,66,31,52,9,45,89,270,17,652,1609,CycloneDX
cyclonedx-php-composer,https://github.com/DefinitelyTyped/DefinitelyTyped,2012-10-05T16:39:45Z,,164000,194,977,,123,70,451,2,872,1574,SPDX
tools-golang,https://github.com/deislabs/ratify,2021-08-13T16:17:52Z,,38,5,15,1,29,57,155,2,335,1570,CycloneDX
cyclonedx-cli,https://github.com/DependencyTrack/dependency-track,2013-07-16T19:16:43Z,,20,3,1,10,6,2,123,17,279,1541,CycloneDX
cyclonedx-node-npm,https://github.com/DependencyTrack/frontend,2019-10-23T19:50:03Z,,270,9,53,,38,58,64,19,578,1502,SPDX
cyclonedx-go,https://github.com/DependencyTrack/hyades,2022-09-30T08:44:20Z,,72,5,4,18,7,33,164,5,734,1489,CycloneDX
cyclonedx-cli,https://github.com/devcontainers-contrib/features,2022-10-15T09:45:18Z,,867,31,270,29,95,54,283,12,770,1463,SPDX
ort,https://github.com/devonfw/solicitor,2019-08-25T11:05:22Z,,13,4,10,,26,0,3,0,3,1462,SPDX
cyclonedx-go,https://github.com/devops-kung-fu/bomber,2022-07-08T15:05:44Z,,21000,35,684,64,250,112,855,5,1680,1452,SPDX
cyclonedx-gomod,https://github.com/devops-kung-fu/hookz,2021-03-03T18:59:10Z,,22000,35,684,61,218,272,752,45,1741,1447,SPDX
cyclonedx-gomod,https://github.com/devops-kung-fu/lucha,2021-06-01T16:10:49Z,,525,36,43,125,21,94,638,6,1124,1432,CycloneDX
bom,https://github.com/dhercher/beam-old,2020-10-09T01:14:56Z,,25,6,8,,7,0,9,0,53,1417,SPDX
ort,https://github.com/diegopereiraeng/payments-validation,2022-11-25T13:49:49Z,,38,6,6,,3,1,2,0,258,1401,CycloneDX
sbom-tool,https://github.com/digitaltwinconsortium/DTDLParser,2022-08-06T14:39:37Z,,12000,15,58,43,6,32,147,1,307,1399,CycloneDX
bom,https://github.com/dims/k8s-code.appspot.com,2018-04-10T13:18:34Z,,103000,329,11000,98,119,62,492,20,1174,1377,CycloneDX
ort,https://github.com/dmitmel/dotfiles,2018-01-13T11:10:25Z,,229,16,121,164,69,61,33,9,729,1374,CycloneDX
tools-golang,https://github.com/docker/go-imageinspect,2022-07-28T03:02:28Z,,24,2,2,,4,3,225,1,258,1350,CycloneDX
sbom-cli-plugin,https://github.com/docker/packaging,2022-08-29T08:36:14Z,,393,8,37,,20,24,90,26,774,1346,SPDX
bom,https://github.com/dokc/operator-feature-matrix,2023-01-27T00:07:35Z,,63,11,103,15,39,98,90,41,371,1338,CycloneDX
ort,https://github.com/DoktorLenz/anmelde-tool,2023-03-10T15:42:08Z,,35,11,11,32,18,18,13,6,169,1314,CycloneDX
cyclonedx-dotnet,https://github.com/DotPurpleApp/DotPurple-App,2020-05-12T12:58:39Z,,17,11,7,6,9,11,20,5,67,1274,CycloneDX
sbom-tool,https://github.com/dpvreony/net-repo-template,2022-12-03T10:57:53Z,,17,7,5,1396,14,27,39,22,1317,1271,SPDX
sbom-tool,https://github.com/dpvreony/whipstaff,2017-09-19T20:05:12Z,,258,45,210,25,18,73,33,2,249,1263,CycloneDX
sbom-tool,https://github.com/ds2/docker-templates,2019-02-28T13:14:28Z,,27,6,5,5,18,43,113,0,670,1237,CycloneDX
cyclonedx-python,https://github.com/duo-labs/narrow,2022-12-13T13:53:51Z,,12000,19,210,1,154,70,130,9,490,1237,CycloneDX
cyclonedx-maven-plugin,https://github.com/duosecurity/duo_client_java,2012-12-12T20:36:14Z,,74,11,5,18,4,2,29,1,14,1224,CycloneDX
cyclonedx-cli,https://github.com/duosecurity/duo_client_python,2012-11-27T15:49:33Z,,31,1,1,,11,58,123,2,365,1219,SPDX
cyclonedx-cli,https://github.com/duosecurity/duo_universal_python,2020-10-16T00:45:23Z,,58,5,170,,11,16,7,23,9,1216,SPDX
ko-build/ko,https://github.com/duzyn/scoop-cn,2020-06-20T01:59:09Z,,4,10,4,54,10,0,1,2,861,1211,SPDX
cyclonedx-python,https://github.com/dynobo/normcap,2019-08-14T18:07:03Z,,0,0,0,,11,0,0,0,0,1206,SPDX
cyclonedx-cli,https://github.com/e-m-b-a/emba,2020-08-25T07:59:12Z,,295,2,49,,4,28,72,1,8,1202,SPDX
tools-golang,https://github.com/earthly/buildkit,2023-04-20T19:09:48Z,,52,14,59,4,29,43,186,14,251,1170,SPDX
cyclonedx-go,https://github.com/eBay/sbom-scorecard,2022-11-03T22:58:57Z,,14,9,19,,14,25,111,2,444,1138,CycloneDX
sbom-tool,https://github.com/echapmanFromBunnings/medium-sbom,2022-08-13T21:50:08Z,,52,3,0,61,,60,110,1,155,1132,CycloneDX
ort,https://github.com/eclipse-leda/leda,2022-06-07T13:13:35Z,,5,1,1,1,,0,0,1,5,1107,SPDX
cyclonedx-cli,https://github.com/eclipse-leda/leda-distro,2022-06-13T15:21:46Z,,216,3,21,15,13,4,10,5,103,1106,CycloneDX
ort,https://github.com/eclipse-leda/leda-utils,2022-06-13T15:22:48Z,,892,30,187,23,65,49,473,2,707,1101,CycloneDX
spdx-maven-plugin,https://github.com/eclipse-sw360/sw360,2018-04-16T15:54:19Z,,609,18,542,,180,20,261,13,891,1058,CycloneDX
tools-java,https://github.com/eclipse-sw360/sw360.website.published,2022-10-05T20:24:17Z,,34000,67,450,,88,36,273,6,226,1038,CycloneDX
sbom-tool,https://github.com/Ed-Fi-Alliance-OSS/Ed-Fi-AdminAPI,2022-10-18T15:25:53Z,,65000,70,445,107,71,209,439,11,844,1036,CycloneDX
sbom-tool,https://github.com/Ed-Fi-Alliance-OSS/Ed-Fi-API-Publisher,2021-03-02T19:42:00Z,,2,2,2,,2,0,17,0,4,1035,SPDX
sbom-tool,https://github.com/Ed-Fi-Alliance-OSS/Ed-Fi-Compatibility-Libraries,2022-12-08T22:05:30Z,,14,2,2,,,0,0,0,0,1032,CycloneDX
sbom-tool,https://github.com/Ed-Fi-Alliance-OSS/Ed-Fi-DataImport,2022-10-10T19:05:06Z,,454,10,27,19,3,0,6,0,315,1030,CycloneDX
sbom-tool,https://github.com/Ed-Fi-Alliance-OSS/Ed-Fi-ODS-AdminApp,2020-05-05T17:37:29Z,,148,27,50,,7,2,13,0,14,1023,CycloneDX
sbom-tool,https://github.com/Ed-Fi-Exchange-OSS/Meadowlark,2021-12-07T20:39:20Z,,110,18,75,23,19,25,111,3,166,1015,SPDX
tools-golang,https://github.com/elastic/cloudbeat,2022-02-14T10:43:26Z,,66,7,7,,2,0,1,0,17,1005,SPDX
cyclonedx-gomod,https://github.com/elastic/harp,2020-11-25T10:11:02Z,,1000,44,126,5,44,102,208,15,994,962,CycloneDX
voltone/rebar3_sbom,https://github.com/emqx/emqx,2012-12-17T10:07:44Z,,303,9,90,238,21,127,214,1,206,953,CycloneDX
tools-python,https://github.com/emzeat/mz-cmaketools,2012-09-25T14:15:19Z,,57,6,47,,25,21,41,10,257,938,SPDX
sbom-tool,https://github.com/Enchoseon/2based2wait,2022-02-05T04:30:46Z,,695,8,135,88,74,60,386,2,985,925,CycloneDX
bom,https://github.com/ep-infosec/33_apache_beam,2022-12-11T01:16:12Z,,0,1,5,427,3,33,10,59,131,922,SPDX
bom,https://github.com/ep-infosec/36_linkedin_beam,2022-12-12T14:33:44Z,,27000,27,283,68,92,28,279,4,560,922,CycloneDX
bom,https://github.com/espv/beam-plus-wrapper,2020-06-05T09:31:48Z,,9,3,3,,19,0,0,74,53,909,SPDX
bom,https://github.com/evereux/pycatia,2018-11-25T20:04:31Z,,230,12,68,10,29,6,186,2,257,909,SPDX
bom,https://github.com/evhart/counsel,2023-03-16T21:40:46Z,,130,25,89,,34,68,77,10,370,906,CycloneDX
tools-golang,https://github.com/Exynos-AOSP-Master/android_build,2023-07-24T17:55:29Z,,83,10,60,46,36,8,192,2,1035,902,CycloneDX
cyclonedx-python,https://github.com/fla-sil/PyTorrent,2021-01-10T20:30:30Z,,125,8,12,36,11,6,108,1,439,896,SPDX
tools-java,https://github.com/fossology/fossology,2014-01-13T11:22:57Z,,257,10,33,9,28,8,54,0,286,891,SPDX
cyclonedx-python-lib,https://github.com/FraunhoferISST/diva,2021-06-30T11:14:23Z,,28,5,4,,,1,2,0,9,889,CycloneDX
ort,https://github.com/frazrepo/vimrc,2019-01-09T15:26:04Z,,140,23,38,19,9,6,101,2,45,879,SPDX
cyclonedx-python-lib,https://github.com/freebsd/freebsd-ports,2011-05-26T11:15:35Z,,132,11,69,34,31,61,85,28,588,857,CycloneDX
cyclonedx-python-lib,https://github.com/freebsd/freebsd-ports-kde,2017-05-21T10:48:44Z,,88,7,10,110,21,22,383,2,827,844,CycloneDX
cyclonedx-maven-plugin,https://github.com/freenowtech/sauron,2021-03-22T16:00:24Z,,34000,87,430,11,95,2,230,0,186,844,SPDX
cyclonedx-python,https://github.com/FrodeHus/ludvig,2022-12-28T20:10:54Z,,95,10,38,38,17,17,33,2,182,836,CycloneDX
tools-golang,https://github.com/fullsushidev/qmstr-1,2020-12-09T15:40:11Z,,24,5,10,,8,5,2,1,157,832,CycloneDX
cyclonedx-go,https://github.com/future-architect/vuls,2016-03-27T02:29:09Z,,100,10,44,14,28,24,51,2,193,827,SPDX
cyclonedx-maven-plugin,https://github.com/G3G4X5X6/ultimate-cube,2021-08-24T01:35:03Z,,45,76,76,,36,4,1631,4,1631,814,CycloneDX
cyclonedx-gomod,https://github.com/gatewayd-io/gatewayd,2022-07-14T18:54:38Z,,3,2,25,,7,0,0,0,687,812,SPDX
cyclonedx-python-lib,https://github.com/ghostbsd/ghostbsd-ports,2019-08-22T16:53:53Z,,63000,44,382,28,78,50,298,17,787,776,CycloneDX
bom,https://github.com/gitlabhq/gitlabhq,2011-10-02T16:25:27Z,,252,19,76,2,39,20,488,2,872,775,CycloneDX
tools-golang,https://github.com/gnoliyil/fuchsia,2022-01-08T16:09:33Z,,24,13,35,,35,3,34,1,138,770,SPDX
swift-package-sbom,https://github.com/gokrazy/tools,2017-03-04T10:41:14Z,,81,14,79,32,15,194,407,7,321,766,SPDX
sbom-tool,https://github.com/gon1942/git_command,2018-07-04T08:05:08Z,,102,22,41,,19,9,22,7,330,748,SPDX
sbom-tool,https://github.com/gon1942/how2github,2023-09-17T13:51:33Z,,15,3,2,9,3,0,19,0,19,746,CycloneDX
tools-java,https://github.com/goneall/spdx-model-to-java,2023-07-09T00:34:24Z,,128,2,10,6,9,43,157,17,596,744,SPDX
cyclonedx-go,https://github.com/google/osv-scanner,2022-11-14T01:05:20Z,,17000,86,418,32,11,47,241,2,22,725,SPDX
swift-package-sbom,https://github.com/googleapis/google-cloud-go,2014-05-09T11:11:58Z,,145,5,18,23,5,2,26,0,14,720,CycloneDX
tools-golang,https://github.com/GoogleContainerTools/distroless,2017-04-18T22:02:38Z,,229,14,36,72,25,35,202,15,678,713,CycloneDX
ko-build/ko,https://github.com/GoogleContainerTools/skaffold,2018-01-23T18:51:29Z,,149,1,81,,34,29,120,9,357,688,CycloneDX
bom,https://github.com/gosh-sh/gosh-build-tools,2023-03-21T09:19:09Z,,0,1,0,,3,4,19,7,173,666,SPDX
sbom-tool,https://github.com/greenbone/actions,2021-05-22T15:42:03Z,,24,11,34,,26,121,329,6,886,664,SPDX
bom,https://github.com/gridgentoo/uber-kubernetes-test-infra,2023-03-01T10:39:59Z,,24,11,14,34,16,28,181,3,317,664,SPDX
cyclonedx-gradle-plugin,https://github.com/groboclown/p4ic4idea,2015-02-03T18:51:06Z,,33,5,3,7,,14,22,0,0,657,CycloneDX
cyclonedx-python,https://github.com/gromgit/homebrew-core-mojave,2021-11-16T10:03:08Z,,3,4,11,,9,5,7,4,264,649,SPDX
cyclonedx-python-lib,https://github.com/guacsec/guac,2022-06-10T17:28:07Z,,31,8,11,101,2,35,189,0,10,647,CycloneDX
ko-build/ko,https://github.com/gythialy/golang-cross,2019-08-22T02:13:33Z,,77,9,35,,20,9,85,5,1174,645,CycloneDX
cyclonedx-maven-plugin,https://github.com/hboutemy/mcmm-yaml,2017-05-26T10:11:15Z,,141,13,49,,36,97,258,2,727,640,SPDX
bom,https://github.com/helm/chartmuseum,2017-09-19T05:48:21Z,,33000,58,378,36,78,92,259,9,362,633,SPDX
bom,https://github.com/hivelocity/cluster-api-provider-hivelocity,2022-10-21T14:25:15Z,,37,4,11,1,3,1,5,0,6,628,CycloneDX
cyclonedx-gomod,https://github.com/Homebrew/homebrew-core,2016-03-01T06:58:36Z,,272,26,47,4,11,69,126,8,97,627,CycloneDX
cyclonedx-python,https://github.com/huggingface/datasets-server,2021-07-26T09:00:53Z,,53,4,11,79,2,4,0,14,3,609,CycloneDX
cyclonedx-python,https://github.com/HumbleData/beginners-data-workshop,2020-05-08T09:52:21Z,,11,2,6,18,5,8,10,7,235,609,SPDX
cyclonedx-node-npm,https://github.com/hyperledger/fabric-gateway,2020-09-15T09:49:35Z,,4,57,0,71,16,1,2,2,491,601,SPDX
bom,https://github.com/IBM/CBOM,2022-12-16T11:25:50Z,,143,8,36,16,18,42,81,3,52,601,CycloneDX
bom,https://github.com/iinnovations/iicontrollibs,2013-11-18T18:16:45Z,,58,12,15,10,12,14,24,0,163,599,CycloneDX
tools-golang,https://github.com/in-toto/in-toto-golang,2018-10-15T15:18:06Z,,46,14,31,,18,18,13,8,141,598,CycloneDX
sbom-cli,https://github.com/intelops/kubviz,2021-12-19T06:21:54Z,,179,54,153,286,25,25,169,5,347,595,CycloneDX
cyclonedx-go,https://github.com/interlynk-io/sbomasm,2023-05-03T22:09:00Z,,333,33,277,262,29,29,229,7,313,594,CycloneDX
cyclonedx-gomod,https://github.com/interlynk-io/sbomqs,2023-01-31T22:59:22Z,,102,7,19,33,7,9,55,12,290,588,CycloneDX
swift-package-sbom,https://github.com/istio/release-builder,2019-08-19T22:52:41Z,,474,14,53,29,28,92,301,5,680,588,SPDX
tools-golang,https://github.com/jasona7/ChatCVE,2023-05-25T14:16:44Z,,24,3,13,70,12,16,20,15,197,575,CycloneDX
build-info-go,https://github.com/JetBrains/intellij-community,2011-09-30T13:33:05Z,,14,3,6,,5,20,66,1,150,572,CycloneDX
spdx-maven-plugin,https://github.com/JetBrains/kotlin,2012-02-13T17:29:58Z,,39,17,22,80,25,9,78,3,431,570,CycloneDX
cyclonedx-go,https://github.com/jetstack/tally,2022-09-07T09:00:43Z,,14,2,3,11,4,25,45,9,344,553,SPDX
build-info-go,https://github.com/jfrog/build-info,2011-02-20T23:33:55Z,,22,5,0,22,7,2,8,13,133,552,CycloneDX
cyclonedx-go,https://github.com/jfrog/build-info-go,2021-10-20T14:06:09Z,,0,1,1,3,3,5,44,9,267,542,SPDX
build-info-go,https://github.com/jfrog/frogbot,2022-03-06T12:19:58Z,,155,15,59,50,30,26,101,19,430,538,CycloneDX
build-info-go,https://github.com/jfrog/jfrog-cli,2015-08-18T20:49:18Z,,835,23,59,53,25,50,200,3,426,525,CycloneDX
build-info-go,https://github.com/jfrog/jfrog-cli-core,2020-09-08T10:56:52Z,,59,8,18,5,21,73,48,8,581,509,CycloneDX
build-info-go,https://github.com/jfrog/jfrog-cli-plugins,2020-10-26T07:57:42Z,,89,8,26,22,16,20,48,3,71,509,CycloneDX
build-info-go,https://github.com/jfrog/jfrog-client-go,2018-06-17T15:46:41Z,,22,1,4,21,5,0,12,0,158,506,CycloneDX
cyclonedx-node-npm,https://github.com/joeferner/redis-commander,2012-06-18T14:30:04Z,,15,9,10,8,22,36,49,3,57,506,SPDX
cyclonedx-python,https://github.com/john-sandall/python-productivity-powerups,2020-05-05T16:26:11Z,,85,27,120,121,40,18,273,18,273,488,CycloneDX
sbom-tool,https://github.com/johniwasz/whetstone.chatgpt,2022-12-29T22:22:26Z,,114,8,37,33,23,0,98,0,251,484,CycloneDX
sbom-tool,https://github.com/johnterickson/cargo2junit,2019-02-16T18:00:02Z,,12000,21,119,16,,0,21,0,4,484,CycloneDX
tools-python,https://github.com/jotterson/sbom-validator,2021-09-17T17:11:47Z,,238,30,47,73,18,37,45,2,432,483,CycloneDX
cyclonedx-gradle-plugin,https://github.com/jreleaser/jreleaser,2020-11-28T14:33:15Z,,13,6,5,6,10,1,5,1,85,473,CycloneDX
cyclonedx-node-npm,https://github.com/juice-shop/juice-shop,2014-09-19T14:53:06Z,,115,9,82,13,15,17,133,2,444,465,CycloneDX
cyclonedx-maven-plugin,https://github.com/jvm-repo-rebuild/reproducible-central,2019-01-16T01:54:48Z,,1,0,3,106,6,9,2,0,67,464,SPDX
bom,https://github.com/karuppiah7890/tanzu-framework,2021-07-28T07:22:11Z,,2,5,3,2,3,0,0,1,21,459,SPDX
bom,https://github.com/kbob/LED-Cube,2019-03-17T12:10:36Z,,91,12,51,10,19,27,69,2,126,456,SPDX
bom,https://github.com/kdoctor-io/kdoctor,2023-06-05T03:59:18Z,,130,16,25,193,18,4,85,6,216,445,CycloneDX
sbom-tool,https://github.com/kkzzhizhou/scoop-apps,2019-12-05T06:03:55Z,,121,5,128,5,12,16,10,12,298,429,SPDX
ko-build/ko,https://github.com/knative-extensions/eventing-rabbitmq,2020-05-07T21:25:50Z,,29,4,55,12,7,48,40,15,763,414,CycloneDX
cyclonedx-cli,https://github.com/ko-build/ko,2019-03-21T19:24:01Z,,109,3,24,122,7,0,20,0,209,413,CycloneDX
ko-build/ko,https://github.com/ko-build/setup-ko,2021-04-27T13:40:52Z,,122,41,114,15,58,9,48,9,165,406,CycloneDX
ko-build/ko,https://github.com/ko-build/terraform-provider-ko,2022-06-24T17:35:35Z,,18,5,5,2,5,1,9,0,287,404,CycloneDX
sbom-tool,https://github.com/kolaczyn/typescript-template,2022-08-27T08:24:40Z,,18,4,4,9,3,1,1,4,166,401,CycloneDX
cyclonedx-go,https://github.com/ksoclabs/kbom,2023-04-24T12:10:52Z,,14,5,6,8,3,34,31,3,75,397,CycloneDX
tools-java,https://github.com/kubernetes-sigs/bom,2021-11-19T13:06:36Z,,366,7,9,,,2,3,0,1,396,CycloneDX
ko-build/ko,https://github.com/kubernetes-sigs/release-utils,2021-03-04T01:01:28Z,,0,2,0,,4,1,0,7,149,393,SPDX
bom,https://github.com/kubernetes-sigs/security-profiles-operator,2020-04-24T09:37:15Z,,205,9,51,44,11,79,48,21,196,392,CycloneDX
ko-build/ko,https://github.com/kubernetes/cloud-provider-gcp,2018-03-21T07:01:09Z,,326,20,103,15,30,117,63,13,112,388,SPDX
bom,https://github.com/kubernetes/community,2016-05-03T03:36:05Z,,33,11,5,,3,1,25,0,3,387,CycloneDX
ko-build/ko,https://github.com/kubernetes/release,2016-03-23T22:11:59Z,,15,7,9,,2,0,0,0,0,386,SPDX
bom,https://github.com/kubernetes/test-infra,2016-04-28T21:05:35Z,,13,2,3,57,2,3,8,10,158,382,SPDX
bom,https://github.com/kubewarden/github-actions,2022-01-20T13:31:23Z,,87,12,6,17,8,0,1,10,102,376,CycloneDX
spdx-sbomgenerator,https://github.com/kubewarden/policy-server,2020-12-15T14:26:03Z,,93,10,4,12,7,0,0,7,101,368,CycloneDX
cyclonedx-gomod,https://github.com/kyverno/policy-reporter-ui,2021-03-13T16:20:46Z,,0,2,3,,12,10,8,3,26,357,SPDX
bom,https://github.com/l2x6/cq-maven-plugin,2020-03-16T20:41:40Z,,21,4,2,4,,1,4,0,0,343,CycloneDX
bom,https://github.com/LArkema/dctransistor-project,2021-10-18T20:45:45Z,,53000,59,283,13,42,61,92,9,381,337,CycloneDX
cyclonedx-python,https://github.com/Lee-W/cookiecutter-python-template,2018-06-12T03:16:39Z,,5,1,2,,4,0,0,15,14,334,SPDX
bom,https://github.com/leoluz/go-experiments,2015-02-23T16:22:40Z,,42,4,19,,10,5,2,3,39,331,CycloneDX
tools-golang,https://github.com/lf-edge/eve,2019-04-19T04:01:17Z,,24000,50,184,,39,22,27,50,416,322,SPDX
spdx-sbomgenerator,https://github.com/lfit/releng-global-jjb,2017-06-27T16:32:33Z,,11000,28,134,61,29,17,99,4,389,322,CycloneDX
ort,https://github.com/linagora/Lincompliance,2022-01-26T15:32:32Z,,24,2,8,7,5,9,12,1,55,321,SPDX
cyclonedx-gomod,https://github.com/lkarlslund/Adalanche,2020-10-07T10:07:22Z,,18,4,0,36,,0,1,0,0,321,SPDX
spdx-sbomgenerator,https://github.com/LLNL/llnl.github.io,2016-01-10T22:04:39Z,,142,8,18,70,4,0,3,16,262,308,CycloneDX
tools-python,https://github.com/LLNL/Surfactant,2023-06-27T18:03:31Z,,890,152,284,13,6,7,22,0,48,307,CycloneDX
cyclonedx-php-composer,https://github.com/lockys/Awesome.json,2015-10-05T16:11:59Z,,71,5,15,1,11,20,22,2,67,304,CycloneDX
ort,https://github.com/LoremLabs/kudos-for-code-action,2023-03-14T14:20:52Z,,24,10,12,18,19,6,24,2,225,301,CycloneDX
cyclonedx-python,https://github.com/luismayta/dotfiles,2014-11-17T11:24:08Z,,4,1,2,,,0,0,0,0,300,SPDX
ko-build/ko,https://github.com/lzwme/scoop-proxy-cn,2023-02-21T09:02:29Z,,4,4,4,,3,1,4,1,41,286,SPDX
bom,https://github.com/MadhavJivrajani/owners-counts,2023-03-20T16:23:57Z,,65,1,1,,2,0,28,0,0,283,CycloneDX
cyclonedx-python,https://github.com/madpah/vexy,2022-07-04T14:37:59Z,,36,10,10,9,11,2,75,0,80,283,SPDX
spdx-sbomgenerator,https://github.com/MaibornWolff/OSSLR,2021-08-24T09:45:38Z,,12000,54,167,10,17,25,79,4,241,277,CycloneDX
build-info-go,https://github.com/mattn/vim-lsp-settings,2019-12-14T11:58:55Z,,46,5,26,,21,5,22,2,33,276,CycloneDX
ort,https://github.com/maxhbr/benchmark,2017-05-20T15:42:08Z,,87,7,13,6,11,81,65,17,314,271,CycloneDX
ort,https://github.com/maxhbr/myconfig,2012-12-04T18:26:32Z,,425,8,33,54,22,10,65,1,238,271,CycloneDX
tools-golang,https://github.com/mchmarny/disco,2022-12-23T13:18:03Z,,35,6,13,20,8,6,44,0,54,270,CycloneDX
cyclonedx-node-npm,https://github.com/medplum/medplum,2021-04-21T16:36:22Z,,14,11,16,32,14,3,34,9,276,268,CycloneDX
cyclonedx-gradle-plugin,https://github.com/mercedes-benz/sechub,2019-07-22T14:20:50Z,,435,12,68,74,8,36,45,1,46,263,SPDX
sbom-tool,https://github.com/MHarmony/mharmony.io,2022-10-24T19:49:38Z,,20,6,12,24,11,15,234,5,153,261,CycloneDX
bom,https://github.com/Micronaet/micronaet-sql,2015-02-18T08:13:23Z,,81,4,41,,29,12,12,11,294,257,SPDX
sbom-tool,https://github.com/microsoft/promptflow,2023-06-30T06:03:06Z,,40,5,7,6,3,13,14,0,32,251,CycloneDX
sbom-tool,https://github.com/microsoft/winget-pkgs,2019-07-16T22:21:48Z,,87,3,5,21,5,17,49,2,114,249,CycloneDX
bom,https://github.com/midokura/gha-devops,2022-04-12T08:38:19Z,,17,7,17,19,12,11,78,1,112,247,SPDX
bom,https://github.com/mil-oss/spdx-xsd,2018-05-30T03:35:15Z,,6,10,11,71,6,3,298,3,298,242,SPDX
cyclonedx-maven-plugin,https://github.com/Mixeway/MixewayScanner,2020-08-18T11:13:35Z,,1,1,13,,2,0,0,55,22,240,SPDX
cyclonedx-cli,https://github.com/mlieberman85/supply-chain-examples,2021-08-28T19:07:59Z,,50,8,33,47,14,18,3,5,170,232,CycloneDX
sbom-tool,https://github.com/mluker/artifact-signing,2022-11-17T19:47:55Z,,97,7,52,33,14,25,120,0,104,232,CycloneDX
sbom-tool,https://github.com/mluker/secure-supply-chain,2023-02-24T16:29:47Z,,59,7,11,12,5,4,8,12,354,231,CycloneDX
tools-golang,https://github.com/mmogylenko/rules_deb_packages,2023-06-09T20:44:51Z,,19,11,21,17,11,1,4,1,80,229,CycloneDX
cyclonedx-node-npm,https://github.com/MO-Movia/licit,2020-09-19T22:57:43Z,,144,14,78,97,18,1,113,5,121,226,CycloneDX
tools-golang,https://github.com/moby/buildkit,2017-05-31T17:04:10Z,,15,7,16,9,11,0,6,0,87,224,CycloneDX
spdx-maven-plugin,https://github.com/moleske/geode-protobuf,2021-05-05T22:59:53Z,,210,5,10,22,11,57,66,1,236,223,CycloneDX
cyclonedx-gomod,https://github.com/mostafa/xk6-kafka,2020-05-09T13:13:04Z,,49,7,15,11,9,6,12,6,99,223,CycloneDX
ort,https://github.com/mpromonet/v4l2rtspserver,2013-11-09T23:08:44Z,,31,5,21,14,15,7,33,0,90,223,SPDX
build-info-go,https://github.com/mrtazz/dotfiles,2012-08-25T22:52:09Z,,13,7,7,,6,3,2,0,63,222,SPDX
bom,https://github.com/MrWenBo/mescep,2017-05-19T14:29:48Z,,4,2,3,3,4,6,3,0,43,222,SPDX
bom,https://github.com/mybeam/Apache-Beam-,2019-05-31T12:05:55Z,,21,3,16,32,5,1,15,0,10,218,CycloneDX
cyclonedx-python,https://github.com/NC3-LU/Fit4Cybersecurity,2019-07-09T07:40:36Z,,47,2,17,,13,7,54,5,325,216,CycloneDX
cyclonedx-python,https://github.com/NC3-LU/MOSP,2018-03-28T22:05:03Z,,106,15,69,,5,0,1,3,40,215,CycloneDX
build-info-go,https://github.com/neoclide/coc-json,2018-09-07T08:04:25Z,,479,36,165,,22,40,92,19,27,215,CycloneDX
sbom-tool,https://github.com/NervJS/taro,2018-04-08T09:32:26Z,,43,6,31,16,11,10,50,2,62,215,SPDX
cyclonedx-python-lib,https://github.com/NetBSD/pkgsrc,2017-04-16T20:04:15Z,,74,4,1,11,3,3,37,4,82,210,CycloneDX
tools-python,https://github.com/nexB/python-inspector,2022-05-12T19:42:57Z,,6,5,3,,4,3,1,3,15,208,SPDX
tools-python,https://github.com/nexB/scancode-toolkit,2015-07-01T13:43:06Z,,79,18,25,6,16,15,28,1,109,206,SPDX
bom,https://github.com/nexB/scancode.io,2020-09-10T15:06:52Z,,1,7,1,,5,12,0,2,4,201,SPDX
sbom-cli,https://github.com/nicholasdille/container-slides,2019-11-17T12:38:41Z,,0,3,0,,2,0,0,3,19,200,SPDX
cyclonedx-cli,https://github.com/nicholasdille/docker-setup,2021-10-19T07:27:01Z,,87,3,13,12,7,22,19,8,70,195,CycloneDX
bom,https://github.com/nix-community/nur-combined,2018-08-04T16:29:54Z,,23,2,11,18,7,8,4,1,89,193,CycloneDX
cyclonedx-python,https://github.com/nix-community/poetry2nix,2019-06-17T15:26:38Z,,4,8,7,18,10,2,9,0,79,192,SPDX
cyclonedx-python-lib,https://github.com/NixOS/nixpkgs,2012-06-04T02:49:46Z,,26,9,8,9,10,7,27,2,34,192,CycloneDX
spdx-maven-plugin,https://github.com/NodeSecure/licenses-conformance,2021-08-30T20:47:45Z,,66,17,117,,42,0,4,0,75,189,SPDX
cyclonedx-node-npm,https://github.com/nodeshift/faas-js-runtime,2019-10-16T03:01:12Z,,61,10,19,16,18,3,60,6,157,188,CycloneDX
sbom-cli-plugin,https://github.com/noironetworks/aci-containers,2016-09-01T20:40:29Z,,13,1,1,4,2,1,6,5,84,186,CycloneDX
cyclonedx-gomod,https://github.com/nscuro/dtapac,2022-04-15T15:56:50Z,,67,4,9,1,6,2,5,0,29,183,CycloneDX
cyclonedx-gomod,https://github.com/nscuro/traefik-plugin-geoblock,2021-10-04T18:44:51Z,,22,4,8,,8,0,2,9,76,178,CycloneDX
bom,https://github.com/numaproj/numaflow,2022-05-20T22:05:07Z,,0,3,0,,,0,0,0,0,176,SPDX
tools-golang,https://github.com/nydusaccelerator/buildkit,2023-01-05T03:50:05Z,,54,4,7,,5,7,4,4,28,176,CycloneDX
bom,https://github.com/oasis-open/openc2-jadn-software,2017-08-28T18:45:52Z,,3,7,0,2,4,19,11,1,72,175,SPDX
sbom-tool,https://github.com/octodemo/sbom-dependency-submission,2022-10-03T22:33:03Z,,133,0,11,3,6,16,41,14,158,173,SPDX
cyclonedx-go,https://github.com/ocurity/dracon,2023-02-13T17:16:44Z,,148,18,18,20,3,1,19,1,19,169,CycloneDX
ko-build/ko,https://github.com/okibcn/ScoopMaster,2023-02-05T02:02:41Z,,54,6,12,60,14,6,31,1,124,169,CycloneDX
sbom-tool,https://github.com/OKiMaureen/test,2019-03-21T13:39:25Z,,216,4,9,36,7,8,13,2,160,168,CycloneDX
cyclonedx-python-lib,https://github.com/on-nix/pkgs,2021-10-18T06:23:33Z,,22,35,42,5,27,2,7,0,66,165,CycloneDX
cyclonedx-gomod,https://github.com/open-feature/flagd,2022-05-26T12:05:42Z,,26,3,16,,,0,0,0,0,164,CycloneDX
cyclonedx-gomod,https://github.com/open-feature/go-sdk,2022-04-28T21:00:52Z,,24,1,3,20,4,3,15,3,48,160,CycloneDX
cyclonedx-go,https://github.com/open-policy-agent/conftest,2019-03-28T17:12:29Z,,87,22,39,14,14,0,0,2,161,159,CycloneDX
tools-java,https://github.com/Open-Source-Compliance/package-analysis,2022-03-02T09:01:20Z,,0,6,0,3,4,0,0,0,8,157,SPDX
cyclonedx-gomod,https://github.com/openclarity/kubeclarity,2020-03-22T12:52:29Z,,4,7,6,,8,1,81,0,73,156,SPDX
cyclonedx-go,https://github.com/openclarity/vmclarity,2022-11-04T16:06:44Z,,37,8,9,4,8,6,22,0,16,153,SPDX
sbom-cli,https://github.com/opendevstack/ods-jenkins-shared-library,2018-07-27T11:44:32Z,,15,18,0,5,2,7,12,7,78,150,CycloneDX
tools-golang,https://github.com/opensbom-generator/sbom-composer,2023-03-17T14:16:51Z,,7,3,1,,,0,0,0,0,148,SPDX
tools-golang,https://github.com/opensbom-generator/spdx-sbom-generator,2021-05-19T19:35:04Z,,2,3,2,16,2,2,12,1,36,148,SPDX
cyclonedx-cli,https://github.com/opensourceways/sbom-tools,2022-08-05T03:45:05Z,,191,7,11,9,7,2,1,4,78,147,CycloneDX
spdx-maven-plugin,https://github.com/OpenTOSCA/license-engine,2020-11-20T15:21:48Z,,17,4,4,14,4,7,5,7,107,146,CycloneDX
ort,https://github.com/opfab/operatorfabric-core,2018-09-27T09:36:25Z,,0,2,0,,4,0,0,0,0,144,SPDX
sbom-cli-plugin,https://github.com/opnfv/releng,2016-11-03T17:45:08Z,,8,9,12,,6,1,0,0,35,139,SPDX
cyclonedx-python-lib,https://github.com/opnsense/ports,2014-12-13T15:19:32Z,,14,24,18,,14,1,61,1,36,138,CycloneDX
tools-java,https://github.com/opossum-tool/examples,2021-09-20T06:27:47Z,,4,3,5,15,3,4,20,1,36,137,SPDX
tools-python,https://github.com/opossum-tool/opossum.lib.py,2023-03-06T12:34:09Z,,25,17,9,13,11,4,9,2,156,133,SPDX
spdx-maven-plugin,https://github.com/opossum-tool/OpossumUI,2021-09-21T14:45:15Z,,0,2,0,,,0,0,0,0,132,SPDX
cyclonedx-python,https://github.com/oracle/dbt-oracle,2022-04-11T07:06:04Z,,0,2,7,,6,14,24,1,54,130,SPDX
cyclonedx-cli,https://github.com/oracle/hiq,2022-03-04T08:59:02Z,,0,8,1,,4,16,11,0,30,130,SPDX
cyclonedx-maven-plugin,https://github.com/oracle/macaron,2022-12-05T07:16:28Z,,5,7,0,,2,3,4,0,2,129,SPDX
cyclonedx-maven-plugin,https://github.com/oracle/nosql-java-sdk,2020-09-27T00:05:54Z,,16,3,0,1,3,0,1,0,1,128,CycloneDX
cyclonedx-python,https://github.com/oracle/oci-ansible-collection,2020-04-23T16:48:27Z,,8,2,4,,,0,20,0,10,126,SPDX
cyclonedx-maven-plugin,https://github.com/oracle/oci-java-sdk,2016-12-06T04:05:39Z,,26,5,32,2,10,5,6,7,51,124,CycloneDX
cyclonedx-python,https://github.com/oracle/oci-python-sdk,2016-11-04T04:50:20Z,,222,8,20,,13,1,51,0,21,123,CycloneDX
cyclonedx-gradle-plugin,https://github.com/oracle/okafka,2020-04-24T21:12:09Z,,7,10,3,,2,0,3,0,2,122,SPDX
cyclonedx-maven-plugin,https://github.com/oracle/tribuo,2020-06-16T09:59:48Z,,69,4,6,13,4,3,14,0,8,120,SPDX
ort,https://github.com/orenmazor/eks-workshop,2023-07-07T15:34:56Z,,87,9,14,9,3,2,0,4,109,119,SPDX
dtrack-audit,https://github.com/oss-compass/compass-web,2022-09-29T09:44:01Z,,120,11,49,,5,9,7,1,24,116,CycloneDX
pip-audit,https://github.com/oss-review-toolkit/ort,2017-10-19T11:59:49Z,,179,8,22,7,6,3,20,2,19,116,CycloneDX
build-info-go,https://github.com/ovh/cds,2016-10-11T08:28:23Z,,65,6,23,11,3,8,29,0,31,116,CycloneDX
cyclonedx-gomod,https://github.com/owasp-amass/amass,2018-07-10T16:05:08Z,,74,13,12,7,6,11,7,2,24,114,CycloneDX
bom,https://github.com/owasp-dep-scan/dep-scan,2020-01-28T20:41:58Z,,3,3,3,4,3,2,6,5,20,111,SPDX
sbom-cli,https://github.com/oxsecurity/megalinter,2020-10-17T08:16:25Z,,2,1,0,,2,0,0,0,0,109,SPDX
cyclonedx-go,https://github.com/paketo-buildpacks/packit,2019-10-10T19:20:22Z,,57,6,15,4,3,0,1,0,1,109,CycloneDX
gh-dotnet-generate-sbom,https://github.com/paralax/ObsidianSailboat,2019-02-27T01:34:33Z,,2,2,2,,4,4,2,6,48,109,SPDX
cyclonedx-dotnet-library,https://github.com/patriksvensson/covenant,2022-10-09T21:53:47Z,,18,10,10,,9,11,10,4,45,108,CycloneDX
cyclonedx-python-lib,https://github.com/pentagridsec/smsgate,2022-11-16T11:16:45Z,,46,2,12,,9,12,13,1,59,108,SPDX
spdx-maven-plugin,https://github.com/pezra/pretty-printer,2011-03-30T15:21:38Z,,0,1,0,,11,0,0,0,0,105,SPDX
cyclonedx-python-lib,https://github.com/pfsense/FreeBSD-ports,2015-08-20T20:02:11Z,,2,1,0,,3,0,0,33,23,103,SPDX
cyclonedx-python,https://github.com/pgjones/tozo,2022-07-22T09:20:17Z,,15,4,3,15,3,0,7,0,42,101,CycloneDX
sbom-tool,https://github.com/philips-software/post-to-medium-action,2021-10-27T07:49:02Z,,4,7,5,,7,9,4,2,30,99,SPDX
ort,https://github.com/philips-software/spdx-builder,2020-07-16T06:14:32Z,,18,5,15,,7,6,7,0,19,98,CycloneDX
bom,https://github.com/philipwig/ledcube,2021-08-11T16:14:53Z,,0,1,0,,,0,0,0,0,97,SPDX
cyclonedx-node-npm,https://github.com/phylum-dev/cli,2021-03-19T14:21:50Z,,1,2,0,,,0,0,0,0,95,SPDX
cyclonedx-python,https://github.com/planetmint/planetmint,2022-01-11T19:19:59Z,,1,3,15,2,8,2,1,1,15,94,SPDX
cyclonedx-python,https://github.com/planetmint/planetmint-driver-python,2022-01-24T08:13:21Z,,4,3,0,,3,0,0,0,43,90,SPDX
cyclonedx-maven-plugin,https://github.com/pmckeown/dependency-track-maven-plugin,2019-06-29T22:02:31Z,,4,1,12,,5,0,0,2,4,88,SPDX
bom,https://github.com/pombredanne/gitlab.com-hoppr-hoppr-cyclonedx-models,2023-01-19T18:45:33Z,,14,7,7,6,9,1,44,3,43,85,CycloneDX
ort,https://github.com/porscheofficial/.github,2021-09-21T12:57:50Z,,8,3,7,6,3,4,16,0,17,84,SPDX
ort,https://github.com/porscheofficial/cookie-consent-banner,2021-09-14T14:12:42Z,,92,11,41,,9,9,23,0,38,81,SPDX
ort,https://github.com/porscheofficial/porscheofficial.github.io,2023-05-10T08:20:43Z,,1,3,2,13,3,1,6,0,19,81,SPDX
ort,https://github.com/privacy-tech-lab/privacy-pioneer-machine-learning,2022-02-05T15:17:30Z,,49,10,2,,,1,0,0,2,80,SPDX
tools-golang,https://github.com/project-stacker/stacker-bom,2023-02-09T19:02:46Z,,0,2,5,6,4,4,15,0,34,79,SPDX
bom,https://github.com/Prow-Cluster-Bot/prow-config,2023-04-07T09:39:23Z,,102,2,3,,5,1,3,0,1,79,CycloneDX
bom,https://github.com/puerco/release-actions,2023-12-02T20:32:00Z,,37,8,11,,4,5,0,10,54,78,SPDX
bom,https://github.com/puerco/supply-chain-demo,2022-03-08T07:37:36Z,,71,0,5,1,,8,5,0,0,76,CycloneDX
tools-golang,https://github.com/purpleidea/yesiscan,2021-05-05T16:08:26Z,,1,0,0,,,0,0,0,0,75,SPDX
cyclonedx-cli,https://github.com/puzzle/cryptopus,2008-07-11T14:40:10Z,,48,1,2,,,1,0,0,3,74,CycloneDX
cyclonedx-cli,https://github.com/puzzle/skills,2018-02-27T16:13:22Z,,20,4,7,5,3,3,11,0,20,74,SPDX
cyclonedx-python-lib,https://github.com/pypa/pip-audit,2021-09-02T15:19:39Z,,11,3,6,5,4,2,23,0,91,73,SPDX
cyclonedx-python-lib,https://github.com/pypi-data/pypi-json-data,2022-07-21T12:56:42Z,,19,3,2,,,0,1,0,6,73,CycloneDX
tools-golang,https://github.com/QMSTR/qmstr,2018-01-19T09:50:33Z,,7,4,1,10,3,7,13,0,13,73,SPDX
cyclonedx-php-composer,https://github.com/Quobis/action-owasp-dependecy-track-check,2021-05-15T17:32:57Z,,12,3,2,5,2,4,5,1,6,71,CycloneDX
bom,https://github.com/rancher/elemental-operator,2022-05-25T10:23:32Z,,0,1,1,,2,0,0,0,0,71,SPDX
build-info-go,https://github.com/remcohaszing/vscode-schemastore,2022-07-30T11:44:17Z,,13,1,9,,2,0,0,0,5,70,CycloneDX
bom,https://github.com/RetireJS/retire.js,2013-08-30T21:43:44Z,,20,5,10,,,0,1,2,0,70,CycloneDX
tools-golang,https://github.com/riehlegroup/product-model-toolkit,2020-02-19T16:15:59Z,,22,5,4,,6,0,0,0,62,69,CycloneDX
cyclonedx-maven-plugin,https://github.com/rmkanda/secure-pipeline-java-demo,2020-05-28T10:31:01Z,,0,0,0,,2,0,2,0,39,68,SPDX
bom,https://github.com/RobertKielty/hook-plugin-docker-action,2022-07-24T19:46:09Z,,10,8,5,,3,0,5,0,3,68,SPDX
bom,https://github.com/robertwb/beam-javascript,2022-01-04T00:51:30Z,,111,5,10,,,1,3,0,0,67,CycloneDX
sbom-tool,https://github.com/rod4n4m1/hashi-vault-js,2020-07-01T17:56:03Z,,4,3,3,4,6,0,1,0,13,64,SPDX
bom,https://github.com/rohankumardubey/beam,2021-09-21T06:14:15Z,,36,7,6,,2,3,0,0,4,64,CycloneDX
cyclonedx-go,https://github.com/safedep/vet,2022-12-30T03:39:03Z,,14,7,3,,3,7,0,0,4,63,CycloneDX
tools-golang,https://github.com/sajayantony/obom_cli,2023-05-10T19:02:20Z,,33,2,21,,4,0,1,0,13,63,CycloneDX
ko-build/ko,https://github.com/salaboy/platforms-on-k8s,2023-05-09T07:48:19Z,,0,2,1,,2,0,0,17,140,61,SPDX
cyclonedx-gradle-plugin,https://github.com/samrocketman/jervis,2014-11-22T04:58:13Z,,661,11,58,11,15,16,27,0,60,60,CycloneDX
bom,https://github.com/samuelmoss572/dataflowworkshop,2019-08-07T15:07:50Z,,354,5,28,15,11,14,63,7,89,60,CycloneDX
cyclonedx-maven-plugin,https://github.com/SAP/jenkins-library,2017-10-17T20:14:48Z,,1,2,0,,,1,0,1,2,58,SPDX
cyclonedx-cli,https://github.com/scanoss/scanoss.py,2021-06-15T19:29:33Z,,0,1,2,2,8,0,3,6,34,58,SPDX
build-info-go,https://github.com/SchemaStore/schemastore,2014-11-18T01:02:10Z,,0,0,0,,3,0,0,0,0,57,SPDX
sbom-tool,https://github.com/ScoopInstaller/Extras,2013-08-06T03:27:50Z,,6,1,1,,,0,0,0,0,57,SPDX
ko-build/ko,https://github.com/ScoopInstaller/Main,2019-01-31T07:05:24Z,,47,5,9,5,3,3,9,0,17,57,SPDX
bom,https://github.com/sdbs-uni-p/json-schema-corpus,2021-03-26T13:49:23Z,,12,2,1,2,,1,0,11,35,55,CycloneDX
cyclonedx-python,https://github.com/ServiceNow/PySNC,2020-07-16T16:22:30Z,,20,31,16,6,6,1,8,1,10,55,CycloneDX
tools-python,https://github.com/sethmlarson/cpython-sbom,2023-08-30T21:40:14Z,,7,2,0,4,3,1,0,0,0,55,SPDX
cyclonedx-python,https://github.com/sfermigier/tentakel,2011-12-14T11:17:07Z,,2,2,3,,,0,0,0,0,54,SPDX
ko-build/ko,https://github.com/shipwright-io/build,2020-02-06T03:14:59Z,,3,1,13,22,,0,0,6,138,54,SPDX
cyclonedx-maven-plugin,https://github.com/siemens/continuous-clearing,2023-02-10T10:43:09Z,,17,3,0,,,0,0,0,18,53,SPDX
cyclonedx-webpack-plugin,https://github.com/silk-framework/silk,2014-02-13T15:28:36Z,,13,1,2,,,0,0,0,0,51,CycloneDX
sbom-cli,https://github.com/snyk/cli,2015-10-30T11:36:00Z,,36,4,4,,2,1,13,0,6,50,CycloneDX
cyclonedx-go,https://github.com/snyk/parlay,2023-04-19T07:39:38Z,,2,1,0,9,3,0,1,0,3,50,SPDX
cyclonedx-cli,https://github.com/SonarSource/sonar-scanner-vsts,2017-04-12T09:19:42Z,,16,6,13,4,3,5,3,0,4,49,CycloneDX
swift-package-sbom,https://github.com/sonatype-nexus-community/cargo-pants,2019-03-13T20:00:31Z,,0,1,0,,2,1,0,1,46,48,SPDX
cyclonedx-python,https://github.com/sonatype-nexus-community/jake,2019-10-10T20:05:24Z,,19,1,2,,2,4,0,1,13,48,CycloneDX
cyclonedx-maven-plugin,https://github.com/sonatype-nexus-community/search-maven-org,2018-02-22T22:42:35Z,,1,2,3,1,5,0,0,0,3,47,SPDX
bom,https://github.com/SovereignCloudStack/cluster-stack-operator,2023-05-22T07:28:41Z,,34,2,11,6,6,0,2,3,11,47,CycloneDX
spdx-maven-plugin,https://github.com/spdx/cdx2spdx,2021-07-15T20:12:13Z,,47,12,14,,2,4,10,0,2,46,SPDX
tools-golang,https://github.com/spdx/gordf,2020-08-19T15:52:57Z,,1,8,4,2,5,0,28,0,28,46,SPDX
tools-python,https://github.com/spdx/ntia-conformance-checker,2022-07-18T21:32:45Z,,0,1,0,1,,0,0,0,0,46,SPDX
tools-java,https://github.com/spdx/spdx-examples,2020-07-17T22:49:19Z,,35,4,33,,2,0,0,0,2,45,CycloneDX
spdx-maven-plugin,https://github.com/spdx/spdx-gradle-plugin,2023-04-05T19:48:05Z,,2,2,0,4,,0,2,0,21,45,SPDX
spdx-maven-plugin,https://github.com/spdx/spdx-java-jackson-store,2020-01-17T23:36:22Z,,1,11,1,,2,0,0,0,0,44,SPDX
spdx-maven-plugin,https://github.com/spdx/spdx-java-rdf-store,2019-12-06T23:06:03Z,,4,1,0,3,2,0,0,0,1,44,SPDX
spdx-maven-plugin,https://github.com/spdx/spdx-java-spreadsheet-store,2020-05-12T03:20:45Z,,1,3,0,,5,4,1,0,1,44,SPDX
Spdx-Java-Library,https://github.com/spdx/spdx-maven-plugin,2014-01-13T19:55:58Z,,21,2,3,1,5,8,3,2,2,42,SPDX
tools-java,https://github.com/spdx/spdx-online-tools,2017-05-22T23:58:36Z,,0,22,0,,2,0,0,0,4,41,SPDX
Spdx-Java-Library,https://github.com/spdx/spdx-testbed,2022-09-08T14:28:31Z,,15,4,2,,3,10,1,3,9,40,SPDX
tools-java,https://github.com/spdx/spdx-to-osv,2021-09-29T18:40:04Z,,0,3,4,6,10,3,40,3,40,39,SPDX
spdx-maven-plugin,https://github.com/spdx/tools,2015-03-23T21:46:19Z,,15,2,0,,2,0,0,7,67,36,CycloneDX
Spdx-Java-Library,https://github.com/spdx/tools-golang,2019-01-10T21:31:26Z,,21,6,10,,7,1,0,2,26,35,CycloneDX
Spdx-Java-Library,https://github.com/spdx/tools-java,2020-01-06T18:02:19Z,,9,6,9,,3,1,1,0,6,34,SPDX
bom,https://github.com/spidernet-io/egressgateway,2022-10-24T07:14:58Z,,22,3,1,5,3,3,5,4,15,32,CycloneDX
bom,https://github.com/spidernet-io/rocktemplate,2022-10-12T13:24:15Z,,5,9,1,,2,1,9,0,6,31,SPDX
bom,https://github.com/spidernet-io/spiderdoctor,2022-11-11T03:27:17Z,,2,1,0,,2,0,0,90,34,29,SPDX
bom,https://github.com/spidernet-io/spiderpool,2022-03-07T03:45:43Z,,8,5,5,2,4,5,2,2,5,29,SPDX
build-info-go,https://github.com/sublimelsp/LSP-json,2019-03-10T23:45:34Z,,1,1,0,,3,0,1,0,1,29,SPDX
cyclonedx-python,https://github.com/supakeen/pinnwand,2019-02-20T16:52:16Z,,23,6,5,2,3,5,4,2,13,29,CycloneDX
tools-golang,https://github.com/swinslow/cncf-exceptions-maker,2019-11-01T17:16:44Z,,0,2,1,,2,0,0,0,1,29,SPDX
tools-golang,https://github.com/swinslow/kernel-spdx-ids,2018-12-12T23:07:34Z,,118,8,20,,2,0,3,0,1,26,CycloneDX
tools-golang,https://github.com/swinslow/npm-spdx,2019-11-18T15:01:12Z,,2,0,1,,3,0,0,0,3,26,SPDX
tools-golang,https://github.com/swinslow/peridot-agents,2019-01-26T15:29:48Z,,3,3,44,,3,0,0,604,67,26,SPDX
tools-golang,https://github.com/swinslow/spdx-oin,2018-12-09T23:15:32Z,,1,3,0,,3,0,0,0,0,24,SPDX
syft,https://github.com/synapsecns/sanguine,2022-05-24T08:16:06Z,,10,1,5,1,3,1,1,1,2,24,SPDX
bom,https://github.com/syself/cluster-api-provider-hetzner,2021-08-25T11:32:07Z,,0,19,1,1,6,0,18,0,18,22,SPDX
bom,https://github.com/syspack/pakages,2022-05-13T23:45:30Z,,25,2,16,,2,0,0,0,1,22,SPDX
cyclonedx-go,https://github.com/tap8stry/orion,2021-11-09T14:14:29Z,,0,2,1,5,,0,0,5,45,22,SPDX
ko-build/ko,https://github.com/tektoncd/catalog,2019-04-25T19:54:27Z,,3,3,0,,2,0,0,0,0,21,SPDX
tools-python,https://github.com/tenzir/tenzir,2010-09-23T01:19:19Z,,15,4,5,10,5,0,6,0,17,20,CycloneDX
pip-audit,https://github.com/tern-tools/tern,2017-11-27T23:32:17Z,,1,14,1,,2,3,0,0,8,18,SPDX
ko-build/ko,https://github.com/tilt-dev/ctlptl,2020-10-16T18:30:00Z,,0,1,0,2,,0,0,0,0,17,SPDX
ort,https://github.com/todogroup/ospolandscape,2021-02-17T17:04:51Z,,1,1,3,,2,0,0,0,0,17,SPDX
sbom-tool,https://github.com/togglz/togglz,2011-12-21T16:49:03Z,,21,4,0,,,0,6,0,0,16,CycloneDX
cyclonedx-cli,https://github.com/trustification/trustification,2023-05-03T16:03:26Z,,0,1,0,,,0,0,0,0,15,SPDX
tools-golang,https://github.com/uncefact/project-vckit,2022-09-02T22:01:41Z,,0,1,0,,,0,0,0,0,15,SPDX
spdx-maven-plugin,https://github.com/uOttawa-Nanda-Lab/Flakify,2022-01-05T20:36:28Z,,0,0,0,,,0,0,0,0,15,SPDX
cyclonedx-dotnet,https://github.com/up-for-grabs/up-for-grabs.net,2013-11-20T22:44:13Z,,0,1,0,,,0,0,0,0,11,SPDX
bom,https://github.com/uservers/miniprow,2021-03-31T19:57:40Z,,1,4,5,,2,0,0,0,4,11,SPDX
cyclonedx-maven-plugin,https://github.com/vaadin/platform,2017-05-19T16:34:14Z,,13,7,4,,6,1,2,2,3,11,SPDX
sbom-tool,https://github.com/verifiedcoder/Twilight,2020-08-25T23:39:32Z,,51,2,4,,3,6,1,0,4,11,CycloneDX
ort,https://github.com/vinland-technology/compliance-tool-collection,2021-05-02T21:59:04Z,,0,2,0,,,0,0,0,0,11,SPDX
tools-golang,https://github.com/vmware-samples/sbom-composer,2022-07-20T13:22:52Z,,19,5,14,11,,0,3,5,2,10,CycloneDX
cyclonedx-gomod,https://github.com/volution/kawipiko,2018-11-09T16:05:54Z,,1,3,0,,,0,0,0,1,10,SPDX
cyclonedx-gomod,https://github.com/volution/z-run,2019-08-04T15:58:09Z,,27,4,13,,4,2,7,5,14,9,CycloneDX
cyclonedx-gomod,https://github.com/volution/z-scratchpad,2021-08-05T19:06:27Z,,4,3,0,2,2,0,0,0,5,9,SPDX
tools-python,https://github.com/vu-ls/advise,2023-03-07T15:34:26Z,,1,1,0,,2,0,0,0,0,8,SPDX
tools-golang,https://github.com/w3c-ccg/traceability-vocab,2020-10-13T16:30:53Z,,0,1,0,,,0,0,0,0,8,SPDX
sbom-tool,https://github.com/wabbit-networks/net-monitor,2021-03-02T18:38:13Z,,11,3,3,,,2,3,20,9,8,SPDX
sbom-tool,https://github.com/wang-song/scoopMain,2022-09-28T12:53:01Z,,35,9,4,1,4,8,13,1,13,7,SPDX
cyclonedx-python,https://github.com/WarnerMedia/artemis,2022-07-14T16:43:28Z,,3,1,0,,,0,1,0,0,6,SPDX
tools-python,https://github.com/williamfzc/sbom-rule-diff,2023-08-27T13:22:06Z,,0,1,0,2,2,0,0,0,0,6,SPDX
ort,https://github.com/wings-software/payment-service,2021-08-18T18:55:11Z,,3,5,0,,3,1,0,0,6,6,SPDX
ort,https://github.com/wings-software/platform-demo2,2021-07-26T22:24:10Z,,3,2,1,,,2,0,0,2,6,SPDX
ko-build/ko,https://github.com/wolfi-dev/os,2022-09-07T19:46:09Z,,0,2,0,,,0,0,0,0,5,SPDX
cyclonedx-maven-plugin,https://github.com/wso2/security-tools,2015-11-23T04:43:14Z,,0,6,1,,3,0,3,0,3,4,SPDX
gh-dotnet-generate-sbom,https://github.com/wulfland/AccelerateDevOps,2021-07-07T08:01:50Z,,2,1,0,,,0,0,0,0,4,SPDX
ko-build/ko,https://github.com/X-lab2017/open-digger,2020-08-18T11:03:58Z,,1,1,0,,,0,0,0,0,3,SPDX
cyclonedx-go,https://github.com/xeol-io/xeol,2022-12-23T17:52:15Z,,2,9,0,,,0,0,0,0,3,SPDX
build-info-go,https://github.com/xhcoding/.emacs.d,2023-01-20T15:53:05Z,,0,1,0,,,1,0,0,0,3,SPDX
bom,https://github.com/xjtucoderesearch/UsabilityTest,2022-04-16T14:57:17Z,,4,2,6,,2,0,1,0,0,3,SPDX
cyclonedx-go,https://github.com/XmirrorSecurity/OpenSCA-cli,2021-12-30T04:44:37Z,,1,2,3,,2,0,0,12,13,2,SPDX
bom,https://github.com/xsm110/Beam15.0,2019-08-26T09:56:51Z,,25,4,2,,,5,0,0,0,2,CycloneDX
cyclonedx-go,https://github.com/yaklang/yaklang,2023-04-29T05:21:07Z,,0,2,1,,,0,0,0,1,2,SPDX
spdx-maven-plugin,https://github.com/yevster/spdx-edit,2015-07-01T07:04:46Z,,0,1,2,,2,0,0,0,2,2,SPDX
bom,https://github.com/yirutang/insert-id,2019-12-12T01:08:50Z,,0,1,0,2,,1,0,0,3,2,SPDX
cyclonedx-maven-plugin,https://github.com/Yong-An-Dang/nuclei-plus,2022-09-28T01:59:16Z,,0,2,1,,,0,0,0,0,2,SPDX
sbom-tool,https://github.com/yuuki1967/https-gintro-to-dotnet-web-dev,2023-07-04T13:35:53Z,,2,3,1,,2,0,0,0,0,2,SPDX
cyclonedx-gomod,https://github.com/zabbix/zabbix,2014-02-27T15:36:03Z,,2,1,1,1,2,2,0,0,0,2,SPDX
cyclonedx-python,https://github.com/zama-ai/concrete-numpy,2021-09-06T07:59:31Z,,0,2,0,,,1,0,0,0,2,SPDX
ko-build/ko,https://github.com/zdharma-continuum/zinit,2021-10-30T01:07:44Z,,0,1,0,,,0,0,0,0,2,SPDX
bom,https://github.com/Zolko-123/FreeCAD_Assembly4,2019-03-10T11:58:17Z,,0,2,0,,,0,0,0,0,1,SPDX
spdx-maven-plugin,https://github.com/zvr/hub-spdx,2018-04-24T17:17:46Z,,0,2,0,,,0,0,0,0,1,SPDX