tool_used,about,link,projectCategory,tags,licence,stars,watchers,forks,releases,latestRelease,packages,usedBy,contributors,openIssues,closedIssues,openPRs,closedPRs,commits,programmingLanguage,format
spdx-maven-plugin,The Kotlin Programming Language.,https://github.com/JetBrains/kotlin,[],"['kotlin', 'programming-language', 'compiler', 'kotlin-library', 'maven-plugin', 'gradle-plugin', 'intellij-plugin']",,459000,15000,57000,210.0,Kotlin 1.9.10,0.0,14000.0,607.0,165,4995,165,4995,"104,983",Kotlin,SPDX
sbom-tool,开放式跨端跨框架解决方案，支持使用 React/Vue/Nerv 等框架来开发微信/京东/百度/支付宝/字节跳动/ QQ 小程序/H5/React Native 等应用。 https://taro.zone/,https://github.com/NervJS/taro,[],"['react', 'javascript', 'jquery', 'typescript', 'react-native', 'vue', 'reactjs', 'weixin', 'wechat', 'wxapp', 'wechat-mini-program', 'taro', 'nerv', 'nervjs', 'vue3']",View license,336000,691,47000,157.0,chore(release): publish 3.6.17,0.0,,524.0,992,9161,41,3736,"10,350",TypeScript,SPDX
bom,GitLab CE Mirror | Please open new issues in our issue tracker on GitLab.com,https://github.com/gitlabhq/gitlabhq,[],"['ruby', 'rails', 'gitlab']",View license,234000,977,58000,,,0.0,,1969.0,13,3609,13,3609,"111,285",Ruby,SPDX
bom,"eBPF-based Networking, Security, and Observability",https://github.com/cilium/cilium,[],"['kubernetes', 'security', 'networking', 'monitoring', 'kernel', 'containers', 'cncf', 'k8s', 'ebpf', 'xdp', 'troubleshooting', 'observability', 'cni', 'loadbalancing', 'bpf', 'kubernetes-networking']",Apache-2.0 license,165000,310,24000,250.0,1.14.2,,121.0,645.0,913,7319,187,19797,"25,670",Go,SPDX
tools-golang,"🥑 Language focused docker images, minus the operating system.",https://github.com/GoogleContainerTools/distroless,[],"['docker', 'bazel']",Apache-2.0 license,164000,194,977,,,0.0,,123.0,70,451,2,872,"1,574",Starlark,SPDX
bom,Declarative continuous deployment for Kubernetes.,https://github.com/argoproj/argo-cd,[],"['docker', 'kubernetes', 'devops', 'pipeline', 'continuous-delivery', 'cd', 'helm', 'continuous-deployment', 'ci-cd', 'argo', 'cicd', 'hacktoberfest', 'gitops', 'ksonnet', 'argo-cd']",Apache-2.0 license,142000,192,42000,323.0,v2.8.4,1.0,86.0,1113.0,2612,4061,375,7055,"5,887",Go,SPDX
bom,Workflow Engine for Kubernetes,https://github.com/argoproj/argo-workflows,[],"['kubernetes', 'workflow', 'machine-learning', 'airflow', 'workflow-engine', 'cncf', 'pipelines', 'data-engineering', 'argo', 'k8s', 'cloud-native', 'batch-processing', 'hacktoberfest', 'dag', 'gitops', 'mlops', 'knative', 'argo-workflows']",Apache-2.0 license,135000,202,29000,267.0,v3.4.11,1.0,128.0,770.0,851,4504,46,5488,"4,724",Go,SPDX
bom,Kubernetes community content,https://github.com/kubernetes/community,[],['kubernetes'],Apache-2.0 license,112000,698,51000,,,0.0,,1247.0,89,1573,38,5773,"12,700",Jupyter,SPDX
sbom-tool,The Microsoft community Windows Package Manager manifest repository,https://github.com/microsoft/winget-pkgs,[],['hacktoberfest'],MIT license,73000,97,35000,,,0.0,6.0,2361.0,774,2282,517,116934,"105,871",,SPDX
bom,Apache Beam is a unified programming model for Batch and Streaming data processing.,https://github.com/apache/beam,[],"['python', 'java', 'golang', 'streaming', 'sql', 'big-data', 'beam', 'batch']",,72000,259,4000,33.0,Beam 2.50.0 release,0.0,,1136.0,4131,1908,123,22474,"40,491",Java,SPDX
tools-golang,"concurrent, cache-efficient, and Dockerfile-agnostic builder toolkit",https://github.com/moby/buildkit,[],"['go', 'docker', 'golang', 'dockerfile', 'builder', 'containers', 'oci', 'oci-image', 'cloud-native', 'buildkit']",Apache-2.0 license,71000,115,1000,98.0,v0.12.2,0.0,17000.0,198.0,637,1020,87,2465,"5,784",Go,SPDX
bom,Open Container Initiative-based implementation of Kubernetes Container Runtime Interface,https://github.com/cri-o/cri-o,[],"['kubernetes', 'oci', 'hacktoberfest', 'runc', 'container-runtime-interface', 'oci-runtime', 'kata-containers', 'k8s-sig-node']",Apache-2.0 license,48000,124,1000,184.0,v1.28.1,0.0,32.0,282.0,67,1209,50,5985,"8,333",Go,SPDX
bom,Test infrastructure for the Kubernetes project.,https://github.com/kubernetes/test-infra,[],['k8s-sig-testing'],Apache-2.0 license,37000,131,26000,,,0.0,,1227.0,139,4133,114,26305,"55,456",Go,SPDX
bom,scanner detecting the use of JavaScript libraries with known vulnerabilities. Can also generate an SBOM of the libraries it finds.,https://github.com/RetireJS/retire.js,[],"['javascript', 'chrome-extension', 'security', 'scanner', 'grunt-plugins', 'firefox-extension', 'build-tool', 'vulnerabilities', 'software-composition-analysis', 'vulnerable-libraries', 'insecure-libraries', 'sbom', 'sbom-generator', 'sbom-tool']",,34000,87,430,11.0,4.3.3,0.0,65000.0,95.0,2,230,0,186,844,JavaScript,SPDX
bom,helm chart repository server,https://github.com/helm/chartmuseum,[],"['kubernetes', 'charts', 'helm', 'chartmuseum']",Apache-2.0 license,33000,58,378,36.0,ChartMuseum v0.16.0,1.0,,78.0,92,259,9,362,633,Go,SPDX
bom,eBPF-based Security Observability and Runtime Enforcement,https://github.com/cilium/tetragon,[],"['kubernetes', 'security', 'kernel', 'ebpf', 'bpf']",Apache-2.0 license,26000,44,241,10.0,Release v0.11.0,0.0,5.0,59.0,131,157,72,1149,"2,022",C,SPDX
sbom-tool,"Build high-quality LLM apps - from prototyping, testing to production deployment and monitoring.",https://github.com/microsoft/promptflow,[],"['ai', 'prompt', 'gpt', 'ai-applications', 'ai-application-development', 'llm', 'prompt-engineering', 'chatgpt']",MIT license,24000,50,184,,,0.0,4.0,39.0,22,27,50,416,322,Python,SPDX
bom,Progressive Delivery for Kubernetes,https://github.com/argoproj/argo-rollouts,[],"['kubernetes', 'canary', 'deployments', 'experiments', 'hacktoberfest', 'bluegreen', 'gitops', 'progressive-delivery', 'argoproj', 'argo-rollouts']",Apache-2.0 license,22000,35,684,61.0,v1.6.0,2.0,,218.0,272,752,45,1741,"1,447",Go,SPDX
bom,Event-driven automation framework,https://github.com/argoproj/argo-events,[],"['kubernetes', 'pipelines', 'event-driven', 'argo', 'cloud-native', 'workflows', 'automation-framework', 'triggers', 'event-source', 'workflow-automation', 'cloudevents', 'eventing-framework']",Apache-2.0 license,21000,35,684,64.0,v1.8.1,0.0,73.0,250.0,112,855,5,1680,"1,452",Go,SPDX
tools-python,"🔎 ScanCode detects licenses, copyrights, dependencies by ""scanning code"" ... to discover and inventory open source and third-party packages used in your code. Sponsored by NLnet project https://nlnet.nl/project/vulnerabilitydatabase, the Google Summer of Code, Azure credits, nexB and others generous sponsors!",https://github.com/nexB/scancode-toolkit,[],"['licensing', 'packages', 'open-source-licensing', 'dependency-graph', 'provenance', 'dependencies', 'license', 'spdx', 'copyright', 'sca', 'spdx-licenses', 'license-checking', 'license-scan', 'copyright-scan', 'software-composition-analysis', 'oss-compliance', 'purl', 'package-url', 'sbom', 'cyclonedx']",,18000,69,504,68.0,v32.0.6,,,314.0,861,1412,18,1167,"10,739",Python,SPDX
ort,RTSP Server for V4L2 device capture supporting HEVC/H264/JPEG/VP8/VP9,https://github.com/mpromonet/v4l2rtspserver,[],"['c-plus-plus', 'rtsp', 'hls', 'rtsp-server', 'v4l2', 'mpeg-dash', 'v4l2-device']",,17000,86,418,32.0,v0.3.7,0.0,,11.0,47,241,2,22,725,C++,SPDX
sbom-tool,📦 The Extras bucket for Scoop.,https://github.com/ScoopInstaller/Extras,[],"['scoop', 'scoop-apps', 'scoop-bucket']",Unlicense license,16000,38,12000,,,,,941.0,390,5377,173,5907,"49,574",PowerShell,SPDX
bom,A Chaos Engineering Platform for Kubernetes.,https://github.com/chaos-mesh/chaos-mesh,[],"['kubernetes', 'golang', 'microservices', 'site-reliability-engineering', 'cncf', 'chaos', 'operator', 'cloud-native', 'fault-injection', 'hacktoberfest', 'chaos-testing', 'chaos-engineering', 'chaos-experiments', 'chaos-mesh']",Apache-2.0 license,6000,128,748,68.0,v2.6.2,8.0,50.0,178.0,338,1169,16,2485,"1,739",Go,SPDX
sbom-tool,Feature Flags for the Java platform,https://github.com/togglz/togglz,[],"['java', 'feature-flags', 'feature-toggles']",,867,31,270,29.0,Release 4.4.0,0.0,328.0,95.0,54,283,12,770,"1,463",Java,SPDX
tools-java,"FOSSology is an open source license compliance software system and toolkit. As a toolkit you can run license, copyright and export control scans from the command line. As a system, a database and web ui are provided to give you a compliance workflow. License, copyright and export scanners are tools used in the workflow.",https://github.com/fossology/fossology,[],"['oss', 'compliance', 'license', 'spdx', 'license-management', 'fossology', 'spdx-licenses', 'license-checking', 'license-scan', 'compliance-check', 'compliance-automation']",GPL-2.0 license,677,59,358,41.0,FOSSology 4.3.0 Release,0.0,,108.0,356,916,28,1230,"9,499",HTML,SPDX
bom,The Kubernetes Security Profiles Operator,https://github.com/kubernetes-sigs/security-profiles-operator,[],"['kubernetes', 'kubernetes-operator', 'seccomp', 'apparmor', 'selinux', 'k8s-sig-node', 'seccomp-operator', 'seccomp-profiles', 'security-profiles']",Apache-2.0 license,571,14,85,12.0,v0.8.0,,,35.0,21,194,3,1676,"1,948",C,SPDX
tools-python,Open source data pipelines for security teams.,https://github.com/tenzir/tenzir,[],"['security', 'netflow', 'pcap', 'network-forensics', 'incident-response', 'actor-model', 'bitmap-index', 'pipelines', 'dataops', 'suricata', 'siem', 'sigma', 'soc', 'zeek', 'investigation', 'threathunting', 'secdataops']",BSD-3-Clause license,535,35,76,112.0,Tenzir v4.2,4.0,,35.0,15,3317,15,3317,"18,188",C++,SPDX
bom,Kubernetes-native platform to run massively parallel data/streaming jobs,https://github.com/numaproj/numaflow,[],"['kubernetes', 'pipeline', 'stream-processing', 'map-reduce', 'k8s', 'data-processing', 'hacktoberfest']",Apache-2.0 license,474,14,53,29.0,v0.10.1,0.0,5.0,28.0,92,301,5,680,588,Go,SPDX
bom,"OWASP dep-scan is an open-source security audit based on known vulnerabilities and advisories for project dependencies. Supports both local repos and container images. Integrates with various CI environments such as Azure Pipelines, CircleCI, and Google CloudBuild. No server is required!",https://github.com/owasp-dep-scan/dep-scan,[],"['docker', 'security-audit', 'containers', 'dependency-analysis', 'vex', 'compliance', 'cve', 'sca', 'vulnerability-scanners', 'security-tools', 'devsecops', 'sbom', 'cyclonedx', 'risk-audit', 'dependency-audit']",,435,12,68,74.0,Release v4.2.8,2.0,,8.0,36,45,1,46,263,Python,SPDX
tools-golang,,https://github.com/aosp-mirror/platform_build,[],[],,420,62,738,,,0.0,,513.0,0,13,0,13,"85,611",Makefile,SPDX
tools-golang,EVE is Edge Virtualization Engine,https://github.com/lf-edge/eve,[],"['iot', 'security', 'networking', 'virtualization', 'edge', 'operating-system', 'linux-foundation']",Apache-2.0 license,413,32,157,104.0,9.4.5-lts,0.0,6.0,82.0,52,65,16,3334,"9,917",Go,SPDX
bom,"Kubernetes Cluster API Provider Hetzner provides a consistent deployment and day 2 operations of ""self-managed"" Kubernetes clusters on Hetzner.",https://github.com/syself/cluster-api-provider-hetzner,[],"['go', 'linux', 'kubernetes', 'devops', 'operator', 'k8s', 'cloud-native', 'high-availability', 'bare-metal', 'hetzner', 'hcloud', 'k8s-sig-cluster-lifecycle', 'cluster-api', 'k8s-sig-cluster-api', 'cluster-api-provider-hetzner', 'k8s-provider-hetzner']",Apache-2.0 license,393,8,37,,,3.0,,20.0,24,90,26,774,"1,346",Go,SPDX
bom,"underlay network solution of cloud native, for bare metal, VM and public cloud",https://github.com/spidernet-io/spiderpool,[],"['kubernetes', 'golang', 'cncf', 'cloud-native', 'ipam', 'cni']",Apache-2.0 license,373,5,55,41.0,Release v0.7.0,5.0,6.0,29.0,52,534,13,1765,"2,649",Go,SPDX
tools-golang,Support CI generation of SBOMs via golang tooling.,https://github.com/opensbom-generator/spdx-sbom-generator,[],[],,326,20,103,15.0,CI/CD Updates - Build Artifacts Updated,0.0,,30.0,117,63,13,112,388,Go,SPDX
sbom-tool,使用Github Action每天自动合并其他scoop仓库的更新，仓库地址：https://github.com/kkzzhizhou/scoop-apps,https://github.com/kkzzhizhou/scoop-apps,[],"['scoop', 'scoop-apps', 'scoop-bucket', 'github-actions', 'merge-scoop-bucket']",,295,2,49,,,0.0,,4.0,28,72,1,8,"1,202",Batchfile,SPDX
bom,build APKs from source code,https://github.com/chainguard-dev/melange,[],[],Apache-2.0 license,270,9,53,,,1.0,,38.0,58,64,19,578,"1,502",Go,SPDX
tools-java,A utility to generate SPDX-compliant Bill of Materials manifests,https://github.com/kubernetes-sigs/bom,[],"['go', 'kubernetes', 'golang', 'bom', 'spdx', 'sbom']",Apache-2.0 license,257,10,33,9.0,v0.5.1,,36.0,28.0,8,54,0,286,891,Go,SPDX
bom,Assembly 4 workbench for FreeCAD,https://github.com/Zolko-123/FreeCAD_Assembly4,[],[],LGPL-2.1 license,230,12,68,10.0,v0.50,0.0,,29.0,6,186,2,257,909,Python,SPDX
tools-golang,Artifact Ratification Framework,https://github.com/deislabs/ratify,[],"['kubernetes', 'secure-supply-chain']",Apache-2.0 license,141,13,49,,,7.0,3.0,36.0,97,258,2,727,640,Go,SPDX
bom,python module for CATIA V5 automation,https://github.com/evereux/pycatia,[],[],,140,23,38,19.0,0.6.0,0.0,,9.0,6,101,2,45,879,Python,SPDX
bom,,https://github.com/kdoctor-io/kdoctor,[],[],Apache-2.0 license,133,0,11,3.0,Release v0.2.0-rc0,4.0,,6.0,16,41,14,158,173,Go,SPDX
bom,Simple python library for building docker images.,https://github.com/containerbuildsystem/atomic-reactor,[],[],BSD-3-Clause license,131,13,65,109.0,4.10.0,0.0,,51.0,8,265,5,1805,"3,296",Python,SPDX
bom,EgressGateway provides network egress capabilities for Kubernetes clusters.,https://github.com/spidernet-io/egressgateway,[],"['kubernetes', 'networking', 'egress', 'egress-gateway']",Apache-2.0 license,128,2,10,6.0,Release v0.2.0,5.0,,9.0,43,157,17,596,744,Go,SPDX
spdx-sbomgenerator,Webhook server that evaluates WebAssembly policies to validate Kubernetes requests,https://github.com/kubewarden/policy-server,[],"['kubernetes', 'rust', 'webassembly', 'policy', 'hacktoberfest', 'policy-as-code', 'kubernetes-webhook', 'kubernetes-security']",Apache-2.0 license,125,8,12,36.0,v1.7.0,1.0,,11.0,6,108,1,439,896,Rust,SPDX
ort,Sample application for demonstrating container platforms and related technology,https://github.com/aws-containers/retail-store-sample-app,[],"['javascript', 'java', 'docker', 'kubernetes', 'golang', 'aws', 'docker-compose', 'containers', 'amazon-eks']",MIT-0 license,121,5,128,5.0,Release 0.5.0,,,12.0,16,10,12,298,429,Java,SPDX
spdx-maven-plugin,SPDX Tools,https://github.com/spdx/tools,[],"['spdx', 'license-management']",Apache-2.0 license,110,18,75,23.0,Release 2.2.8 - security updates,0.0,,19.0,25,111,3,166,"1,015",Java,SPDX
spdx-maven-plugin,SW360 project,https://github.com/eclipse-sw360/sw360,[],[],View license,103,27,87,25.0,sw360-17.0.0-M1,4.0,,45.0,345,732,18,939,"1,831",Java,SPDX
bom,Envoy with Cilium filters,https://github.com/cilium/proxy,[],[],Apache-2.0 license,102,22,41,,,0.0,76.0,19.0,9,22,7,330,748,C++,SPDX
tools-golang,A Go implementation of in-toto. in-toto is a framework to protect software supply chain integrity.,https://github.com/in-toto/in-toto-golang,[],"['security', 'software-supply-chain', 'in-toto']",View license,100,10,44,14.0,v0.9.0,,,28.0,24,51,2,193,827,Go,SPDX
tools-java,Examples of SPDX files for software combinations,https://github.com/spdx/spdx-examples,[],[],,92,11,41,,,0.0,,9.0,9,23,0,38,81,Java,SPDX
Spdx-Java-Library,Collection of Go packages to work with SPDX files,https://github.com/spdx/tools-golang,[],[],,91,12,51,10.0,v0.5.3,0.0,500.0,19.0,27,69,2,126,456,Go,SPDX
bom,A repository of NUR that combines all repositories [maintainer=@Mic92],https://github.com/nix-community/nur-combined,[],['nur'],,87,9,12,,,0.0,,2.0,2,6,0,5,"35,581",Nix,SPDX
sbom-tool,A simple light-weight library that wraps the Open AI API.,https://github.com/johniwasz/whetstone.chatgpt,[],"['dotnet', 'openai', 'whisper', 'dotnet-standard2', 'dotnet-standard2-1', 'gpt-3', 'gpt-4', 'chatgpt', 'whisper-ai', 'gpt-35-turbo']",,87,9,14,9.0,"Added GPT 3.5, GPT 4.0 and Whisper Support",0.0,,3.0,2,0,4,109,119,C#,SPDX
bom,"ScanCode.io is a server to script and automate software composition analysis pipelines with ScanPipe pipelines. This project is sponsored by NLnet project https://nlnet.nl/project/vulnerabilitydatabase/ Google Summer of Code, nexB and others generous sponsors!",https://github.com/nexB/scancode.io,[],"['docker', 'open-source', 'virtual-machine', 'vulnerabilities', 'license', 'spdx', 'sca', 'scancode', 'software-composition-analysis', 'purl', 'package-url', 'cyclonedx', 'foss-compliance']",Apache-2.0 license,81,14,79,32.0,v32.6.0,,,15.0,194,407,7,321,766,Python,SPDX
tools-java,A collection of reusable Github Actions workflows.,https://github.com/chainguard-dev/actions,[],[],Apache-2.0 license,81,4,41,,,0.0,,29.0,12,12,11,294,257,,SPDX
sbom-tool,Extension for interacting with Dapr APIs from an Azure Function,https://github.com/Azure/azure-functions-dapr-extension,[],[],MIT license,79,18,25,6.0,Azure Functions Dapr Extension v0.16.0-preview01,0.0,,16.0,15,28,1,109,206,C#,SPDX
ort,The lightweight and flexible Cookie Consent Banner,https://github.com/porscheofficial/cookie-consent-banner,[],"['react', 'privacy', 'webcomponents', 'reactjs', 'cookies', 'cookie-consent', 'gdpr', 'stenciljs', 'cookie-consent-banner']",,69,4,6,13.0,v3.1.5,,9.0,4.0,3,14,0,8,120,TypeScript,SPDX
ort,Sample scan files for testing DefectDojo imports,https://github.com/DefectDojo/sample-scan-files,[],"['security', 'scans', 'appsec']",MIT license,66,17,117,,,0.0,,42.0,0,4,0,75,189,HTML,SPDX
ort,"My dotfiles (configurations and settings) for shells, text editors and other terminal programs, plus a collection of scripts.",https://github.com/dmitmel/dotfiles,[],[],MIT license,66,7,7,,,0.0,,2.0,0,1,0,17,"1,005",Lua,SPDX
bom,"A high-throughput, distributed, publish-subscribe messaging system",https://github.com/a0x8o/kafka,[],[],,58,5,170,,,0.0,,11.0,16,7,23,9,"1,216",Java,SPDX
bom,CycloneDX SBOM Model and Utils for Creating and Validating BOMs,https://github.com/CycloneDX/cyclonedx-core-java,[],"['owasp', 'bom', 'vex', 'spdx', 'bill-of-materials', 'software-bill-of-materials', 'purl', 'package-url', 'sbom', 'cyclonedx', 'obom', 'mbom', 'saasbom']",Apache-2.0 license,57,6,47,,,0.0,,25.0,21,41,10,257,938,Java,SPDX
tools-java,Source for the website providing online SPDX tools,https://github.com/spdx/spdx-online-tools,[],[],Apache-2.0 license,52,14,59,4.0,Release 1.2.1 of the SPDX Online Tools,0.0,,29.0,43,186,14,251,"1,170",JavaScript,SPDX
bom,Blinky in 3D!,https://github.com/kbob/LED-Cube,[],[],,49,10,2,,,0.0,,,1,0,0,2,80,HTML,SPDX
spdx-maven-plugin,A light-weight app to audit and inventory large codebases for open source license compliance.,https://github.com/opossum-tool/OpossumUI,[],"['spdx', 'package-dependency', 'remediation', 'license-scan', 'copyright-scan', 'software-composition-analysis', 'codescan', 'oss-compliance', 'software-bill-of-materials']",Apache-2.0 license,48,2,25,71.0,OpossumUI-2023-09-05,0.0,,21.0,72,135,9,1839,"3,482",TypeScript,SPDX
spdx-sbomgenerator,Public home for LLNL software catalog,https://github.com/LLNL/llnl.github.io,[],"['javascript', 'jekyll', 'website', 'catalog', 'portal', 'gov']",MIT license,47,10,50,,,0.0,,30.0,26,114,1,503,"3,333",JavaScript,SPDX
bom,Examples and proof-of-concept for Software Bill of Materials (SBOM) code & data,https://github.com/CERTCC/SBOM,[],"['bill-of-materials', 'sbom', 'sbom-generator']",MIT license,47,12,14,,,0.0,,2.0,4,10,0,2,46,JavaScript,SPDX
tools-java,Produce an Open Source Vulnerability JSON file based on information in an SPDX document,https://github.com/spdx/spdx-to-osv,[],[],Apache-2.0 license,47,5,9,5.0,Version 0.1.2 of the SPDX to OSV Utility,0.0,,3.0,3,9,0,17,57,Java,SPDX
sbom-tool,Converts cargo's json output (from stdin) to JUnit XML (to stdout).,https://github.com/johnterickson/cargo2junit,[],[],MIT license,46,2,12,,,0.0,,9.0,12,13,1,59,108,Rust,SPDX
Spdx-Java-Library,SPDX Command Line Tools using the Spdx-Java-Library,https://github.com/spdx/tools-java,[],[],Apache-2.0 license,43,6,31,16.0,Release 1.1.7 of the SPDX Java Tools,0.0,15.0,11.0,10,50,2,62,215,Java,SPDX
bom,Lockheed Martin developed utility to generate CycloneDX SBOMs for Linux distributions,https://github.com/CycloneDX/cyclonedx-linux-generator,[],"['linux', 'owasp', 'bom', 'bill-of-materials', 'software-bill-of-materials', 'sbom', 'cyclonedx', 'sbom-generator']",View license,37,8,11,,,0.0,,4.0,5,0,10,54,78,Java,SPDX
sbom-tool,A node.js module to interact with the Hashicorp Vault API.,https://github.com/rod4n4m1/hashi-vault-js,[],[],,37,8,9,4.0,Release v0.4.14,0.0,,8.0,6,22,0,16,153,JavaScript,SPDX
tools-python,Check SPDX SBOM for NTIA minimum elements,https://github.com/spdx/ntia-conformance-checker,[],"['sbom', 'sbom-tool']",Apache-2.0 license,36,10,10,9.0,v0.5.1,0.0,,11.0,2,75,0,80,283,Python,SPDX
bom,Cryptography Bill of Materials,https://github.com/IBM/CBOM,[],[],Apache-2.0 license,35,9,4,1.0,1.4-cbom-1.0,0.0,,4.0,8,13,1,13,7,,SPDX
ort,Main operatorfabric program,https://github.com/opfab/operatorfabric-core,[],"['platform', 'energy', 'alerting', 'collaboration', 'linux-foundation', 'hypervision']",,32,9,25,54.0,3.15.2.RELEASE,0.0,,35.0,105,1362,19,3573,"6,353",TypeScript,SPDX
Spdx-Java-Library,Plugin for supporting SPDX in a Maven build.,https://github.com/spdx/spdx-maven-plugin,[],[],Apache-2.0 license,31,5,21,14.0,Release 0.7.0 of the SPDX Maven Plugin,0.0,81.0,15.0,7,33,0,90,223,Java,SPDX
tools-golang,QMSTR compliance tool,https://github.com/QMSTR/qmstr,[],[],,31,1,1,,,0.0,,11.0,58,123,2,365,"1,219",Go,SPDX
tools-golang,A traceability vocabulary for describing relevant Verifiable Credentials and their contents.,https://github.com/w3c-ccg/traceability-vocab,[],"['linked-data', 'vocabulary', 'supply-chain', 'traceability', 'workitem', 'w3c-ccg']",,30,29,32,,,0.0,,26.0,60,236,0,581,"2,813",JavaScript,SPDX
ort,my Linux Configuration,https://github.com/maxhbr/myconfig,[],"['linux', 'dotfiles', 'zsh', 'nix', 'emacs', 'nixos', 'configuration', 'xmonad', 'reproducibility', 'neo2']",MIT license,26,3,12,,,0.0,,52.0,15,16,0,11,"6,617",Shell,SPDX
tools-java,"This repo contains license and copyright analysis results of open source packages. It further contains other license compliance relevant artifacts, which might be of value for others",https://github.com/Open-Source-Compliance/package-analysis,[],[],View license,25,6,8,,,0.0,,7.0,0,9,0,53,"1,417",,SPDX
tools-golang,,https://github.com/anchore/grype-db,[],[],Apache-2.0 license,25,17,9,13.0,v0.19.1,13.0,,11.0,4,9,2,156,133,Go,SPDX
sbom-tool,Demo and resources that show how SBOMs can be used with GitHub's dependency graph,https://github.com/octodemo/sbom-dependency-submission,[],[],,25,2,16,,,,,2.0,0,0,0,1,22,Java,SPDX
sbom-tool,Lightweight and extensible proxy for 2B2T.,https://github.com/Enchoseon/2based2wait,[],"['minecraft', 'proxy', '2b2t']",GPL-2.0 license,24,2,8,7.0,v1.0.4 — Patches & Polish,,,5.0,9,12,1,55,321,JavaScript,SPDX
tools-golang,Analyzing Cloud Security Posture,https://github.com/elastic/cloudbeat,[],"['golang', 'cloud', 'vulnerability-detection', 'vulnerability-scanners', 'cspm']",,24,11,34,,,0.0,,26.0,121,329,6,886,664,Go,SPDX
bom,The Elemental operator is responsible for managing the OS versions and maintaining a machine inventory to assist with edge or baremetal installations.,https://github.com/rancher/elemental-operator,[],"['kubernetes', 'operator']",Apache-2.0 license,24,11,14,34.0,v1.3.4,,,16.0,28,181,3,317,664,Go,SPDX
ort,OSPO Landscape,https://github.com/todogroup/ospolandscape,[],"['opensource', 'landscape', 'ospo']",Apache-2.0 license,24,13,35,,,0.0,,35.0,3,34,1,138,770,,SPDX
tools-golang,A tool that takes two or more micro SBOMs and composes them into one distributable SBOM,https://github.com/vmware-samples/sbom-composer,[],[],BSD-2-Clause license,21,2,3,1.0,v0.1.0,0.0,,5.0,8,3,2,2,42,Go,SPDX
spdx-maven-plugin,Utility that converts SBOM documents from CycloneDX to SPDX,https://github.com/spdx/cdx2spdx,[],[],Apache-2.0 license,20,4,7,5.0,Release 0.1.4 of the CycloneDX to SPDX Utility,0.0,,3.0,3,11,0,20,74,Java,SPDX
bom,"DC metro map and train status indicator, but on PCB (aka Washington Metro Area Transistor Authority)",https://github.com/LArkema/dctransistor-project,[],[],,18,4,0,36.0,1.0.7,,,,0,1,0,0,321,C++,SPDX
sbom-tool,Instantly understandable CQRS.,https://github.com/verifiedcoder/Twilight,[],"['cqrs', 'cqrs-framework', 'cqrs-es', 'cqrs-pattern']",View license,17,3,0,,,0.0,,,0,0,0,18,53,C#,SPDX
ort,Solicitor is a tool enabling management of licenses of software dependencies,https://github.com/devonfw/solicitor,[],['asset-solicitor'],Apache-2.0 license,17,7,17,19.0,Release v1.13.0,0.0,,12.0,11,78,1,112,247,Java,SPDX
syft,Synapse Monorepo,https://github.com/synapsecns/sanguine,[],[],MIT license,17,7,5,1396.0,contrib/git-changes-action/v0.0.61,11.0,,14.0,27,39,22,1317,"1,271",Go,SPDX
bom,"Interface Innovations libraries for networked control, general and pi-based",https://github.com/iinnovations/iicontrollibs,[],[],,15,7,9,,,0.0,,2.0,0,0,0,0,386,Python,SPDX
tools-golang,,https://github.com/docker/go-imageinspect,[],[],Apache-2.0 license,15,4,2,,,0.0,,3.0,10,1,3,9,40,Go,SPDX
tools-python,Inspect Python code and PyPI package manifests. Resolve Python dependencies.,https://github.com/nexB/python-inspector,[],"['python', 'pip', 'dependency-resolver']",,15,9,10,8.0,v0.9.8,0.0,,22.0,36,49,3,57,506,Python,SPDX
bom,,https://github.com/spidernet-io/spiderdoctor,[],[],Apache-2.0 license,14,2,3,11.0,Release v0.4.0-rc1,4.0,,4.0,25,45,9,344,553,Go,SPDX
tools-golang,"Utility for bulk image, license, package, and vulnerability discovery in containerize workloads on GCP. Includes CLI and Service with custom metrics and BigQuery data exports.",https://github.com/mchmarny/disco,[],[],Apache-2.0 license,13,2,3,57.0,v1.1.1,,,2.0,3,8,10,158,382,Go,SPDX
ort,Documentation - Eclipse Leda provides a Yocto-based build setup for SDV.EDGE components,https://github.com/eclipse-leda/leda,[],"['automotive', 'vehicle-cloudification', 'software-defined-vehicle']",Apache-2.0 license,13,7,7,,,,,6.0,3,2,0,63,222,HTML,SPDX
bom,Opearator Feature Matrix - Features specification for Kubernetes data operators,https://github.com/dokc/operator-feature-matrix,[],"['kubernetes', 'postgres', 'operators', 'features', 'stateful']",Apache-2.0 license,13,7,4,,,,,6.0,1,2,2,3,11,Shell,SPDX
spdx-sbomgenerator,Mirror of https://gerrit.linuxfoundation.org/infra/#/admin/projects/releng/global-jjb,https://github.com/lfit/releng-global-jjb,[],[],,13,4,10,,,0.0,,26.0,0,3,0,3,"1,462",Shell,SPDX
ort,Generates SPDX bill-of-material files from a package input and license scan,https://github.com/philips-software/spdx-builder,[],"['bom', 'hacktoberfest', 'software-bill-of-materials', 'license-scanning-framework']",,11,2,6,18.0,v0.9.4 - Sign build artifacts,0.0,,5.0,8,10,7,235,609,Java,SPDX
tools-golang,Golang tool to pull and summarize NPM license info,https://github.com/swinslow/npm-spdx,[],[],Apache-2.0 license,11,3,3,,,0.0,,,2,3,20,9,8,Go,SPDX
sbom-tool,Digital Twin Definition Language parser for .NET,https://github.com/digitaltwinconsortium/DTDLParser,[],"['dtdl', 'digital-twins']",MIT license,11,3,6,5.0,v1.0.52,0.0,,4.0,2,23,0,91,73,C#,SPDX
tools-golang,,https://github.com/spdx/gordf,[],[],MIT license,10,8,5,,,0.0,,3.0,0,5,0,3,68,Go,SPDX
tools-golang,Tool to inspect and push and SPDX document as an OCI artifact,https://github.com/sajayantony/obom_cli,[],"['oci', 'spdx', 'opencontainers', 'sbom']",MIT license,10,1,5,1.0,v0.0.2,,,3.0,1,1,1,2,24,Go,SPDX
bom,Apache solr website,https://github.com/apache/solr-site,[],"['website', 'solr', 'apache', 'pelican']",Apache-2.0 license,10,27,23,,,0.0,,69.0,2,92,2,92,"1,890",HTML,SPDX
bom,Unified programming model to create a data processing pipelines for batch and streaming models,https://github.com/a0x8o/beam,[],[],,9,3,3,,,0.0,,19.0,0,0,74,53,909,Python,SPDX
spdx-maven-plugin,,https://github.com/BabelZilla/WTS,[],[],,9,6,9,,,0.0,,3.0,1,1,0,6,34,PHP,SPDX
bom,"OASIS TC Open Repository: Development and maintenance of JADN (JSON Abstract Data Notation), a JSON document format for defining abstract schemas.",https://github.com/oasis-open/openc2-jadn-software,[],[],Apache-2.0 license,8,9,12,,,0.0,,6.0,1,0,0,35,139,Python,SPDX
protobom,Example CLI project to demo API architecture and protobom library,https://github.com/bom-squad/sbom-convert,[],[],Apache-2.0 license,8,5,5,2.0,v0.0.2,1.0,,4.0,5,2,2,5,29,Go,SPDX
spdx-sbomgenerator,Prometheus Exporter for Kibana,https://github.com/chamilad/kibana-prometheus-exporter,[],['hacktoberfest'],Apache-2.0 license,8,3,7,6.0,Release v8.7.x.2,1.0,,3.0,4,16,0,17,84,Go,SPDX
ort,misc license compliance tools in one docker image,https://github.com/vinland-technology/compliance-tool-collection,[],[],GPL-3.0 license,8,2,4,,,0.0,,,0,20,0,10,126,Shell,SPDX
bom,XML Schema for the Software Package Documentation Exchange (SPDX) Format,https://github.com/mil-oss/spdx-xsd,[],[],View license,7,10,3,,,0.0,,2.0,0,3,0,2,122,XSLT,SPDX
sbom-tool,GitHub Action that allows you to create a new Medium post with Markdown or HTML.,https://github.com/philips-software/post-to-medium-action,[],[],MIT license,7,4,1,10.0,Release v0.6.0 - Breaking if used standalone (no GH Action),1.0,,3.0,7,13,0,13,73,C#,SPDX
tools-golang,Automatic license scanning and reports!,https://github.com/purpleidea/yesiscan,[],"['golang', 'license', 'copyright']",,7,3,1,,,,,,0,0,0,0,148,Go,SPDX
tools-python,The Advanced Vulnerability Information Sharing Environment -- A Platform for CVD and PSIRT Management,https://github.com/vu-ls/advise,[],[],AGPL-3.0 license,7,2,0,4.0,v1.3.0,0.0,,3.0,1,0,0,0,55,Python,SPDX
bom,Initial fork of https://github.com/apache/beam/tree/master/sdks/typescript,https://github.com/robertwb/beam-javascript,[],[],,7,6,7,,,0.0,,901.0,0,0,0,16,"35,634",Java,SPDX
tools-golang,ChatCVE is an app using the Langchain SQL Language Tool to give a LLM prompt experience to CVE and SBOM DevSecOps Triage Data,https://github.com/jasona7/ChatCVE,[],"['python', 'security', 'devsecops', 'sbom']",Apache-2.0 license,6,1,1,,,0.0,,,0,0,0,0,57,Makefile,SPDX
ort,"The POSP is a one-stop shop for all open-source activities of Porsche AG and subsidiaries, featuring selected projects and providing documentation on our FOSS best practices.",https://github.com/porscheofficial/porscheofficial.github.io,[],[],,6,5,3,,,,,4.0,3,1,3,15,208,TypeScript,SPDX
sbom-tool,Proof-of-concept implementation of an Ed-Fi API using cloud managed services,https://github.com/Ed-Fi-Exchange-OSS/Meadowlark,[],[],Apache-2.0 license,6,10,11,71.0,v0.3.0,0.0,,6.0,3,298,3,298,242,TypeScript,SPDX
bom,BaseJump Open-Source Hardware Accelerator Motherboards,https://github.com/bespoke-silicon-group/bsg_motherboards,[],[],,5,7,0,,,0.0,,2.0,3,4,0,2,129,Verilog,SPDX
ort,vim configuration - Optimized for azerty keyboard layout,https://github.com/frazrepo/vimrc,[],[],,5,1,1,1.0,vim-neovim,0.0,,,0,0,1,5,"1,107",Vim,SPDX
ort,Code and models for the machine learning used in Privacy Pioneer,https://github.com/privacy-tech-lab/privacy-pioneer-machine-learning,[],"['machine-learning', 'privacy', 'privacy-enhancing-technologies', 'privacy-protection', 'privacy-tools', 'privacy-tech', 'privacy-pioneer']",MIT license,5,9,1,,,0.0,,2.0,1,9,0,6,31,Jupyter,SPDX
bom,"Schema-free SQL for Hadoop, NoSQL and Cloud Storage",https://github.com/a0x8o/drill,[],[],Apache-2.0 license,5,1,2,,,0.0,,4.0,0,0,15,14,334,Java,SPDX
tools-golang,A reference implementation of a verifiable credentials platform for digital trade and traceability,https://github.com/uncefact/project-vckit,[],[],GPL-3.0 license,4,7,6,,,0.0,3.0,8.0,1,81,0,73,156,TypeScript,SPDX
spdx-maven-plugin,,https://github.com/spdx/spdx-gradle-plugin,[],[],Apache-2.0 license,4,7,5,,,0.0,,7.0,9,4,2,30,99,Java,SPDX
sbom-tool,"The sample net-monitor software, used as samples in Notary v2 (https://github.com/notaryproject/notaryproject)",https://github.com/wabbit-networks/net-monitor,[],[],MIT license,4,1,12,,,0.0,,5.0,0,0,2,4,88,Dockerfile,SPDX
sbom-tool,GitHub Actions for Greenbone projects,https://github.com/greenbone/actions,[],"['lint', 'devops', 'automation', 'actions', 'release', 'release-automation', 'github-actions']",GPL-3.0 license,4,10,4,54.0,actions 3.9.1,0.0,,10.0,0,1,2,861,"1,211",Python,SPDX
tools-golang,Inspect and push SBOMs (such as SPDX documents) to an OCI registry as an OCI artifact,https://github.com/Azure/obom,[],"['oci', 'spdx', 'sbom']",MIT license,4,3,3,4.0,v0.0.4,0.0,,6.0,0,1,0,13,64,Go,SPDX
sbom-tool,OPC-UA extractor using libraries from OPCFoundation,https://github.com/cognitedata/opcua-extractor-net,[],[],,4,57,0,71.0,Release version 2.21.1,0.0,,16.0,1,2,2,491,601,C#,SPDX
tools-golang,Product Model Toolkit for Managing Open Source Dependencies in Products,https://github.com/riehlegroup/product-model-toolkit,[],[],,4,4,4,,,3.0,,3.0,1,4,1,41,286,Go,SPDX
sbom-tool,Reusable logic for working with .NET core,https://github.com/dpvreony/whipstaff,[],"['controllers', 'cqrs', 'dotnet-core', 'asp-net-core', 'mediatr', 'asp-net-mvc']",MIT license,4,1,2,43.0,6.1.125,0.0,,6.0,7,29,4,1453,"1,980",C#,SPDX
spdx-maven-plugin,"This is the replication package of the paper: ""Flakify: A Black-Box, Language Model-based Predictor for Flaky Tests""",https://github.com/uOttawa-Nanda-Lab/Flakify,[],[],,4,2,6,,,0.0,,2.0,0,1,0,0,3,Java,SPDX
spdx-maven-plugin,JSON storage implementation for the SPDX tools,https://github.com/spdx/spdx-java-jackson-store,[],[],Apache-2.0 license,4,3,5,15.0,Version 1.1.7 of the SPDX Java Jackson Store,0.0,,3.0,4,20,1,36,137,Java,SPDX
bom,SIG Collection of GitHub actions from SIG Release,https://github.com/puerco/release-actions,[],[],Apache-2.0 license,4,3,0,,,0.0,,3.0,0,0,0,43,90,,SPDX
ort,Convenience scripts for Eclipse Leda quickstart tutorials,https://github.com/eclipse-leda/leda-utils,[],"['eclipse', 'automotive', 'software-defined-vehicle']",Apache-2.0 license,4,2,3,3.0,Leda-Utils v0.0.3,,,4.0,6,3,0,43,222,Rust,SPDX
tools-python,Several handy macros and modules for use with CMake,https://github.com/emzeat/mz-cmaketools,[],"['cmake', 'clang-tidy', 'ccache', 'conan-io']",Apache-2.0 license,4,1,2,,,,,,0,0,0,0,300,CMake,SPDX
bom,GitHub actions used by the Kubewarden project,https://github.com/kubewarden/github-actions,[],"['kubernetes', 'webassembly', 'hacktoberfest', 'policy-as-code', 'kubernetes-security']",Apache-2.0 license,4,8,7,18.0,v3.1.9,,,10.0,2,9,0,79,192,,SPDX
tools-python,Use SBOM metadata to validate release integrity.,https://github.com/jotterson/sbom-validator,[],"['spdx', 'sbom', 'sbom-generator', 'spdx-sbom']",BSD-2-Clause license,4,1,0,3.0,v1.2.0,,,2.0,0,0,0,1,44,Python,SPDX
bom,kubepug-installer GitHub Action,https://github.com/cpanato/kubepug-installer,[],"['kubernetes', 'github-actions', 'kubepug']",Apache-2.0 license,4,3,0,2.0,v1.1.0,,,2.0,0,0,0,5,9,,SPDX
tools-golang,,https://github.com/gnoliyil/fuchsia,[],[],BSD-2-Clause license,4,1,1,,,0.0,,557.0,0,0,1,0,"145,892",C++,SPDX
sbom-tool,"📦 This bucket includes pretty much everything in order to try and maintain / preserve as many working app manifests as possible . Created and maintained by Andrew Poženel - anderlli0053 . 📦, It is not meant for actual use, it is a backup storage / archive!!!",https://github.com/anderlli0053/AppArchive,[],[],Unlicense license,3,1,0,,,,,,0,1,0,0,6,Roff,SPDX
ort,,https://github.com/wings-software/payment-service,[],[],,3,2,25,,,0.0,,7.0,0,0,0,687,812,Python,SPDX
tools-golang,Find and report on SPDX short-form license identifiers in Linux kernel source code,https://github.com/swinslow/kernel-spdx-ids,[],[],,3,2,1,,,0.0,,,2,0,0,2,6,Go,SPDX
ort,,https://github.com/danf425/jhttp_isolated,[],[],,3,1,13,22.0,k8s-gitops-v1.3,0.0,,,0,0,6,138,54,Python,SPDX
spdx-maven-plugin,A simple graphical SPDX creator/editor.,https://github.com/yevster/spdx-edit,[],[],,3,3,3,4.0,"N-Tripples, Automatic Namespaces, Gradle",0.0,,3.0,2,6,5,20,111,Java,SPDX
bom,,https://github.com/puerco/supply-chain-demo,[],[],Apache-2.0 license,3,3,0,,,1.0,,2.0,0,0,0,0,21,Go,SPDX
bom,A Maven plugin to perform various tasks related to Camel Quarkus,https://github.com/l2x6/cq-maven-plugin,[],[],,3,4,11,,,0.0,,9.0,5,7,4,264,649,Java,SPDX
ort,https://harness.atlassian.net/browse/SEC-1416,https://github.com/wings-software/platform-demo2,[],[],,3,3,44,,,0.0,,3.0,0,0,604,67,26,CSS,SPDX
sbom-tool,The Ed-Fi ODS/API Admin App is a web-based administrative interface for the Ed-Fi ODS/API. The Admin App is available as a standalone application for installation on-premises or in the cloud.,https://github.com/Ed-Fi-Alliance-OSS/Ed-Fi-ODS-AdminApp,[],[],Apache-2.0 license,3,9,14,23.0,v3.1.1,0.0,,14.0,3,412,3,412,"2,259",C#,SPDX
bom,"The SCS Cluster Stack Operator takes care of life cycle management, configuration and provider specific tasks of Kubernetes clusters created with SCS Cluster Stacks",https://github.com/SovereignCloudStack/cluster-stack-operator,[],['k8s'],Apache-2.0 license,3,5,0,,,3.0,,3.0,1,0,0,6,6,Go,SPDX
bom,"Kubernetes Cluster API Provider Hivelocity provides a consistent deployment and day 2 operations of ""self-managed"" Kubernetes clusters on Hivelocity.",https://github.com/hivelocity/cluster-api-provider-hivelocity,[],"['go', 'linux', 'kubernetes', 'devops', 'k8s', 'cloud-native', 'bare-metal', 'k8s-sig-cluster-lifecycle', 'cluster-api', 'hivelocity', 'cluster-api-provider-hivelocity', 'caphv', 'k8s-provider-hivelocity']",Apache-2.0 license,3,7,0,2.0,v1.0.0-alpha.0,2.0,,4.0,19,11,1,72,175,Go,SPDX
spdx-maven-plugin,SPDX Tools RDF Support Library,https://github.com/spdx/spdx-java-rdf-store,[],[],Apache-2.0 license,2,3,2,16.0,Version 1.1.6 of the SPDX Java RDF Library,0.0,,2.0,2,12,1,36,148,Java,SPDX
bom,"Corpus of over 80thousand JSON Schema documents, collected from open source GitHub repositories.",https://github.com/sdbs-uni-p/json-schema-corpus,[],[],Apache-2.0 license,2,1,1,1.0,JSON Schema Corpus Release 07/2021,0.0,,2.0,2,0,0,0,2,,SPDX
ort,,https://github.com/LoremLabs/kudos-for-code-action,[],[],MIT license,2,1,0,9.0,v1.0.3,0.0,,3.0,0,1,0,3,50,,SPDX
ort,Public GitHub profile and various reusable documents & GitHub action workflows,https://github.com/porscheofficial/.github,[],[],,2,0,1,,,,1.0,3.0,0,0,0,3,26,,SPDX
bom,The package manager gives instant access to the app store and includes everything needed for publishig apps,https://github.com/axenox/PackageManager,[],[],GPL-2.0 license,2,5,3,2.0,ExFace Release 0.27,0.0,,3.0,0,0,1,21,459,PHP,SPDX
bom,Lightweight clone of Prow that runs on GitHub actions,https://github.com/uservers/miniprow,[],[],Apache-2.0 license,2,2,2,,,2.0,,4.0,4,2,6,48,109,Go,SPDX
tools-java,,https://github.com/opossum-tool/examples,[],[],,2,3,1,,,0.0,,2.0,0,0,0,0,2,Shell,SPDX
sbom-tool,Ed-Fi Admin API for support of ODS/API 3.4 through 6.1,https://github.com/Ed-Fi-Alliance-OSS/Ed-Fi-AdminAPI,[],[],Apache-2.0 license,2,4,7,8.0,v1.3.0,0.0,,16.0,0,73,0,73,"2,237",C#,SPDX
tools-golang,,https://github.com/nydusaccelerator/buildkit,[],[],Apache-2.0 license,2,6,1,,,0.0,,235.0,1,0,7,7,"4,879",Go,SPDX
sbom-tool,This is a comparison of Microsoft's SBOM Tool against a CycloneDX BOM Generator to show how Microsoft's tool detects transient dependencies,https://github.com/adriandiglio/Demo-for-Microsoft-SBOM-Tool,[],[],,2,2,3,,,0.0,,,0,0,0,0,54,Python,SPDX
ort,cache the workshop for reuse,https://github.com/orenmazor/eks-workshop,[],[],,2,1,0,,,0.0,,,0,0,0,0,4,Java,SPDX
bom,Testing out spack GitHub packages again now that there is one hash with reuse,https://github.com/syspack/pakages,[],"['package-manager', 'packages', 'spack', 'github-packages']",View license,2,2,0,4.0,Pakages Release 0.0.21,7.0,,,0,2,0,21,45,Python,SPDX
bom,,https://github.com/chintal/tendril,[],[],,2,2,2,,,0.0,,2.0,0,17,0,4,"1,035",Python,SPDX
tools-golang,a fork of moby/buildkit,https://github.com/earthly/buildkit,[],[],Apache-2.0 license,2,5,2,,,0.0,6.0,259.0,0,0,3,21,"5,808",Go,SPDX
ort,,https://github.com/alexethier/utilities,[],[],,2,1,0,,,0.0,,2.0,0,0,0,0,109,Shell,SPDX
bom,Apache Beam 中文官方网站的文档,https://github.com/mybeam/Apache-Beam-,[],[],Apache-2.0 license,2,5,5,,,0.0,,439.0,0,0,11,13,"21,747",Java,SPDX
bom,,https://github.com/yirutang/insert-id,[],[],Apache-2.0 license,2,2,0,,,0.0,,535.0,0,0,10,14,"24,635",Java,SPDX
bom,Distributed SQL query engine for big data https://prestodb.io,https://github.com/a0x8o/presto,[],[],Apache-2.0 license,2,1,0,,,0.0,,3.0,0,0,33,23,103,Java,SPDX
bom,Apache Druid (Incubating) - Column oriented distributed data store ideal for powering interactive applications,https://github.com/a0x8o/druid,[],[],Apache-2.0 license,2,1,0,,,0.0,,2.0,0,0,90,34,29,Java,SPDX
ort,,https://github.com/linagora/Lincompliance,[],[],AGPL-3.0 license,2,9,0,,,0.0,,,0,0,0,0,3,CSS,SPDX
spdx-sbomgenerator,"BeSLab: Empowering Open Source Project Security , This Repository includes BeS Environment Scripts to launch an instance of BeSLab",https://github.com/Be-Secure/BeSLab,[],[],Apache-2.0 license,1,2,3,1.0,Release 0.1.0,0.0,,5.0,0,0,0,3,47,Shell,SPDX
bom,Tanzu Framework,https://github.com/karuppiah7890/tanzu-framework,[],[],Apache-2.0 license,1,2,0,,,0.0,,,0,0,0,0,95,Go,SPDX
spdx-sbomgenerator,,https://github.com/MaibornWolff/OSSLR,[],[],BSD-3-Clause license,1,7,1,,,0.0,,5.0,12,0,2,4,201,TypeScript,SPDX
spdx-sbomgenerator,Public Be-Secure Environment scripts repo.,https://github.com/Be-Secure/besecure-ce-env-repo,[],[],,1,3,15,2.0,Release 0.0.2,0.0,,8.0,2,1,1,15,94,Shell,SPDX
bom,OSCAL Content Authoring Tool,https://github.com/aj-stein-nist/oscal-cat,[],[],,1,0,0,,,0.0,,,0,0,0,0,75,TypeScript,SPDX
spdx-maven-plugin,SPDX Pretty Printer,https://github.com/pezra/pretty-printer,[],[],Apache-2.0 license,1,1,3,,,0.0,,2.0,0,0,0,0,17,Java,SPDX
spdx-maven-plugin,SPDX Java library spreadsheet storage,https://github.com/spdx/spdx-java-spreadsheet-store,[],[],Apache-2.0 license,1,3,2,13.0,Release 1.1.6 of the SPDX Java Spreadsheet Store,0.0,,3.0,1,6,0,19,81,Java,SPDX
sbom-tool,The Ed-Fi API Publisher is a utility that can be used to move data from one Ed-Fi ODS API (v3.x or later) instance to another of the same version.,https://github.com/Ed-Fi-Alliance-OSS/Ed-Fi-API-Publisher,[],[],Apache-2.0 license,1,8,4,2.0,v1.0.0,0.0,,5.0,0,28,0,28,46,C#,SPDX
sbom-tool,git 명령어 모음,https://github.com/gon1942/git_command,[],[],BSD-3-Clause license,1,0,3,106.0,Release v0.0.113,0.0,,6.0,9,2,0,67,464,Shell,SPDX
tools-java,,https://github.com/eclipse-sw360/sw360.website.published,[],[],,1,11,1,,,0.0,,2.0,0,0,0,0,44,CSS,SPDX
sbom-tool,,https://github.com/wang-song/scoopMain,[],[],,1,2,1,,,0.0,,,0,0,0,0,"18,657",Batchfile,SPDX
ort,,https://github.com/diegopereiraeng/payments-validation,[],[],,1,1,13,,,0.0,,2.0,0,0,55,22,240,Python,SPDX
tools-java,,https://github.com/chris-toenjes-deye/salus-spdx-to-osv,[],[],Apache-2.0 license,1,1,0,,,0.0,,3.0,0,1,0,1,29,Java,SPDX
bom,golang learning repo,https://github.com/leoluz/go-experiments,[],[],,1,2,0,,,0.0,,,1,0,1,2,58,Go,SPDX
bom,,https://github.com/alexander-dev-hub/apache-beam,[],[],Apache-2.0 license,1,2,3,,,0.0,,2.0,0,0,12,13,2,Java,SPDX
bom,,https://github.com/RobertKielty/hook-plugin-docker-action,[],[],,1,3,0,,,0.0,,3.0,0,0,0,0,24,Shell,SPDX
bom,,https://github.com/espv/beam-plus-wrapper,[],[],Apache-2.0 license,1,2,0,,,0.0,,2.0,0,0,4,18,"26,882",Java,SPDX
bom,,https://github.com/rohankumardubey/beam,[],[],,1,1,0,,,0.0,,817.0,0,0,0,0,"32,994",Java,SPDX
tools-golang,,https://github.com/opensbom-generator/sbom-composer,[],[],BSD-2-Clause license,1,3,0,,,0.0,,5.0,4,1,0,1,44,Go,SPDX
tools-golang,,https://github.com/anchore/go-logger,[],[],Apache-2.0 license,1,14,1,,,0.0,,2.0,3,0,0,8,18,Go,SPDX
bom,Counsel - A tool for monitoring and notifying the vulnerabilities of docker containers.,https://github.com/evhart/counsel,[],[],MIT license,1,1,0,,,0.0,,,0,0,0,0,3,Python,SPDX
bom,,https://github.com/daemon1024/scratchpad-k8s-sig-resource,[],[],,1,1,0,,,0.0,,2.0,0,0,0,0,8,Go,SPDX
tools-golang,SPDX documents and related code for OIN's Linux System Definition packages,https://github.com/swinslow/spdx-oin,[],[],,1,3,0,,,0.0,,,0,0,0,1,10,Go,SPDX
bom,,https://github.com/dims/k8s-code.appspot.com,[],[],Apache-2.0 license,1,4,5,,,0.0,,2.0,0,0,0,4,11,Python,SPDX
spdx-sbomgenerator,Ansbile role for SBOM (Software Bill of Material) Generation using opensbom-generator / spdx-sbom-generator,https://github.com/Pranshu021/ansible-role-bes-spdx-generator,[],[],,0,2,1,,,0.0,,,0,0,0,0,5,,SPDX
sbom-tool,,https://github.com/gon1942/how2github,[],[],MIT license,0,1,0,,,0.0,,,0,0,0,0,97,,SPDX
bom,Odoo integration with accounting program via M*SQL,https://github.com/Micronaet/micronaet-sql,[],[],AGPL-3.0 license,0,3,0,,,0.0,,,0,0,0,0,176,Python,SPDX
sbom-tool,,https://github.com/OKiMaureen/test,[],[],,0,1,5,427.0,hg,0.0,1.0,3.0,33,10,59,131,922,Dockerfile,SPDX
sbom-tool,Create a dotnet build with an sbom cataloging process,https://github.com/echapmanFromBunnings/medium-sbom,[],[],MIT license,0,1,0,2.0,1.1,0.0,,2.0,0,0,0,0,6,C#,SPDX
sbom-tool,Shared libraries for backward compatibility support,https://github.com/Ed-Fi-Alliance-OSS/Ed-Fi-Compatibility-Libraries,[],[],Apache-2.0 license,0,6,1,,,0.0,,3.0,0,3,0,3,4,C#,SPDX
sbom-tool,.NET repository template,https://github.com/dpvreony/net-repo-template,[],[],MIT license,0,1,0,,,0.0,,2.0,1,0,1,46,48,,SPDX
sbom-tool,.NET application for parsing and loading CSV files into an Ed-Fi API,https://github.com/Ed-Fi-Alliance-OSS/Ed-Fi-DataImport,[],[],Apache-2.0 license,0,3,4,6.0,v2.1.1,0.0,,10.0,3,40,3,40,39,C#,SPDX
bom,,https://github.com/xjtucoderesearch/UsabilityTest,[],[],,0,1,1,,,0.0,,2.0,0,0,0,0,71,Python,SPDX
bom,,https://github.com/pombredanne/gitlab.com-hoppr-hoppr-cyclonedx-models,[],[],MIT license,0,2,0,,,0.0,,4.0,0,0,0,0,144,Python,SPDX
bom,,https://github.com/philipwig/ledcube,[],[],,0,1,0,1.0,First Release,0.0,,,0,0,0,0,46,HTML,SPDX
tools-golang,,https://github.com/swinslow/peridot-agents,[],[],,0,2,0,,,0.0,,,0,0,0,0,11,Go,SPDX
bom,This is mescep,https://github.com/MrWenBo/mescep,[],[],,0,2,1,,,0.0,,,0,0,0,0,2,Java,SPDX
tools-java,Generates Java source files from the SPDX spec version 3+ suitable for inclusion in the SPDX Java Library,https://github.com/goneall/spdx-model-to-java,[],[],Apache-2.0 license,0,1,0,,,0.0,,,0,0,0,0,15,Java,SPDX
bom,Builder and tools for GOSH,https://github.com/gosh-sh/gosh-build-tools,[],[],,0,6,0,3.0,Version: 0.1.1,0.0,,4.0,0,0,0,8,157,Rust,SPDX
bom,My personal NUR repository,https://github.com/06kellyjac/nur-packages,[],[],MIT license,0,3,0,,,0.0,,2.0,0,0,3,19,200,Nix,SPDX
bom,,https://github.com/dhercher/beam-old,[],[],Apache-2.0 license,0,1,0,,,0.0,,677.0,0,0,1,0,"29,100",Java,SPDX
spdx-maven-plugin,Detects the licenses of a software and checks them for compatibility.,https://github.com/OpenTOSCA/license-engine,[],[],Apache-2.0 license,0,22,0,,,0.0,,2.0,0,0,0,4,41,Java,SPDX
spdx-maven-plugin,Utility that produces an SPDX report representing a Hub project/version's BOM,https://github.com/zvr/hub-spdx,[],[],Apache-2.0 license,0,2,0,,,0.0,,,0,0,0,0,132,Java,SPDX
sbom-tool,A toolkit project for the BeSecure community contributors. Various tools and utilities that accelerates the contributions to community is available here,https://github.com/Be-Secure/BeS-dev-kit,[],[],Apache-2.0 license,0,2,5,6.0,Release 0.0.7,0.0,,4.0,4,15,0,34,79,Python,SPDX
bom,,https://github.com/ep-infosec/36_linkedin_beam,[],[],,0,2,0,,,0.0,,,0,0,0,0,1,Java,SPDX
ort,,https://github.com/maxhbr/benchmark,[],[],,0,2,1,,,0.0,,2.0,0,0,0,1,29,Shell,SPDX
bom,,https://github.com/ep-infosec/33_apache_beam,[],[],,0,2,0,,,0.0,,,0,0,0,0,1,Java,SPDX
bom,,https://github.com/samuelmoss572/dataflowworkshop,[],[],Apache-2.0 license,0,2,0,,,0.0,,469.0,0,0,11,13,"22,614",Java,SPDX
sbom-tool,TS starter template,https://github.com/kolaczyn/typescript-template,[],"['template', 'typescript', 'eslint', 'preconfigured-starter-templates', 'vitest']",,0,0,0,,,0.0,,2.0,0,2,0,39,68,TypeScript,SPDX
tools-python,A Python library for comparing Software Bill of Materials (SBOM) files with customizable and extendable rules.,https://github.com/williamfzc/sbom-rule-diff,[],[],MIT license,0,1,0,,,0.0,,,0,0,0,0,2,Python,SPDX
bom,Uber : Тестовая инфраструктура для проекта Kubernetes.,https://github.com/gridgentoo/uber-kubernetes-test-infra,[],[],Apache-2.0 license,0,1,0,,,0.0,,1099.0,0,0,0,0,"51,783",Go,SPDX
tools-golang,Bazel rules to manage installation of .deb archives from Debian APT repositories.,https://github.com/mmogylenko/rules_deb_packages,[],"['bazel', 'bazel-rules']",View license,0,1,0,2.0,v0.0.2,0.0,,,1,0,0,3,2,Go,SPDX
tools-python,An early WIP library for handling Opossum files with Python,https://github.com/opossum-tool/opossum.lib.py,[],[],Apache-2.0 license,0,2,7,,,0.0,,6.0,14,24,1,54,130,Python,SPDX
bom,Some code to get per SIG/WG/Committee unique review/approver count in the Kubernetes community,https://github.com/MadhavJivrajani/owners-counts,[],[],Apache-2.0 license,0,2,0,,,0.0,,,0,0,0,0,5,Go,SPDX
bom,,https://github.com/Prow-Cluster-Bot/prow-config,[],[],,0,0,0,,,0.0,,,0,0,0,0,15,Jsonnet,SPDX
spdx-sbomgenerator,Ansible role for setting up beslab,https://github.com/Be-Secure/ansible-role-oah-beslab,[],[],Apache-2.0 license,0,2,1,,,0.0,,,0,0,0,1,2,,SPDX
sbom-tool,,https://github.com/actions-marketplace-validations/philips-software_post-to-medium-action,[],[],MIT license,0,0,0,,,0.0,,3.0,0,0,0,0,57,C#,SPDX
tools-golang,QMSTR compliance tool,https://github.com/fullsushidev/qmstr-1,[],[],GPL-3.0 license,0,0,0,,,0.0,,11.0,0,0,0,0,"1,206",Go,SPDX
tools-golang,,https://github.com/Exynos-AOSP-Master/android_build,[],[],,0,0,0,,,0.0,,555.0,0,0,0,0,"85,435",Makefile,SPDX
tools-golang,,https://github.com/AOSP-14-RMX2020/platform_build,[],[],,0,0,0,,,0.0,,566.0,0,0,0,0,"85,319",Makefile,SPDX
tools-golang,A stacker companion SBOM generator library and tool,https://github.com/project-stacker/stacker-bom,[],[],Apache-2.0 license,0,2,1,5.0,v0.0.5,0.0,,,0,0,5,45,22,Go,SPDX
sbom-tool,,https://github.com/mluker/artifact-signing,[],[],,0,1,0,,,0.0,,,0,0,0,0,15,Shell,SPDX
sbom-tool,,https://github.com/mluker/secure-supply-chain,[],[],,0,1,0,,,0.0,,,0,0,0,0,8,Shell,SPDX
sbom-tool,Some docker templates to work with kubernetes/docker etc.,https://github.com/ds2/docker-templates,[],[],,0,2,0,,,0.0,,4.0,1,0,7,149,393,Shell,SPDX
tools-python,Generating Software Bill-of-Materials (SBOM) for CPython release artifacts,https://github.com/sethmlarson/cpython-sbom,[],[],CC0-1.0 license,0,1,0,,,,,,1,0,0,0,3,Python,SPDX
sbom-tool,mharmony.io is my personal website!,https://github.com/MHarmony/mharmony.io,[],[],,0,1,0,2.0,v1.1.0,,,,0,0,0,0,17,TypeScript,SPDX
sbom-tool,,https://github.com/yuuki1967/https-gintro-to-dotnet-web-dev,[],[],MIT license,0,1,0,,,0.0,,11.0,0,0,0,0,105,C#,SPDX
tools-golang,,https://github.com/swinslow/cncf-exceptions-maker,[],[],Apache-2.0 license,0,2,0,,,0.0,,,1,0,0,0,2,Go,SPDX
sbom-tool,,https://github.com/aasim/Sample2,[],[],,0,1,0,,,0.0,,,0,0,0,0,11,,SPDX
bom,,https://github.com/cuiyeshuai/cilium,[],[],Apache-2.0 license,0,1,0,,,0.0,,,0,0,0,0,"23,197",Go,SPDX
spdx-sbomgenerator,Ansbile role for generating Software Bill of Material for any project,https://github.com/Be-Secure/ansible-role-oah-sbomGenerator,[],[],,0,1,2,,,0.0,,2.0,0,0,0,2,2,,SPDX
bom,,https://github.com/spidernet-io/rocktemplate,[],[],Apache-2.0 license,0,1,1,3.0,Release v0.1.2,6.0,,3.0,5,44,9,267,542,Go,SPDX
ort,,https://github.com/DoktorLenz/anmelde-tool,[],[],View license,0,1,0,,,,,3.0,4,19,7,173,666,Java,SPDX
bom,Shared Midokura DevOps GitHub Actions,https://github.com/midokura/gha-devops,[],"['platform', 'devops', 'actions', 'github-actions', 'terraformed-repo']",,0,19,1,1.0,v1.0.0,,,6.0,0,18,0,18,22,Python,SPDX
tools-python,Modular framework for SBOM generation that gathers file information and analyzes dependencies,https://github.com/LLNL/Surfactant,[],"['python', 'tool', 'static-analysis', 'dependency-analysis', 'dependency-graph', 'python3', 'dependencies', 'spdx', 'hacktoberfest', 'software-composition-analysis', 'software-bill-of-materials', 'sbom', 'cyclonedx', 'sbom-generator']",MIT license,0,2,3,,,0.0,,12.0,10,8,3,26,357,Python,SPDX
Spdx-Java-Library,,https://github.com/spdx/spdx-testbed,[],[],View license,0,8,1,,,0.0,,4.0,16,11,0,30,130,Java,SPDX
spdx-maven-plugin,Parse spdx license expressions into structured object,https://github.com/NodeSecure/licenses-conformance,[],"['nodejs', 'spdx', 'licenses', 'conformance']",MIT license,0,1,2,2.0,v1.2.0,,,8.0,0,3,6,34,58,JavaScript,SPDX
bom,Beam15.0研究,https://github.com/xsm110/Beam15.0,[],[],Apache-2.0 license,0,1,0,,,0.0,,475.0,0,0,12,13,"22,855",Java,SPDX
spdx-maven-plugin,Saving of apache geode protoful from deletion,https://github.com/moleske/geode-protobuf,[],[],,0,2,1,,,0.0,,2.0,0,0,17,140,61,Java,SPDX
